server_type,cooling_type,datacenter_region,time_of_day,workload_intensity,cpu_utilization,memory_utilization,network_throughput_gbps,inlet_temperature_c,cooling_efficiency,power_consumption_kw,carbon_emission_kg,compute_cost_usd,pue,energy_efficiency_class
Compute,Air,APAC,Off-Peak,0.369,31.054,60.041,18.391,24.524,0.883,58.524,34.783,3.788,1.594,Low
Edge,Air,NA,Off-Peak,0.185,34.425,57.542,8.076,21.944,0.951,59.946,21.333,6.735,1.473,Medium
GPU,Air,NA,Night,0.214,17.188,32.198,5.057,19.726,0.961,139.775,58.925,16.039,1.619,Low
Storage,Liquid,EU,Peak,0.263,29.659,58.685,12.704,20.036,0.959,76.223,19.714,14.194,1.454,Medium
Compute,Air,EU,Off-Peak,0.283,23.086,50.79,18.46,25.29,0.923,102.655,25.609,18.259,1.394,High
Compute,Hybrid,APAC,Off-Peak,0.318,26.033,79.909,10.717,21.863,0.814,74.389,42.997,6.241,1.565,Low
Compute,Air,ME,Night,0.33,29.531,81.373,6.1,21.836,0.955,52.661,26.935,2.319,1.629,Low
GPU,Liquid,NA,Off-Peak,0.51,39.918,65.142,8.47,15.0,0.906,88.206,34.929,10.636,1.363,High
Storage,Liquid,APAC,Off-Peak,0.559,50.438,37.596,9.151,20.142,0.999,47.184,32.469,3.487,1.316,High
GPU,Liquid,NA,Peak,0.378,30.311,46.006,7.912,17.684,0.971,141.743,56.853,18.002,1.559,Medium
Compute,Hybrid,EU,Off-Peak,0.917,69.964,73.192,13.609,17.754,0.876,84.106,20.867,13.994,1.39,High
Edge,Liquid,NA,Night,0.598,46.423,53.635,26.404,16.821,1.0,80.838,30.919,10.033,1.198,High
GPU,Hybrid,NA,Night,0.809,65.744,66.71,12.983,23.956,0.791,109.564,45.976,12.825,1.779,Low
Compute,Air,NA,Off-Peak,0.932,75.581,98.0,19.592,24.477,0.919,95.739,38.381,11.5,1.671,Low
Compute,Liquid,NA,Peak,0.247,28.091,52.907,24.097,17.163,0.96,67.552,26.442,8.715,1.374,High
Compute,Air,APAC,Night,0.485,38.892,65.33,20.817,27.7,0.744,72.914,44.471,5.468,1.756,Low
Compute,Air,APAC,Peak,0.49,41.246,69.069,16.595,21.986,0.814,64.597,37.879,4.815,1.495,Medium
Storage,Air,ME,Peak,0.419,32.239,48.899,8.117,28.261,0.89,42.673,24.692,2.173,1.559,Medium
Storage,Air,EU,Off-Peak,0.108,22.511,47.239,28.092,27.239,0.853,58.705,12.193,10.045,1.496,Medium
Compute,Air,NA,Peak,0.834,67.713,67.535,13.885,25.538,0.676,85.173,36.126,9.962,1.382,Medium
Storage,Air,NA,Night,0.2,24.418,60.813,9.264,17.177,0.652,49.331,18.492,5.17,1.537,Low
Compute,Air,NA,Off-Peak,0.996,75.965,88.096,26.577,23.416,0.78,78.206,31.49,9.553,1.419,Medium
Compute,Hybrid,NA,Off-Peak,0.796,59.399,54.301,9.021,20.765,0.972,75.813,32.022,9.166,1.512,Medium
Compute,Air,EU,Off-Peak,0.622,50.201,67.612,11.472,17.268,0.846,104.002,28.111,18.898,1.735,Low
Storage,Liquid,EU,Off-Peak,0.239,36.327,15.209,7.981,18.01,1.0,53.901,11.102,10.531,1.05,High
GPU,Air,NA,Off-Peak,0.564,46.2,65.246,12.966,19.122,0.895,143.858,56.449,17.457,1.215,High
Compute,Hybrid,NA,Peak,0.335,33.337,66.842,6.234,22.917,0.854,46.944,18.748,5.581,1.777,Low
Storage,Hybrid,NA,Off-Peak,0.327,35.496,63.844,15.594,23.136,0.863,49.142,15.932,5.477,1.331,High
Storage,Liquid,NA,Peak,0.847,60.927,98.0,12.972,20.432,1.0,89.43,39.45,10.874,2.476,High
Compute,Liquid,NA,Peak,0.443,39.982,54.069,15.945,24.551,1.0,72.827,27.905,8.518,1.397,High
Storage,Air,APAC,Off-Peak,0.506,52.466,59.863,8.619,24.465,0.67,56.328,31.018,4.511,1.765,Low
Compute,Hybrid,NA,Peak,0.859,66.296,68.907,10.544,20.262,0.747,97.444,39.861,12.277,1.777,Low
Compute,Hybrid,APAC,Night,0.179,33.849,66.265,10.735,16.927,0.683,76.32,44.415,5.648,1.296,Medium
Edge,Hybrid,NA,Off-Peak,0.635,58.253,94.252,24.778,24.782,0.725,68.165,28.187,8.704,1.87,Low
Edge,Liquid,NA,Night,0.62,59.919,83.582,19.022,16.355,0.93,54.34,21.033,6.376,1.188,High
GPU,Air,APAC,Peak,0.483,46.661,57.057,8.745,33.255,0.903,102.577,59.348,8.106,1.448,Medium
Compute,Hybrid,EU,Night,0.847,66.92,48.223,15.761,15.587,0.72,70.938,15.996,13.086,1.445,Medium
Compute,Air,NA,Peak,0.949,84.604,87.875,16.916,28.418,0.859,87.672,34.913,10.955,1.753,Low
Storage,Liquid,APAC,Peak,0.519,47.08,68.387,5.781,15.767,0.744,70.012,42.663,5.316,1.136,High
Storage,Air,NA,Peak,0.511,45.177,76.334,17.23,15.471,0.888,107.821,42.282,12.298,1.565,Medium
Compute,Hybrid,NA,Off-Peak,0.552,50.408,45.874,5.743,22.426,0.7,79.116,33.2,9.621,1.577,Low
Storage,Air,APAC,Peak,0.751,62.747,59.38,13.8,18.367,0.91,80.742,49.749,7.007,1.33,High
Compute,Air,APAC,Off-Peak,0.701,52.031,54.804,8.188,26.986,0.843,64.694,41.04,5.097,1.675,Low
Edge,Liquid,NA,Peak,0.301,23.846,72.13,9.303,24.81,0.941,52.84,22.072,7.302,1.602,Low
Compute,Liquid,NA,Peak,0.158,18.321,26.913,16.846,18.805,0.939,86.809,38.74,10.621,1.29,High
Storage,Liquid,APAC,Off-Peak,0.954,77.292,53.338,30.455,17.495,0.897,70.699,44.261,6.212,1.533,Medium
Compute,Air,NA,Peak,0.335,33.94,65.561,14.56,18.357,0.66,65.79,27.807,7.72,1.575,Low
Storage,Air,NA,Off-Peak,0.675,53.184,39.153,17.523,18.138,0.787,99.701,39.785,11.881,1.513,Medium
Storage,Liquid,EU,Off-Peak,0.846,67.004,76.005,12.068,15.5,0.981,62.092,17.028,10.847,1.184,High
Compute,Hybrid,ME,Night,0.37,38.537,53.945,10.861,15.315,0.622,79.679,40.688,4.331,1.555,Low
Edge,Hybrid,NA,Peak,0.672,55.45,28.447,13.526,23.544,0.919,64.478,27.326,8.139,1.32,High
GPU,Air,APAC,Night,0.197,19.174,75.116,25.142,25.67,0.827,83.644,49.914,6.779,1.537,Medium
Edge,Hybrid,EU,Off-Peak,0.973,73.027,44.662,11.84,19.823,0.98,76.834,22.969,14.587,1.05,High
GPU,Air,EU,Night,0.152,17.176,66.473,4.591,20.847,0.949,98.28,26.251,18.753,1.156,High
Storage,Liquid,APAC,Peak,0.494,51.273,79.828,6.614,21.758,0.879,66.733,38.751,5.46,1.475,Medium
Edge,Air,ME,Off-Peak,0.583,49.391,71.281,10.319,19.608,0.682,90.309,40.183,5.317,1.457,Medium
Compute,Air,NA,Night,0.811,60.754,85.865,20.456,21.369,0.842,73.096,28.976,8.663,1.498,Medium
Compute,Liquid,NA,Peak,0.209,18.799,36.4,3.958,19.002,1.0,50.2,23.784,5.766,1.217,High
Compute,Liquid,ME,Off-Peak,0.497,40.306,53.393,11.037,24.021,1.0,82.009,40.844,4.402,1.642,Low
Compute,Air,EU,Night,0.37,42.011,80.814,8.992,19.608,0.902,78.965,15.332,13.957,1.329,High
Compute,Air,EU,Off-Peak,0.381,35.359,84.902,10.481,24.001,0.747,67.401,13.753,13.139,1.56,Low
Compute,Air,EU,Peak,0.801,67.2,98.0,11.568,24.411,0.753,88.051,20.922,16.37,1.654,Low
GPU,Liquid,APAC,Off-Peak,0.105,16.935,48.766,44.658,17.858,0.742,118.681,70.907,9.172,1.252,High
Compute,Air,APAC,Peak,0.774,64.169,70.216,11.584,26.294,0.758,88.184,53.465,7.578,1.566,Low
Compute,Air,ME,Night,0.829,68.054,84.846,11.427,19.672,0.734,99.765,46.092,5.768,1.459,Medium
Storage,Liquid,EU,Peak,0.911,67.515,68.228,12.435,20.504,1.0,62.209,16.339,10.82,1.303,High
Compute,Liquid,NA,Peak,0.664,51.917,36.165,22.616,19.988,0.898,150.137,60.659,17.204,1.639,Low
GPU,Liquid,EU,Peak,0.4,33.693,74.158,22.415,27.459,0.883,83.253,19.502,16.196,1.541,Medium
Compute,Liquid,EU,Off-Peak,0.485,39.987,62.333,25.643,18.578,0.975,83.253,21.968,15.181,1.347,High
Edge,Hybrid,EU,Night,0.973,75.414,80.551,19.163,21.151,0.915,67.013,19.251,11.922,1.412,Medium
GPU,Hybrid,EU,Peak,0.893,75.348,85.27,11.276,20.877,0.756,132.549,31.886,24.133,1.32,High
Compute,Hybrid,NA,Peak,0.517,39.903,75.919,23.51,22.068,0.744,61.409,27.053,7.311,1.481,Medium
Compute,Liquid,EU,Peak,0.949,71.261,80.396,18.981,24.207,0.98,77.283,19.134,14.487,1.606,Medium
GPU,Air,EU,Night,0.841,65.496,75.483,20.025,21.84,0.875,107.391,28.284,19.258,1.469,Medium
GPU,Hybrid,APAC,Off-Peak,0.911,69.436,82.783,17.108,26.58,0.724,130.182,78.007,10.651,1.634,Low
GPU,Air,EU,Peak,0.715,64.828,53.667,19.177,23.407,0.907,121.554,29.179,21.788,1.471,Medium
GPU,Air,NA,Off-Peak,0.872,0.499,67.382,15.593,28.733,0.785,126.592,51.458,15.143,1.654,Low
Compute,Air,EU,Peak,0.903,80.757,61.956,13.994,24.868,0.924,82.489,20.222,15.301,1.526,Medium
Compute,Air,APAC,Off-Peak,0.183,27.888,55.959,8.864,22.651,0.927,75.357,47.224,5.906,1.438,Medium
Compute,Hybrid,EU,Peak,0.969,74.219,70.609,14.399,24.316,0.844,107.779,27.021,17.923,1.405,Medium
GPU,Liquid,EU,Night,0.4,40.058,36.352,11.768,16.364,0.919,84.673,25.521,15.979,1.091,High
Storage,Liquid,EU,Night,0.496,46.282,54.681,9.941,19.672,1.0,63.732,16.053,12.045,1.324,High
Compute,Liquid,NA,Off-Peak,0.813,66.452,86.93,18.102,18.592,0.93,98.713,40.805,11.717,1.351,High
Compute,Air,APAC,Off-Peak,0.698,53.811,63.657,9.986,21.217,0.926,99.413,60.75,8.315,1.413,High
Compute,Air,NA,Off-Peak,0.904,71.406,74.891,16.711,22.83,0.873,176.162,71.351,21.086,1.401,Medium
Compute,Liquid,EU,Peak,0.461,42.528,95.722,12.189,15.0,0.983,78.476,18.381,13.751,1.175,High
GPU,Liquid,NA,Off-Peak,0.436,41.142,69.383,7.598,17.086,1.0,96.202,37.768,11.789,1.05,High
Storage,Air,NA,Off-Peak,0.129,11.925,81.523,14.696,24.452,0.747,46.741,18.656,6.018,1.556,Low
GPU,Liquid,EU,Night,0.516,41.49,69.514,19.706,20.887,0.895,93.774,23.016,17.284,1.513,Medium
Storage,Air,EU,Peak,0.752,64.481,63.813,22.922,27.514,0.904,86.488,22.899,16.189,1.474,Medium
Compute,Air,APAC,Off-Peak,0.371,26.617,56.89,17.742,23.562,0.737,65.398,37.572,4.923,1.243,High
GPU,Air,APAC,Off-Peak,0.516,42.868,71.499,10.609,23.074,0.884,100.676,59.541,8.421,1.545,Medium
GPU,Air,APAC,Peak,0.297,25.186,64.042,13.079,24.127,0.932,104.67,62.846,7.644,1.558,Medium
Storage,Hybrid,EU,Off-Peak,0.796,68.592,89.631,12.236,20.799,0.819,73.539,18.059,13.597,1.512,Medium
GPU,Hybrid,EU,Night,0.154,12.81,94.777,17.445,20.821,0.944,85.208,22.286,15.877,1.225,High
Storage,Air,EU,Night,0.735,67.792,84.686,9.278,18.698,0.923,86.212,21.818,16.295,1.155,High
Storage,Liquid,EU,Off-Peak,0.441,42.156,66.63,19.47,18.851,0.851,71.236,16.578,13.412,1.542,Medium
Storage,Liquid,EU,Peak,0.137,19.666,66.294,4.525,24.029,0.959,55.631,14.737,10.299,1.692,Low
Compute,Air,ME,Night,0.868,65.67,80.862,29.905,23.359,0.75,105.123,49.125,4.819,2.204,Low
Compute,Air,NA,Off-Peak,0.539,50.111,69.783,31.11,24.089,0.84,68.531,29.395,9.15,1.733,Low
Compute,Hybrid,ME,Peak,0.639,59.51,61.722,9.955,20.157,0.751,96.565,46.518,5.185,1.361,Medium
Storage,Liquid,NA,Peak,0.759,58.725,62.759,11.574,24.066,1.0,130.406,54.622,15.42,1.492,Medium
Compute,Hybrid,NA,Peak,0.69,62.956,74.202,19.211,17.01,0.776,84.108,35.07,9.048,1.374,Medium
Storage,Air,NA,Peak,0.758,62.713,56.269,15.052,22.964,0.974,71.382,31.486,8.075,1.344,High
Edge,Liquid,EU,Off-Peak,0.786,66.768,69.736,10.003,19.892,0.979,86.326,22.811,15.373,1.407,High
Compute,Air,NA,Peak,0.63,53.575,92.455,32.538,27.503,0.8,76.852,31.927,8.481,1.68,Low
Storage,Air,APAC,Peak,0.429,47.156,45.433,8.116,23.545,0.902,54.743,33.838,3.621,1.302,High
GPU,Liquid,APAC,Peak,0.319,26.531,54.8,11.021,22.404,1.0,74.453,47.155,5.822,1.224,High
Compute,Air,EU,Off-Peak,0.913,68.616,68.216,45.861,19.909,0.812,73.858,16.939,13.391,1.408,Medium
Compute,Air,EU,Peak,0.973,73.091,90.64,15.816,26.202,0.823,231.894,57.974,41.741,1.372,Medium
Compute,Air,ME,Peak,0.422,45.072,70.286,10.328,28.239,0.784,65.287,32.508,3.953,1.7,Low
Compute,Air,APAC,Peak,0.201,20.04,72.048,4.427,24.827,0.88,82.758,50.041,5.984,1.545,Medium
Edge,Liquid,EU,Off-Peak,0.3,23.748,78.348,15.924,23.489,1.0,51.108,15.572,9.466,2.356,Medium
GPU,Air,APAC,Peak,0.704,54.498,98.0,26.003,26.041,0.774,101.095,60.998,7.89,1.401,Medium
Storage,Air,EU,Off-Peak,0.256,24.884,32.218,4.473,25.247,0.945,49.634,11.381,8.149,1.476,Medium
GPU,Air,EU,Peak,0.802,61.911,98.0,16.589,25.798,0.753,119.777,28.503,21.915,1.605,Low
GPU,Air,NA,Peak,0.931,81.4,92.189,11.514,18.637,0.894,109.655,43.998,13.047,1.477,Medium
Compute,Liquid,EU,Peak,0.967,78.367,98.0,18.678,24.532,1.0,89.717,22.728,16.643,1.254,High
GPU,Air,NA,Peak,0.108,14.489,52.049,6.042,26.804,0.834,74.837,31.252,9.385,1.827,Low
Storage,Liquid,NA,Peak,0.962,73.573,77.335,30.256,21.439,0.954,138.075,54.348,16.84,1.588,Medium
GPU,Air,EU,Peak,0.766,65.706,55.751,29.162,21.475,0.745,123.105,29.5,21.576,1.489,Medium
GPU,Air,ME,Peak,0.176,21.886,35.501,9.459,24.877,0.719,91.959,44.393,4.063,1.736,Low
Compute,Hybrid,ME,Off-Peak,0.474,34.883,65.234,19.787,20.007,0.862,70.334,33.513,3.17,1.216,High
Compute,Liquid,EU,Peak,0.73,55.112,64.33,33.671,15.239,0.979,88.421,24.198,16.076,1.415,High
Compute,Air,EU,Night,0.961,68.603,71.13,28.988,27.351,0.918,115.199,25.252,20.563,1.565,Medium
Storage,Hybrid,NA,Night,0.248,30.833,48.221,14.242,22.826,0.91,46.438,16.656,4.901,1.754,Low
GPU,Air,EU,Off-Peak,0.215,21.543,66.153,20.647,20.641,0.776,119.233,25.322,21.432,1.551,Low
GPU,Hybrid,NA,Peak,0.525,50.33,69.691,9.422,20.963,0.858,118.484,43.062,14.128,1.545,Medium
Compute,Liquid,NA,Night,0.971,75.282,77.532,13.001,17.69,0.92,83.513,32.1,9.705,1.179,High
Storage,Liquid,EU,Peak,0.974,77.554,62.45,16.254,23.462,0.906,86.649,18.183,15.619,1.418,Medium
Storage,Hybrid,NA,Peak,0.305,1.35,48.102,11.763,22.567,0.943,52.364,20.66,5.734,1.482,Medium
Compute,Air,NA,Peak,0.387,30.175,64.45,12.89,26.085,0.941,65.635,25.78,8.592,1.631,Low
Compute,Liquid,APAC,Night,0.917,77.187,57.653,23.607,15.0,1.0,91.288,53.058,7.418,1.135,High
Compute,Air,NA,Peak,0.761,57.259,75.427,8.411,22.634,0.93,118.041,49.585,13.194,2.294,Medium
Edge,Air,NA,Night,0.975,75.856,57.835,11.373,19.487,0.745,75.301,30.855,8.379,1.587,Low
Compute,Air,NA,Peak,0.904,76.205,90.36,10.861,23.428,0.948,94.987,38.385,10.929,1.572,Medium
Storage,Air,NA,Night,0.294,26.348,51.557,7.747,16.653,0.937,76.2,31.961,8.78,1.289,High
GPU,Liquid,NA,Night,0.784,66.063,93.857,31.283,17.209,1.0,113.331,43.426,13.281,1.185,High
Compute,Liquid,APAC,Night,0.144,26.395,67.065,11.027,21.203,0.982,122.023,74.627,10.141,1.405,High
Edge,Liquid,NA,Off-Peak,0.836,70.454,59.814,17.82,15.839,0.996,75.693,30.444,9.713,1.144,High
Edge,Air,APAC,Night,0.641,58.544,73.484,9.151,19.538,0.765,74.237,43.38,5.969,1.079,High
Compute,Air,NA,Night,0.96,82.11,93.112,18.656,18.939,0.714,87.48,39.848,10.053,1.488,Low
Storage,Hybrid,EU,Peak,0.964,72.729,64.043,10.106,19.701,0.886,74.284,15.239,12.657,1.658,Low
Compute,Air,EU,Off-Peak,0.146,16.509,50.654,14.132,15.0,0.774,75.898,17.794,14.254,1.229,High
Compute,Liquid,EU,Off-Peak,0.244,19.488,64.883,26.934,16.818,1.0,81.363,22.749,14.352,1.178,High
Compute,Liquid,EU,Peak,0.536,52.992,82.023,15.653,19.001,0.948,59.922,12.559,10.702,1.493,Medium
Storage,Liquid,ME,Off-Peak,0.892,67.59,71.155,15.321,22.005,0.945,73.813,35.73,5.084,1.568,Medium
Storage,Liquid,NA,Peak,0.833,66.041,77.346,17.208,20.982,0.928,66.675,26.27,7.424,1.476,Medium
Compute,Hybrid,EU,Off-Peak,0.968,73.02,94.844,20.632,23.652,0.799,85.281,20.528,14.713,1.602,Low
Compute,Air,APAC,Peak,0.656,57.564,58.641,18.206,25.033,0.827,78.633,46.336,6.075,1.666,Low
Edge,Hybrid,NA,Peak,0.331,37.526,45.749,10.0,22.094,0.925,43.283,19.955,4.985,1.391,High
Compute,Air,NA,Peak,0.123,19.302,75.003,5.833,30.56,0.724,66.356,26.565,8.152,1.736,Low
Compute,Air,NA,Night,0.301,29.804,70.596,17.136,19.829,0.939,62.051,24.276,7.935,1.309,High
Storage,Air,EU,Peak,0.708,57.449,47.133,10.995,25.184,0.916,74.71,18.765,14.123,1.562,Medium
Edge,Liquid,NA,Night,0.934,66.453,97.594,19.165,15.491,0.939,64.119,25.699,8.131,1.403,High
Compute,Air,NA,Off-Peak,0.389,31.538,73.326,8.199,21.49,0.858,111.84,48.928,13.231,1.704,Low
Storage,Air,EU,Off-Peak,0.888,69.504,79.989,12.67,37.735,0.737,75.739,19.3,13.005,1.613,Low
GPU,Air,EU,Peak,0.455,39.711,62.358,11.186,25.199,0.91,108.792,27.644,19.972,1.369,High
Compute,Hybrid,NA,Peak,0.377,32.03,54.648,7.082,20.007,0.838,73.331,30.272,8.846,1.351,High
GPU,Hybrid,NA,Off-Peak,0.558,49.543,70.733,7.201,21.748,0.878,108.123,40.77,13.821,1.673,Low
Compute,Liquid,EU,Peak,0.498,39.171,81.383,20.87,24.1,1.0,78.811,17.267,13.038,1.475,Medium
Storage,Liquid,ME,Off-Peak,0.922,72.076,60.365,12.944,16.987,0.983,84.972,35.345,3.19,1.398,High
Storage,Air,EU,Night,0.521,41.553,64.902,18.955,18.991,0.873,50.081,16.035,8.869,1.358,High
Storage,Air,APAC,Peak,0.35,34.888,75.214,14.975,23.089,0.812,60.946,35.942,5.301,1.464,Medium
Compute,Hybrid,NA,Off-Peak,0.858,71.71,88.737,19.372,20.273,0.802,119.035,44.906,14.718,1.576,Low
GPU,Air,NA,Night,0.999,72.544,65.299,20.012,22.383,0.912,156.052,62.22,18.033,1.383,High
Compute,Air,EU,Night,0.683,50.874,70.643,26.285,21.123,0.912,70.687,18.015,13.235,1.509,Medium
Compute,Air,APAC,Night,0.325,30.038,54.459,8.003,21.635,0.9,92.181,52.499,7.998,1.61,Low
Compute,Air,EU,Night,0.315,27.114,63.543,23.76,25.14,0.853,76.692,20.003,14.003,1.652,Low
Storage,Air,APAC,Peak,0.152,14.197,61.244,8.083,25.429,0.834,42.903,27.144,3.398,1.635,Low
Storage,Liquid,ME,Night,0.17,19.63,61.187,10.929,19.335,1.0,56.64,31.04,2.155,1.306,High
Compute,Air,NA,Night,0.923,81.116,91.331,25.674,19.37,0.628,81.244,31.745,9.96,1.803,Low
Storage,Liquid,NA,Off-Peak,0.187,16.264,60.32,9.458,20.545,1.0,49.415,19.045,6.599,1.486,Medium
Compute,Air,NA,Peak,0.536,41.167,41.965,14.398,25.953,0.784,93.188,36.225,11.9,1.531,Low
Storage,Air,NA,Off-Peak,0.728,57.448,58.341,11.864,22.203,0.927,63.66,24.226,8.741,1.182,High
Compute,Air,NA,Peak,0.865,72.401,98.0,21.509,25.92,0.75,68.999,28.312,8.46,1.813,Low
Storage,Liquid,APAC,Peak,0.254,26.775,48.719,9.445,16.445,1.0,43.653,23.344,3.586,1.087,High
Compute,Air,NA,Off-Peak,0.494,40.858,72.917,21.151,24.467,0.89,69.049,29.641,7.875,1.218,High
Edge,Liquid,NA,Off-Peak,0.326,1.122,82.509,9.538,15.06,0.833,75.208,31.061,8.6,1.214,High
Compute,Liquid,NA,Off-Peak,0.33,40.531,88.741,32.907,22.961,0.955,70.595,33.16,8.648,1.329,High
Compute,Liquid,ME,Peak,0.373,35.316,65.211,4.528,20.453,0.94,68.159,31.907,3.235,1.331,High
Compute,Air,EU,Off-Peak,0.628,57.645,81.205,14.327,20.774,0.753,83.437,21.673,14.997,1.508,Low
Edge,Air,ME,Peak,0.115,12.167,56.678,2.615,27.274,0.894,65.292,30.53,2.554,1.738,Low
GPU,Air,ME,Peak,0.468,35.156,53.526,15.38,26.186,0.826,120.805,61.921,6.145,1.56,Low
Compute,Liquid,EU,Off-Peak,0.268,35.951,60.273,8.92,19.03,0.859,57.109,14.924,10.761,1.273,High
Storage,Air,NA,Peak,0.97,75.951,64.937,18.185,16.984,0.871,100.656,42.387,11.822,1.555,Medium
GPU,Hybrid,NA,Peak,0.624,48.717,89.201,8.585,25.982,0.76,90.563,34.646,11.062,1.649,Low
Storage,Hybrid,NA,Peak,0.881,65.606,98.0,13.892,23.283,0.802,68.163,26.294,7.977,1.363,Medium
Storage,Air,APAC,Off-Peak,0.276,22.88,64.023,7.771,21.356,0.902,42.569,25.039,3.359,1.343,High
Compute,Air,NA,Off-Peak,0.829,74.121,58.841,27.139,20.101,0.847,91.903,35.861,10.665,1.428,Medium
Compute,Liquid,NA,Peak,0.473,45.257,49.545,21.507,24.804,0.915,61.205,19.369,7.239,1.324,High
GPU,Air,EU,Peak,0.26,30.526,79.597,12.054,26.125,0.685,97.391,20.723,17.493,1.616,Low
Edge,Air,EU,Off-Peak,0.785,65.264,59.473,8.412,27.957,0.803,90.522,22.011,16.776,1.651,Low
Storage,Hybrid,EU,Night,0.786,69.347,46.937,13.315,22.899,0.787,76.413,19.197,13.229,1.441,Medium
Compute,Air,NA,Off-Peak,0.996,86.317,89.9,10.737,23.66,0.862,107.243,46.844,12.646,1.5,Medium
Compute,Hybrid,APAC,Night,0.803,65.12,79.135,13.715,20.358,0.773,79.093,50.284,6.941,1.487,Medium
GPU,Liquid,EU,Off-Peak,0.231,22.518,43.344,3.282,15.0,0.888,82.668,21.6,14.687,1.345,High
GPU,Liquid,NA,Off-Peak,0.39,45.128,61.967,32.318,21.13,0.945,107.065,41.596,12.431,1.417,High
GPU,Air,APAC,Night,0.507,39.236,78.738,9.178,21.509,0.726,110.342,66.271,8.583,1.689,Low
GPU,Air,ME,Off-Peak,0.214,28.241,69.412,17.739,22.941,0.887,120.3,60.546,6.528,1.527,Medium
Storage,Liquid,NA,Night,0.809,70.132,67.072,17.167,15.68,1.0,76.977,29.053,9.508,1.316,High
Compute,Air,NA,Off-Peak,0.574,50.565,54.369,22.632,25.163,0.984,99.255,38.4,13.485,1.543,Medium
Compute,Air,EU,Night,0.95,72.968,63.988,33.637,19.48,0.913,75.262,18.755,13.082,1.529,Medium
GPU,Air,NA,Off-Peak,0.63,61.616,72.215,18.368,19.771,0.984,107.262,40.88,12.947,1.05,High
Storage,Air,APAC,Night,0.571,48.579,79.534,17.054,18.096,0.863,73.291,43.749,6.086,1.34,High
Compute,Air,NA,Peak,0.164,14.0,65.81,8.78,21.447,0.902,53.129,20.607,6.422,1.354,High
Compute,Liquid,APAC,Off-Peak,0.234,25.586,43.101,21.755,21.891,0.81,73.827,48.378,6.057,1.436,Medium
Storage,Air,EU,Night,0.865,75.562,81.712,17.21,19.733,0.86,70.131,18.81,13.72,1.175,High
Compute,Air,EU,Peak,0.992,79.232,52.839,13.03,24.736,0.895,87.857,29.045,15.623,1.389,High
Compute,Liquid,NA,Off-Peak,0.474,41.0,88.243,8.539,23.094,0.964,74.753,26.802,8.914,1.514,Medium
Storage,Hybrid,NA,Night,0.829,67.162,97.579,40.996,16.108,0.812,92.431,37.99,10.976,1.491,Medium
Storage,Air,NA,Peak,0.665,51.425,66.616,12.717,21.622,0.811,78.306,31.294,8.971,1.514,Medium
Storage,Air,NA,Off-Peak,0.963,72.03,64.779,22.66,23.494,0.91,81.931,28.621,8.628,1.303,High
Compute,Liquid,NA,Off-Peak,0.314,23.445,69.32,7.522,17.426,1.0,57.951,22.341,6.483,1.079,High
GPU,Hybrid,APAC,Off-Peak,0.59,46.186,58.864,19.629,24.053,0.837,105.485,63.542,9.091,1.587,Low
Compute,Liquid,NA,Peak,0.468,50.63,49.347,8.011,20.545,0.99,75.884,30.025,8.507,1.235,High
Compute,Liquid,APAC,Peak,0.588,48.974,41.383,18.189,18.757,0.873,63.851,40.491,5.174,1.641,Low
GPU,Air,EU,Peak,0.342,32.001,82.271,10.425,22.981,0.959,140.03,34.355,25.208,1.481,Medium
Storage,Liquid,APAC,Peak,0.548,49.175,79.177,18.277,23.474,1.0,93.303,61.709,7.589,1.511,Medium
GPU,Air,ME,Peak,0.662,49.752,59.937,13.068,24.072,0.897,96.693,47.953,4.486,1.394,High
Storage,Liquid,NA,Off-Peak,0.173,21.689,65.873,9.323,20.136,0.957,56.111,18.679,8.053,1.461,Medium
Storage,Liquid,APAC,Off-Peak,0.769,61.033,64.12,12.607,16.546,1.0,69.79,40.883,5.888,1.387,High
Compute,Hybrid,EU,Off-Peak,0.736,53.073,66.074,10.243,17.984,0.884,81.009,21.315,14.45,1.212,High
Compute,Air,APAC,Peak,0.892,80.124,66.383,11.165,22.337,0.893,101.009,58.091,8.397,1.266,High
Compute,Air,EU,Off-Peak,0.483,50.271,77.151,26.614,20.839,0.9,76.581,17.566,13.02,1.612,Low
Compute,Liquid,EU,Peak,0.156,20.898,52.419,3.917,22.717,0.922,101.875,29.574,18.501,1.553,Medium
Edge,Liquid,NA,Night,0.515,49.044,54.028,21.538,15.0,0.882,71.052,27.029,9.184,1.28,High
Compute,Liquid,NA,Off-Peak,0.224,26.752,45.53,10.907,15.565,1.0,68.286,31.522,8.003,2.54,High
GPU,Air,EU,Night,0.683,49.477,48.843,13.268,22.848,0.741,101.333,26.058,18.642,1.509,Low
Storage,Air,ME,Peak,0.142,26.934,62.11,9.5,26.323,0.725,55.15,25.461,2.823,1.455,Medium
GPU,Liquid,APAC,Off-Peak,0.437,1.451,42.87,20.912,20.72,1.0,148.688,86.281,12.915,1.245,High
Storage,Air,NA,Off-Peak,0.175,21.32,77.313,9.769,19.443,0.86,59.534,25.071,6.577,1.554,Medium
Storage,Hybrid,APAC,Night,0.103,9.652,62.66,10.818,18.891,0.663,52.445,31.942,5.111,1.357,Medium
Storage,Air,APAC,Off-Peak,0.965,68.75,32.429,22.406,18.099,0.906,74.229,42.154,5.823,1.318,High
Compute,Liquid,NA,Off-Peak,0.997,75.032,67.004,14.407,15.0,0.795,94.817,40.373,11.432,1.376,Medium
GPU,Liquid,NA,Peak,0.6,58.065,51.634,16.09,19.875,0.883,123.783,48.683,15.374,1.429,Medium
Compute,Liquid,NA,Off-Peak,0.315,37.046,27.666,14.133,19.791,0.932,78.723,30.344,9.495,1.41,High
Compute,Air,APAC,Peak,0.92,70.726,86.468,18.112,28.093,0.829,76.337,44.005,6.506,1.371,Medium
Storage,Hybrid,APAC,Peak,0.931,69.983,82.027,14.982,21.734,0.622,96.903,58.369,7.334,1.641,Low
Compute,Air,NA,Peak,0.869,68.582,88.017,11.26,26.483,0.862,81.133,32.751,9.583,1.652,Low
Edge,Liquid,NA,Night,0.59,52.962,70.02,13.237,15.0,0.84,65.607,29.091,8.473,1.228,High
Edge,Air,APAC,Peak,0.167,13.668,75.733,14.244,29.173,0.741,51.31,32.976,4.718,1.42,Medium
Edge,Air,ME,Night,0.18,28.165,66.559,15.232,23.255,0.871,57.381,25.808,2.794,1.502,Medium
Compute,Air,APAC,Night,0.907,69.934,88.861,15.993,18.804,0.9,70.766,40.191,4.773,1.542,Medium
Compute,Air,EU,Night,0.888,69.885,83.653,22.651,19.741,0.87,108.491,28.069,19.509,1.316,High
Edge,Hybrid,NA,Night,0.491,42.307,77.769,5.546,19.674,0.839,56.66,19.464,6.942,1.553,Low
Storage,Air,EU,Night,0.395,43.094,73.273,6.877,19.425,0.914,68.369,18.868,12.918,1.05,High
Edge,Liquid,NA,Peak,0.68,59.85,61.378,18.313,17.812,0.769,57.428,22.349,7.37,1.62,Low
Edge,Hybrid,APAC,Peak,0.826,70.453,45.162,28.335,23.891,0.847,73.129,46.179,6.437,1.686,Low
GPU,Air,NA,Off-Peak,0.759,57.62,79.628,17.497,23.066,0.867,105.283,45.275,12.391,1.635,Low
Compute,Liquid,APAC,Off-Peak,0.654,46.682,62.232,9.481,17.283,0.963,76.03,45.446,5.753,1.199,High
Compute,Air,NA,Peak,0.308,30.179,43.649,8.353,34.847,0.88,53.854,25.779,6.766,1.49,Medium
GPU,Air,APAC,Off-Peak,0.336,27.877,60.568,17.659,18.43,0.945,117.074,67.996,9.583,1.614,Low
Compute,Air,NA,Off-Peak,0.752,59.458,67.232,18.16,34.085,0.911,123.203,49.684,14.17,1.633,Low
Compute,Hybrid,EU,Night,0.822,63.52,80.006,17.204,19.578,0.863,102.777,27.023,18.29,1.212,High
Storage,Air,EU,Off-Peak,0.205,17.654,72.312,22.349,20.31,0.924,57.696,13.527,9.843,1.374,High
Edge,Liquid,NA,Off-Peak,0.269,28.418,66.105,11.489,15.0,0.983,46.562,15.956,6.234,1.478,Medium
Storage,Liquid,ME,Off-Peak,0.712,61.853,64.178,16.419,20.534,0.949,57.426,31.737,3.389,1.35,High
Storage,Hybrid,EU,Off-Peak,0.45,41.33,32.436,13.407,18.67,0.715,93.448,20.557,17.713,1.388,Medium
Compute,Air,EU,Night,0.607,58.998,59.926,27.168,22.662,0.925,87.968,22.457,16.294,1.28,High
Storage,Liquid,APAC,Peak,0.653,58.312,68.552,21.151,23.63,1.0,63.499,37.276,5.603,1.357,High
Edge,Liquid,APAC,Off-Peak,0.799,62.003,98.0,11.48,24.822,0.966,68.507,38.989,5.967,1.687,Low
Compute,Liquid,EU,Off-Peak,0.825,61.502,51.195,21.496,15.0,0.967,73.015,19.093,12.707,1.068,High
Storage,Hybrid,ME,Off-Peak,0.352,37.222,30.958,29.675,23.158,0.795,50.327,27.137,2.5,1.577,Low
GPU,Hybrid,NA,Peak,0.587,48.474,75.249,7.811,20.433,0.683,109.674,46.632,12.622,1.47,Low
GPU,Air,NA,Peak,0.211,24.416,59.835,5.673,26.733,0.883,86.665,35.35,10.261,1.673,Low
Storage,Air,EU,Peak,0.858,71.304,59.479,12.277,25.658,0.859,77.901,23.79,13.919,1.334,High
GPU,Air,NA,Peak,0.861,72.665,83.265,38.839,29.706,0.687,112.7,47.96,12.898,1.686,Low
Compute,Air,EU,Night,0.37,30.238,43.835,19.185,22.277,0.964,60.285,16.359,10.646,1.379,High
Compute,Air,NA,Off-Peak,0.245,28.114,95.324,9.16,26.794,0.663,57.289,22.495,7.029,1.454,Medium
GPU,Air,EU,Peak,0.163,24.07,72.831,6.115,25.007,0.745,108.803,30.038,19.946,1.483,Medium
GPU,Air,APAC,Peak,0.617,47.875,81.139,11.91,22.324,0.795,106.573,68.106,8.879,1.524,Low
GPU,Hybrid,EU,Peak,0.182,20.382,62.283,14.156,30.134,0.597,82.622,17.843,14.219,1.752,Low
Edge,Air,ME,Night,0.713,56.496,74.416,10.757,22.012,0.739,62.842,32.432,3.021,1.398,Medium
Storage,Hybrid,APAC,Off-Peak,0.71,64.93,63.249,16.036,19.817,0.87,85.109,49.171,6.879,1.572,Low
Storage,Air,NA,Night,0.653,64.435,74.298,30.955,19.232,0.758,71.279,29.53,8.484,1.587,Low
GPU,Liquid,NA,Peak,0.889,63.269,77.803,19.248,23.943,1.0,129.663,51.34,15.673,1.331,High
Storage,Hybrid,NA,Night,0.44,33.6,83.795,25.199,15.0,0.925,59.553,21.921,6.823,1.383,High
GPU,Air,APAC,Peak,0.912,72.235,72.388,22.406,20.905,0.69,124.193,76.959,9.858,1.289,High
GPU,Air,NA,Peak,0.133,16.814,61.473,10.346,24.793,0.936,87.015,34.678,11.026,1.525,Medium
GPU,Air,NA,Peak,0.201,27.17,41.845,4.508,18.638,0.766,120.028,49.672,14.811,1.48,Medium
Compute,Air,ME,Off-Peak,0.471,54.289,78.465,22.911,20.532,0.727,106.682,54.478,5.037,1.552,Low
Compute,Hybrid,EU,Peak,0.635,64.989,69.524,15.972,23.028,0.861,85.861,18.125,15.075,1.685,Low
Compute,Hybrid,NA,Off-Peak,0.129,13.636,63.887,6.753,23.825,0.759,56.379,24.825,7.139,1.298,High
Storage,Air,NA,Night,0.611,52.487,77.804,13.845,23.936,0.773,69.826,27.895,8.201,1.618,Low
Compute,Air,APAC,Peak,0.377,37.836,69.424,14.27,26.921,0.901,70.046,43.216,5.992,1.507,Medium
Storage,Air,APAC,Peak,0.898,76.3,65.665,24.549,19.999,0.856,84.445,51.918,6.932,1.363,High
Storage,Air,NA,Night,0.58,45.092,84.352,11.453,17.531,0.785,51.229,22.554,5.389,1.315,High
Compute,Liquid,EU,Off-Peak,0.629,53.786,73.988,10.462,18.293,0.824,89.475,21.635,16.854,1.328,High
Storage,Air,APAC,Night,0.951,69.37,72.821,15.395,24.36,0.88,72.583,45.888,5.836,1.443,Medium
Compute,Liquid,APAC,Peak,0.788,68.114,81.299,29.98,23.103,0.759,92.792,52.174,7.789,1.354,Medium
Compute,Air,APAC,Peak,0.494,43.202,72.408,6.558,25.447,0.965,68.127,41.255,5.285,1.384,High
GPU,Air,EU,Peak,0.529,47.708,59.379,12.503,18.711,0.843,99.742,21.756,17.843,1.521,Medium
Compute,Liquid,ME,Night,0.683,55.255,84.719,9.345,19.308,0.778,88.39,41.338,5.123,1.46,Medium
Compute,Air,NA,Night,0.28,24.411,76.628,16.471,19.29,0.943,55.31,24.556,6.276,1.517,Medium
Storage,Hybrid,NA,Night,0.18,20.855,23.528,29.924,16.78,0.764,46.321,21.358,6.623,1.357,Medium
GPU,Hybrid,APAC,Off-Peak,0.38,35.363,45.522,28.617,23.269,0.795,97.336,54.61,8.516,1.719,Low
Compute,Air,EU,Night,0.801,67.342,49.983,19.658,18.735,0.835,101.022,24.604,19.003,1.748,Low
Storage,Air,APAC,Off-Peak,0.332,32.528,39.034,11.105,23.667,0.757,50.789,30.564,4.305,1.471,Medium
Compute,Hybrid,NA,Off-Peak,0.218,18.763,76.071,29.036,21.519,0.822,67.061,27.065,8.631,1.446,Medium
Compute,Hybrid,APAC,Night,0.297,22.65,47.997,3.663,24.535,0.822,46.829,23.445,4.295,1.616,Low
Storage,Hybrid,NA,Peak,0.711,64.54,83.56,14.467,21.506,0.833,68.486,28.298,7.832,1.441,Medium
Storage,Air,EU,Peak,0.653,57.281,74.536,38.153,27.36,0.822,68.585,21.826,12.497,1.527,Medium
Storage,Hybrid,NA,Peak,0.719,54.835,73.469,13.185,19.507,0.802,115.373,44.478,14.583,1.518,Medium
GPU,Air,EU,Off-Peak,0.39,34.61,54.477,8.568,23.473,0.798,88.842,21.592,15.606,1.742,Low
Edge,Liquid,APAC,Peak,0.911,71.914,61.138,10.921,19.88,0.939,190.033,114.02,15.203,1.32,High
Storage,Hybrid,NA,Peak,0.507,47.035,53.211,37.313,23.449,0.843,51.775,18.154,6.517,1.518,Medium
Compute,Air,NA,Night,0.562,48.199,75.302,10.381,21.719,0.568,82.998,30.28,9.784,1.686,Low
GPU,Hybrid,EU,Peak,0.954,81.417,78.795,28.297,26.614,0.933,119.392,29.219,21.965,2.407,Medium
Compute,Air,APAC,Peak,0.981,73.427,30.962,13.119,25.383,0.893,74.851,46.358,6.195,1.239,High
Storage,Hybrid,NA,Off-Peak,0.695,50.363,89.215,29.678,18.259,0.891,89.711,36.317,11.251,1.521,Medium
Compute,Air,NA,Night,0.95,77.349,70.103,19.703,16.166,0.922,99.671,41.094,12.137,1.42,Medium
Compute,Hybrid,NA,Peak,0.587,45.901,68.568,8.847,21.269,0.892,70.687,27.23,7.251,1.302,High
Edge,Air,ME,Off-Peak,0.377,29.429,74.058,13.119,26.06,0.72,73.316,37.149,3.694,1.76,Low
GPU,Liquid,NA,Peak,0.384,35.416,45.037,11.212,22.713,0.892,96.498,35.425,10.654,1.554,Medium
Storage,Liquid,NA,Off-Peak,0.603,0.682,44.703,9.721,17.955,1.0,59.507,22.163,7.264,1.27,High
Storage,Air,APAC,Peak,0.645,52.032,54.81,7.403,23.23,0.885,84.882,48.616,6.495,1.463,Medium
Compute,Air,EU,Peak,0.496,0.192,82.836,19.889,24.509,0.768,88.386,22.224,17.021,1.523,Low
Compute,Liquid,NA,Off-Peak,0.895,76.92,73.129,26.059,15.356,0.884,78.769,32.453,8.962,1.05,High
Compute,Air,ME,Night,0.484,41.969,81.116,18.236,21.962,0.866,76.065,39.619,4.129,1.371,High
Storage,Liquid,EU,Off-Peak,0.346,47.069,24.932,12.321,37.149,0.892,65.147,17.121,11.895,1.389,High
GPU,Air,EU,Night,0.107,11.669,54.241,22.332,25.44,0.716,113.342,29.386,20.513,1.666,Low
Storage,Hybrid,NA,Off-Peak,0.974,72.803,56.535,12.074,23.426,0.954,75.878,31.087,8.078,1.354,High
Compute,Air,APAC,Peak,0.842,68.264,87.349,13.85,18.665,0.896,78.56,48.815,5.961,1.456,Medium
Edge,Air,NA,Peak,0.654,49.077,61.508,9.699,28.288,0.83,71.682,28.887,9.237,1.78,Low
GPU,Air,NA,Night,0.847,72.507,55.868,13.644,21.916,0.886,137.394,54.229,16.557,1.57,Low
Storage,Air,NA,Off-Peak,0.829,66.549,66.474,31.926,22.419,0.726,70.868,27.425,9.439,1.566,Low
Storage,Air,APAC,Night,0.939,68.665,48.034,17.085,21.464,0.867,86.5,53.247,6.572,1.358,High
Storage,Air,EU,Peak,0.447,40.093,64.35,10.909,25.723,0.855,63.532,15.814,11.492,1.555,Low
Compute,Hybrid,EU,Peak,0.599,42.84,49.263,34.926,25.123,0.884,60.212,15.15,10.565,1.322,High
Compute,Liquid,NA,Peak,0.189,15.733,41.714,10.606,19.56,1.0,77.864,30.271,9.931,1.187,High
GPU,Liquid,EU,Peak,0.969,78.372,73.98,35.924,23.651,0.908,116.107,26.765,20.578,1.797,Low
Compute,Air,APAC,Peak,0.987,75.981,42.194,24.668,33.179,0.696,80.567,48.064,6.974,1.646,Low
Compute,Liquid,NA,Off-Peak,0.81,67.743,65.576,21.939,15.874,0.976,85.905,35.058,11.258,1.128,High
Compute,Air,APAC,Off-Peak,0.509,41.781,56.529,15.874,21.032,0.853,212.462,127.477,16.997,1.571,Low
Compute,Liquid,NA,Peak,0.547,49.382,85.733,13.691,20.879,1.0,71.21,28.619,9.188,1.598,Medium
GPU,Air,APAC,Peak,0.492,49.567,75.08,7.149,20.732,0.962,98.838,57.408,7.531,1.212,High
GPU,Air,NA,Off-Peak,0.364,39.877,50.07,16.512,22.506,0.907,97.524,36.613,12.029,1.347,High
Storage,Air,EU,Off-Peak,0.575,46.714,53.356,17.808,25.874,0.758,85.192,18.507,15.503,1.779,Low
Compute,Hybrid,ME,Off-Peak,0.148,15.082,63.765,13.634,20.874,0.809,45.542,17.306,2.351,1.358,Medium
Storage,Air,ME,Off-Peak,0.993,71.862,74.589,21.678,19.102,0.799,64.273,31.7,2.368,1.358,Medium
Storage,Liquid,NA,Night,0.482,39.486,84.596,10.112,19.758,1.0,71.621,27.948,7.468,1.518,Medium
Compute,Air,EU,Off-Peak,0.935,72.744,76.889,24.526,23.953,0.9,97.217,24.483,16.969,1.401,High
Storage,Liquid,NA,Night,0.752,63.0,73.356,8.502,18.752,0.93,70.187,30.326,8.136,2.359,High
Compute,Hybrid,APAC,Off-Peak,0.361,26.805,72.37,6.14,22.935,0.759,75.691,44.338,7.019,1.612,Low
Storage,Air,EU,Peak,0.3,31.318,84.821,9.701,27.695,0.826,90.692,17.669,16.569,1.279,High
Storage,Air,NA,Peak,0.996,75.859,76.647,19.384,24.948,0.823,96.926,35.57,11.407,1.623,Low
Compute,Hybrid,NA,Off-Peak,0.795,57.548,82.619,17.228,21.984,0.876,79.672,30.746,10.025,1.67,Low
Compute,Liquid,ME,Off-Peak,0.325,30.124,60.82,6.48,20.426,0.921,53.626,27.517,3.123,1.57,Medium
Storage,Air,EU,Off-Peak,0.161,20.138,47.0,14.465,24.129,0.83,67.602,16.498,11.636,1.396,Medium
Storage,Liquid,NA,Peak,0.727,61.502,79.643,10.327,20.61,0.956,80.86,34.514,9.877,1.455,Medium
GPU,Liquid,NA,Off-Peak,0.373,33.104,52.868,5.59,19.93,0.926,86.114,37.411,10.381,1.273,High
Storage,Air,NA,Off-Peak,0.299,37.94,43.154,16.18,18.507,0.798,154.8,58.142,18.564,1.375,Medium
Compute,Hybrid,EU,Off-Peak,0.761,58.136,63.93,11.297,23.064,0.833,100.027,26.151,17.775,1.474,Medium
Compute,Air,ME,Off-Peak,0.711,62.226,77.861,9.475,23.353,0.67,78.391,40.148,3.698,1.725,Low
Storage,Air,APAC,Night,0.533,44.907,64.629,16.301,19.325,0.849,70.379,42.174,5.657,1.307,High
Compute,Liquid,EU,Off-Peak,0.948,82.897,93.615,25.381,15.0,0.995,100.515,25.311,18.38,1.259,High
Storage,Air,APAC,Peak,0.712,54.409,83.292,28.276,36.737,0.917,70.632,40.543,6.194,1.462,Medium
Edge,Air,EU,Night,0.904,72.465,98.0,16.849,17.569,0.812,59.158,16.262,10.928,1.648,Low
Storage,Liquid,NA,Peak,0.271,26.583,58.705,4.884,17.779,1.0,52.572,19.685,6.227,1.326,High
Compute,Hybrid,ME,Off-Peak,0.367,35.671,71.693,12.096,15.0,0.798,60.835,29.662,2.833,1.39,Medium
Storage,Hybrid,NA,Peak,0.194,22.326,81.894,14.456,26.908,0.944,49.861,22.729,6.335,1.577,Medium
Storage,Hybrid,NA,Peak,0.374,31.991,40.203,10.47,18.8,0.888,41.357,18.623,5.59,1.558,Medium
Storage,Hybrid,ME,Peak,0.975,76.362,96.055,14.444,27.232,0.852,89.127,41.64,4.853,1.74,Low
Edge,Air,NA,Peak,0.967,87.245,50.62,17.139,29.113,0.694,104.229,38.923,12.798,1.708,Low
Compute,Air,APAC,Peak,0.784,57.144,92.479,18.901,23.905,0.936,79.496,48.121,6.48,1.455,Medium
Edge,Hybrid,ME,Peak,0.569,46.559,72.113,16.597,22.263,0.86,87.718,43.392,3.163,1.548,Medium
Edge,Air,EU,Off-Peak,0.803,62.495,69.063,13.437,23.356,0.792,78.809,23.724,14.521,1.527,Low
Compute,Liquid,NA,Off-Peak,0.598,54.324,51.318,8.271,16.79,0.739,77.688,29.651,8.981,1.367,Medium
Compute,Liquid,NA,Night,0.103,28.629,37.551,18.48,16.381,0.938,57.269,21.645,6.56,1.355,High
Compute,Air,NA,Night,0.551,53.759,61.13,31.444,18.537,0.951,64.116,29.138,7.99,1.379,High
Compute,Hybrid,EU,Off-Peak,0.639,51.006,60.697,9.903,18.307,0.917,74.031,15.335,14.153,1.275,High
Compute,Liquid,APAC,Night,0.339,26.067,50.98,6.713,22.68,1.0,83.84,51.085,6.948,1.514,Medium
Storage,Air,EU,Off-Peak,0.283,23.295,54.033,10.586,24.262,0.692,81.738,23.535,15.098,1.822,Low
Compute,Hybrid,EU,Off-Peak,0.346,40.559,74.008,4.608,22.869,0.771,71.116,17.172,13.515,1.457,Medium
Compute,Air,EU,Off-Peak,0.661,48.865,92.668,19.508,21.924,0.573,69.442,14.382,12.106,1.522,Low
GPU,Air,EU,Peak,0.231,18.521,53.656,24.31,23.022,0.838,77.644,18.92,14.47,1.666,Low
Compute,Liquid,APAC,Off-Peak,0.748,54.812,71.131,13.976,15.77,0.737,89.145,57.662,7.356,1.287,High
GPU,Hybrid,NA,Off-Peak,0.48,41.434,48.557,20.821,22.348,0.858,104.905,40.529,13.139,1.692,Low
Compute,Liquid,APAC,Peak,0.418,39.846,58.413,15.648,19.123,0.958,65.79,39.405,5.404,1.203,High
Compute,Liquid,EU,Peak,0.827,60.798,61.608,15.275,23.207,0.985,87.764,21.052,16.444,1.491,Medium
Storage,Liquid,NA,Peak,0.555,47.94,77.927,33.321,19.405,0.791,69.602,26.18,9.036,1.716,Low
Storage,Air,NA,Night,0.441,41.682,50.307,6.833,23.267,0.694,78.82,28.034,8.725,1.494,Low
GPU,Hybrid,NA,Night,0.89,0.786,79.256,16.439,20.884,0.665,140.486,58.684,16.934,1.605,Low
GPU,Hybrid,EU,Peak,0.431,34.809,49.716,17.034,29.46,0.769,82.38,25.691,15.316,1.783,Low
GPU,Air,NA,Peak,0.873,74.951,98.0,12.984,23.12,0.795,135.018,56.028,16.336,1.54,Low
Compute,Air,ME,Peak,0.554,56.175,77.691,11.477,23.774,0.863,79.087,39.101,3.478,1.392,Medium
Compute,Hybrid,EU,Night,0.287,24.62,62.175,12.312,18.801,0.75,53.395,12.512,10.315,1.411,Medium
GPU,Hybrid,ME,Peak,0.652,53.723,83.823,22.155,26.434,0.723,97.391,50.242,5.12,1.457,Medium
GPU,Hybrid,NA,Night,0.357,30.92,75.103,5.857,19.288,0.844,96.163,38.644,11.865,1.244,High
Edge,Hybrid,NA,Off-Peak,0.232,29.683,69.042,19.583,17.352,0.765,57.208,22.981,6.684,1.53,Low
Storage,Liquid,NA,Night,0.178,16.058,42.398,15.77,21.113,0.926,46.32,17.411,5.507,1.732,Low
Compute,Liquid,NA,Off-Peak,0.318,30.58,78.822,21.044,15.515,0.943,60.687,23.009,7.667,1.46,Medium
GPU,Liquid,APAC,Off-Peak,0.763,56.562,87.19,10.438,18.996,0.975,100.055,63.05,7.423,1.084,High
Compute,Air,NA,Off-Peak,0.854,68.558,65.355,13.678,20.745,0.593,95.456,40.163,11.492,1.389,Medium
Edge,Liquid,EU,Night,0.876,72.408,81.959,11.788,15.0,0.839,97.129,18.325,17.977,1.274,High
GPU,Liquid,NA,Night,0.343,28.3,30.984,18.675,15.0,1.0,113.41,44.93,12.838,1.321,High
Storage,Liquid,EU,Off-Peak,0.695,51.09,42.278,20.089,21.578,0.887,72.716,16.585,12.696,1.462,Medium
GPU,Liquid,APAC,Off-Peak,0.307,28.741,60.56,8.595,18.776,0.856,96.831,60.612,7.747,1.426,Medium
GPU,Air,EU,Night,0.66,53.805,83.171,11.365,19.747,0.859,107.199,27.096,19.039,1.275,High
Compute,Air,APAC,Night,0.898,71.651,79.147,19.068,24.447,0.812,80.332,48.516,6.123,1.545,Low
Edge,Air,NA,Off-Peak,0.137,10.281,57.475,4.915,26.215,0.759,36.767,13.295,4.491,1.669,Low
Storage,Air,ME,Peak,0.987,77.355,77.337,26.344,24.807,0.768,74.038,37.18,4.223,1.436,Medium
GPU,Air,APAC,Peak,0.844,62.85,74.032,11.328,23.406,0.911,130.881,81.177,10.543,1.401,High
Compute,Hybrid,EU,Night,0.785,65.1,60.252,11.092,16.617,0.823,74.308,15.69,12.67,1.377,Medium
GPU,Air,EU,Peak,0.722,61.756,80.683,17.103,25.798,0.927,228.719,57.18,41.169,1.856,Low
Compute,Air,ME,Peak,0.793,75.029,80.311,21.745,20.602,0.775,114.898,59.076,4.902,1.449,Medium
Compute,Liquid,EU,Peak,0.995,70.642,98.0,18.074,20.259,0.781,87.657,21.764,15.733,1.345,Medium
Edge,Liquid,APAC,Off-Peak,0.793,60.422,81.42,15.089,15.0,0.884,63.628,35.566,4.697,1.193,High
Compute,Air,EU,Off-Peak,0.416,38.385,98.0,24.136,21.399,0.767,80.837,19.428,14.514,1.817,Low
Compute,Liquid,NA,Peak,0.653,56.324,61.124,11.057,26.18,0.806,93.396,38.867,10.862,1.613,Low
Edge,Liquid,APAC,Peak,0.403,33.694,81.022,9.235,20.515,0.964,53.148,29.412,4.395,1.641,Low
Edge,Air,EU,Off-Peak,0.973,77.923,98.0,13.335,26.896,0.658,188.699,47.175,33.966,1.305,Medium
Storage,Air,EU,Night,0.91,68.831,53.569,38.767,20.194,0.615,72.233,19.814,13.395,1.541,Low
Storage,Hybrid,EU,Peak,0.611,46.809,49.959,7.431,25.873,0.812,55.821,10.974,10.172,1.828,Low
Storage,Hybrid,NA,Peak,0.803,60.703,74.384,21.45,19.033,0.629,71.932,29.789,9.224,1.681,Low
Compute,Liquid,APAC,Off-Peak,0.919,72.201,81.911,10.974,16.735,1.0,88.841,54.885,6.624,1.302,High
Compute,Air,ME,Night,0.319,28.953,91.531,5.133,24.799,0.887,50.257,28.634,1.863,1.346,High
Storage,Air,APAC,Off-Peak,0.622,52.822,59.906,7.898,22.562,0.829,65.066,40.047,6.027,1.588,Low
GPU,Liquid,NA,Off-Peak,0.534,53.543,34.571,31.912,16.51,0.725,105.115,40.487,12.739,1.704,Low
GPU,Air,EU,Night,0.794,75.979,75.073,24.715,22.627,0.818,114.279,26.393,20.567,1.561,Low
GPU,Air,APAC,Peak,0.441,39.291,64.694,7.452,24.707,0.787,99.543,58.612,7.532,1.624,Low
Compute,Liquid,EU,Peak,0.738,53.789,76.748,14.846,23.335,0.961,77.319,17.698,14.433,1.13,High
Storage,Air,EU,Off-Peak,0.463,52.488,51.175,29.868,19.217,0.678,67.454,16.136,12.056,1.457,Medium
Compute,Liquid,ME,Night,0.2,16.234,32.204,11.253,16.312,0.95,83.662,42.354,4.826,1.391,High
Storage,Hybrid,EU,Off-Peak,0.196,30.163,85.85,4.088,21.004,0.817,49.431,13.315,9.676,1.459,Medium
Storage,Air,EU,Night,0.207,36.347,68.94,20.683,24.962,0.977,62.021,17.487,11.048,1.545,Medium
GPU,Hybrid,NA,Off-Peak,0.129,12.345,84.616,4.88,22.811,0.862,79.217,30.714,9.585,1.564,Low
Compute,Air,NA,Off-Peak,0.58,57.562,47.984,15.407,19.954,0.853,96.164,40.726,11.43,1.249,High
Compute,Hybrid,NA,Peak,0.705,60.308,71.456,20.864,24.674,0.72,89.733,34.946,10.119,1.918,Low
Compute,Air,ME,Peak,0.214,17.252,71.685,26.367,16.657,0.937,59.449,31.499,3.62,1.388,High
GPU,Air,EU,Off-Peak,0.651,52.79,83.68,9.978,19.502,0.966,100.135,24.01,18.054,1.201,High
Storage,Liquid,EU,Peak,0.638,52.098,89.349,13.914,23.077,1.0,61.221,17.06,11.945,1.319,High
Compute,Air,APAC,Peak,0.232,38.729,45.713,8.07,26.752,0.985,76.128,47.019,5.737,1.426,High
Compute,Hybrid,EU,Night,0.464,45.967,63.316,12.583,16.718,0.943,69.357,16.014,12.801,1.332,High
GPU,Air,EU,Night,0.78,58.226,81.826,18.932,17.495,0.973,96.071,23.386,17.264,1.339,High
Compute,Air,NA,Peak,0.115,18.66,60.227,28.367,27.335,0.619,76.117,29.861,9.201,1.351,Medium
GPU,Liquid,APAC,Off-Peak,0.232,18.761,27.74,6.322,21.24,0.758,110.47,66.616,9.139,1.673,Low
GPU,Air,NA,Peak,0.996,75.048,84.494,23.984,26.075,0.873,106.888,46.345,13.191,1.939,Low
Compute,Air,NA,Peak,0.76,0.668,76.948,9.89,24.934,0.829,67.428,28.001,7.651,1.557,Low
Compute,Liquid,NA,Off-Peak,0.518,37.399,58.291,13.635,16.717,1.0,102.627,44.09,12.554,1.074,High
Edge,Liquid,NA,Off-Peak,0.667,51.759,71.348,19.393,20.418,0.97,100.672,37.013,11.468,1.359,High
Compute,Hybrid,NA,Peak,0.862,69.629,41.2,13.043,20.241,0.768,84.001,31.483,9.558,1.483,Medium
Compute,Hybrid,EU,Peak,0.858,72.592,97.805,27.33,20.487,0.618,99.977,27.979,17.701,1.338,Medium
GPU,Air,NA,Peak,0.392,29.113,63.792,7.676,22.345,0.826,95.426,39.587,11.24,1.407,Medium
Edge,Liquid,EU,Night,0.542,48.223,54.819,8.152,19.501,0.818,51.888,12.702,9.094,1.389,Medium
Edge,Air,NA,Off-Peak,0.674,59.134,95.052,14.015,24.655,0.895,70.099,29.761,8.133,1.666,Low
GPU,Liquid,NA,Off-Peak,0.165,23.845,33.919,28.425,15.666,1.0,90.639,37.224,10.875,1.276,High
Compute,Air,EU,Peak,0.951,70.427,66.175,17.48,21.825,0.868,83.405,21.058,15.246,1.383,High
Compute,Hybrid,ME,Off-Peak,0.489,41.184,83.913,18.611,27.247,0.721,116.696,58.974,5.652,1.58,Low
GPU,Liquid,APAC,Off-Peak,0.434,34.646,49.289,16.981,23.446,0.975,115.024,68.994,9.639,1.363,High
Storage,Hybrid,ME,Night,0.916,69.371,64.019,15.998,15.426,0.795,100.165,47.751,5.156,1.259,High
Storage,Hybrid,EU,Peak,0.206,19.832,60.422,10.318,24.968,0.908,91.694,24.458,17.059,1.402,High
Edge,Hybrid,EU,Night,0.135,14.492,66.906,8.387,15.0,0.854,86.134,25.242,15.897,1.331,High
Compute,Hybrid,EU,Off-Peak,0.717,57.583,69.495,9.733,18.778,0.867,84.778,19.419,14.344,1.528,Medium
Storage,Air,EU,Peak,0.447,48.777,68.408,11.96,19.828,0.868,81.896,22.639,15.641,1.505,Medium
Compute,Air,NA,Peak,0.788,65.027,72.402,11.753,22.144,0.807,87.01,35.102,11.024,1.708,Low
Storage,Air,EU,Off-Peak,0.162,22.912,57.668,14.821,23.495,0.815,49.459,11.377,8.744,1.581,Low
Compute,Air,NA,Night,0.445,43.497,62.184,17.001,22.45,0.933,95.252,39.075,10.95,1.574,Medium
Compute,Liquid,EU,Off-Peak,0.312,26.21,59.454,22.57,16.697,0.898,63.056,13.931,12.277,1.695,Low
Compute,Liquid,EU,Off-Peak,0.766,63.309,67.019,18.487,22.361,0.748,100.248,26.386,18.674,1.608,Low
Storage,Liquid,NA,Peak,0.304,26.412,31.477,6.652,20.648,1.0,70.24,27.649,8.647,1.417,High
GPU,Hybrid,NA,Peak,0.512,48.087,93.135,25.507,26.143,0.783,105.525,47.172,12.065,1.466,Medium
Storage,Hybrid,NA,Off-Peak,0.837,71.542,53.617,16.236,17.942,0.92,67.911,26.93,8.696,1.496,Medium
Edge,Air,ME,Off-Peak,0.924,71.882,64.916,13.691,16.678,0.657,106.587,51.608,5.543,1.362,Medium
Compute,Air,NA,Off-Peak,0.75,65.213,88.061,11.122,25.175,0.841,76.578,30.707,10.149,1.402,Medium
Compute,Air,NA,Peak,0.486,47.826,93.194,16.701,20.63,0.871,80.92,31.248,9.444,1.054,High
GPU,Air,APAC,Peak,0.615,48.909,83.855,16.843,35.0,0.921,111.171,61.641,8.667,1.487,Medium
Compute,Liquid,EU,Peak,0.721,67.595,78.625,14.033,15.0,0.871,81.791,19.541,14.893,1.187,High
Edge,Liquid,NA,Night,0.887,67.033,77.722,18.005,20.935,1.0,69.974,27.945,7.857,1.318,High
Compute,Liquid,NA,Off-Peak,0.9,76.062,68.238,11.886,23.883,0.881,80.575,31.961,9.622,1.492,Medium
Edge,Hybrid,NA,Peak,0.938,79.581,83.306,13.077,25.408,0.841,95.921,39.112,11.382,1.335,High
Compute,Hybrid,NA,Peak,0.83,65.391,88.179,29.276,24.398,0.967,84.917,35.983,10.04,1.579,Medium
GPU,Air,NA,Peak,0.232,23.871,75.117,6.591,23.259,0.759,95.722,40.131,11.83,1.494,Medium
Storage,Liquid,EU,Off-Peak,0.773,59.36,87.122,31.772,20.652,0.86,63.509,15.202,10.946,1.325,High
Edge,Air,APAC,Off-Peak,0.833,63.891,64.001,20.939,22.987,0.903,65.55,40.614,4.758,1.63,Low
Compute,Air,EU,Night,0.89,77.621,73.292,9.963,16.144,0.973,76.214,18.06,13.605,1.177,High
Storage,Air,EU,Off-Peak,0.932,68.134,45.872,13.009,18.993,0.91,74.61,17.6,13.086,1.519,Medium
Edge,Air,NA,Peak,0.558,53.494,86.096,11.635,23.387,0.891,69.702,27.867,9.258,1.501,Medium
Storage,Air,NA,Off-Peak,0.69,65.67,67.639,10.251,24.313,0.806,75.064,30.405,9.556,1.303,High
Storage,Air,APAC,Off-Peak,0.109,26.962,30.601,6.179,29.979,0.915,90.398,54.224,7.928,1.586,Low
Storage,Liquid,NA,Peak,0.616,45.577,71.136,17.763,19.884,0.937,49.835,20.855,6.178,1.378,High
Storage,Liquid,APAC,Night,0.526,39.699,82.518,9.143,15.0,0.869,59.595,36.808,4.296,1.545,Medium
Storage,Air,EU,Night,0.966,73.625,73.097,13.556,21.509,0.767,71.603,15.709,13.171,1.375,Medium
Storage,Air,APAC,Off-Peak,0.912,76.188,80.395,14.858,24.294,0.651,70.312,41.232,5.442,1.634,Low
Edge,Hybrid,NA,Off-Peak,0.818,67.588,63.691,12.499,20.816,0.753,57.69,23.099,6.888,1.684,Low
Compute,Air,NA,Off-Peak,0.151,13.704,44.305,11.211,24.874,0.896,59.706,24.188,7.566,1.483,Medium
Compute,Hybrid,APAC,Off-Peak,0.462,36.1,70.757,7.526,24.166,0.835,62.754,37.86,5.461,1.569,Low
Edge,Liquid,APAC,Peak,0.726,69.496,56.996,13.785,17.143,0.954,95.002,59.895,7.909,1.312,High
GPU,Air,NA,Peak,0.127,9.502,58.527,14.222,24.567,0.804,116.387,42.434,13.727,1.569,Low
Storage,Air,ME,Peak,0.312,31.299,42.71,5.982,28.574,0.909,47.919,23.964,2.587,1.776,Low
Storage,Air,NA,Off-Peak,0.899,63.832,71.157,13.605,19.109,0.918,74.29,32.226,8.676,1.481,Medium
Compute,Air,NA,Off-Peak,0.217,19.711,70.975,11.875,22.133,0.802,80.789,32.292,9.485,1.465,Medium
Compute,Air,EU,Off-Peak,0.146,18.563,38.374,9.123,20.361,0.869,61.62,18.872,11.435,1.299,High
Storage,Liquid,APAC,Off-Peak,0.623,64.911,61.044,18.447,22.747,0.825,103.734,63.454,8.224,1.46,Medium
Compute,Air,ME,Peak,0.952,73.927,61.818,20.619,20.966,0.769,117.887,58.814,7.319,1.385,Medium
Storage,Liquid,EU,Off-Peak,0.851,71.966,87.864,42.782,21.032,0.83,61.997,17.047,10.583,1.415,Medium
Compute,Liquid,NA,Off-Peak,0.977,76.172,74.634,15.379,21.639,1.0,112.273,47.186,13.218,1.204,High
Edge,Air,EU,Peak,0.778,59.584,69.457,19.131,28.211,0.873,56.658,13.556,10.429,1.753,Low
Edge,Air,NA,Peak,0.494,43.281,62.075,25.312,24.486,0.713,71.88,29.557,8.464,1.908,Low
Storage,Air,EU,Night,0.952,82.337,64.779,14.119,19.707,0.759,95.986,21.573,16.687,1.473,Medium
Storage,Air,EU,Off-Peak,0.484,39.157,40.594,17.268,23.58,0.74,61.111,12.208,11.134,1.686,Low
Compute,Liquid,NA,Peak,0.415,33.043,58.674,13.206,25.703,0.89,99.097,40.504,11.564,1.312,High
GPU,Air,EU,Night,0.503,46.616,79.009,24.12,20.215,0.839,96.944,24.398,17.525,1.438,Medium
Storage,Liquid,EU,Off-Peak,0.833,67.738,63.376,27.515,16.544,1.0,72.824,21.386,13.267,1.269,High
Compute,Air,APAC,Peak,0.926,79.054,81.981,28.492,28.268,0.831,83.149,48.555,6.805,1.466,Medium
Edge,Air,EU,Peak,0.422,38.024,41.657,9.199,21.95,0.959,46.081,10.425,8.975,1.4,High
GPU,Liquid,NA,Peak,0.516,49.538,86.589,12.199,23.733,0.953,96.505,36.46,11.348,1.306,High
Edge,Liquid,NA,Off-Peak,0.908,66.908,97.956,22.459,19.91,0.774,82.683,33.783,8.946,1.292,High
GPU,Air,NA,Off-Peak,0.142,23.353,65.98,10.575,25.467,0.692,92.738,38.593,11.877,1.829,Low
Storage,Air,NA,Peak,0.805,68.438,72.801,13.538,20.096,0.96,67.19,28.339,8.4,1.138,High
Storage,Liquid,EU,Off-Peak,0.509,40.611,51.706,9.215,16.59,0.886,59.916,17.127,11.265,1.232,High
Edge,Air,ME,Peak,0.439,41.891,33.566,20.138,23.184,0.821,55.836,24.61,2.695,1.256,High
GPU,Air,EU,Peak,0.502,45.738,72.712,11.08,24.445,0.845,127.177,34.824,22.694,1.448,Medium
Compute,Liquid,EU,Off-Peak,0.477,41.183,81.82,12.95,18.87,0.939,64.244,13.137,11.811,1.594,Medium
Compute,Air,EU,Peak,0.781,64.043,67.931,25.01,24.212,0.823,65.829,11.59,11.988,1.25,High
Compute,Liquid,NA,Off-Peak,0.935,77.379,76.86,12.497,18.072,0.877,85.807,35.551,10.276,1.293,High
GPU,Liquid,ME,Night,0.542,38.763,51.158,12.029,15.0,0.845,174.636,87.318,8.732,1.352,High
Edge,Liquid,ME,Peak,0.849,70.023,77.908,27.013,22.849,0.977,88.241,43.866,4.5,1.281,High
Compute,Liquid,EU,Peak,0.759,54.943,85.418,11.818,17.772,0.954,69.565,16.119,12.782,1.379,High
Storage,Liquid,NA,Peak,0.398,45.407,71.565,13.014,22.93,0.824,67.212,26.853,7.656,1.506,Medium
Compute,Liquid,APAC,Off-Peak,0.629,55.03,54.626,14.771,15.0,0.942,85.71,48.313,7.194,1.568,Medium
Edge,Hybrid,NA,Off-Peak,0.7,51.712,61.233,10.22,21.901,0.924,54.636,22.574,6.253,1.427,Medium
GPU,Air,APAC,Off-Peak,0.121,24.238,67.822,15.459,23.18,0.752,100.136,58.296,9.279,1.563,Low
GPU,Air,APAC,Off-Peak,0.456,40.33,55.346,28.206,23.009,0.808,102.526,62.741,8.315,1.591,Low
Storage,Liquid,NA,Peak,0.993,74.188,98.0,29.782,17.821,1.0,69.84,27.849,8.378,1.36,High
Storage,Liquid,ME,Peak,0.674,53.278,98.0,18.351,24.952,1.0,71.175,37.873,3.659,1.428,High
Compute,Air,ME,Peak,0.401,35.81,58.928,19.359,24.982,0.798,75.415,38.841,4.401,1.64,Low
Compute,Hybrid,ME,Off-Peak,0.325,24.057,98.0,17.659,17.121,0.924,62.959,32.027,2.604,1.226,High
GPU,Air,EU,Peak,0.289,33.537,61.118,10.275,28.09,0.783,87.279,19.945,16.038,1.576,Low
GPU,Liquid,NA,Off-Peak,0.461,33.995,81.168,9.312,16.08,0.949,122.966,49.878,14.097,1.405,High
Edge,Liquid,EU,Off-Peak,0.274,21.957,64.806,10.782,18.121,1.0,57.536,13.49,10.537,1.433,High
Edge,Hybrid,EU,Peak,0.222,20.217,60.299,7.613,26.191,0.892,43.489,8.098,7.662,2.022,Low
Storage,Air,NA,Off-Peak,0.428,35.47,43.438,10.368,23.271,0.972,83.383,33.109,9.976,1.425,High
GPU,Liquid,EU,Night,0.646,58.783,65.053,23.013,15.0,1.0,97.573,22.193,18.174,1.394,High
Edge,Air,EU,Peak,0.232,20.303,86.042,26.729,20.809,0.951,84.164,22.252,15.436,1.371,High
GPU,Air,NA,Peak,0.14,0.58,65.925,13.328,22.425,0.675,95.466,36.152,12.233,1.175,High
Compute,Air,NA,Off-Peak,0.131,13.466,58.315,7.887,23.429,0.819,52.042,18.237,6.703,1.385,Medium
Storage,Liquid,NA,Off-Peak,0.341,31.011,61.299,10.156,19.425,0.971,48.053,20.291,5.695,1.204,High
Compute,Air,APAC,Peak,0.271,30.823,69.576,14.397,30.446,0.76,82.18,44.384,6.379,1.74,Low
Edge,Air,EU,Night,0.585,50.758,67.017,10.468,16.726,0.855,62.882,12.548,10.557,1.438,Medium
Storage,Liquid,NA,Off-Peak,0.51,41.212,72.359,21.02,21.933,0.84,67.027,26.77,8.043,1.542,Medium
Compute,Liquid,ME,Night,0.392,33.198,61.01,21.811,20.146,1.0,68.02,31.376,4.032,1.137,High
Storage,Liquid,NA,Peak,0.85,64.18,68.905,21.207,24.645,0.839,66.728,28.908,7.299,1.726,Low
Storage,Hybrid,EU,Night,0.554,45.785,50.896,10.704,15.217,0.812,74.15,17.629,13.283,1.102,High
Compute,Air,APAC,Peak,0.182,22.386,85.456,21.587,23.934,0.581,71.627,45.519,5.607,1.753,Low
Compute,Hybrid,APAC,Peak,0.366,32.853,46.926,11.33,23.231,0.855,89.993,52.799,8.119,1.352,High
Storage,Hybrid,NA,Night,0.976,1.29,79.014,15.427,17.877,0.674,71.793,27.484,8.817,1.389,Medium
Storage,Air,ME,Peak,0.979,76.334,67.794,29.872,25.759,0.62,66.991,29.548,3.008,1.443,Low
GPU,Air,ME,Night,0.329,30.148,53.512,10.558,20.814,0.771,120.498,64.757,5.91,1.64,Low
Storage,Air,EU,Off-Peak,0.251,27.448,53.655,10.878,26.721,0.877,76.56,20.11,13.499,1.652,Low
GPU,Air,EU,Night,0.546,49.536,56.729,12.596,23.528,0.769,107.924,24.419,19.126,1.376,Medium
Storage,Liquid,NA,Off-Peak,0.533,48.48,70.669,22.86,15.0,0.961,97.195,37.217,11.917,1.393,High
Storage,Liquid,EU,Off-Peak,0.469,42.129,76.678,14.457,19.448,1.0,83.473,18.5,15.2,1.549,Medium
GPU,Liquid,EU,Peak,0.576,47.661,76.688,18.977,17.134,0.916,99.687,24.788,18.744,1.244,High
Storage,Liquid,APAC,Off-Peak,0.309,25.467,34.173,4.705,15.0,0.96,81.554,48.367,6.117,1.281,High
Compute,Air,EU,Off-Peak,0.203,17.535,74.498,12.546,22.813,0.818,94.187,25.493,17.559,1.479,Medium
Compute,Hybrid,EU,Off-Peak,0.613,53.729,77.667,20.178,17.429,0.843,72.876,16.658,13.2,1.696,Low
GPU,Air,NA,Peak,0.939,68.306,64.908,15.185,29.003,0.749,114.591,46.745,14.803,1.28,High
Storage,Hybrid,NA,Off-Peak,0.224,20.514,70.063,5.102,19.966,0.916,64.475,24.435,7.225,1.364,High
GPU,Air,NA,Off-Peak,0.734,57.782,85.203,12.865,27.49,0.757,103.639,40.674,12.485,1.465,Medium
Compute,Hybrid,NA,Peak,0.494,37.898,60.266,12.276,24.183,0.909,83.506,35.062,10.404,1.529,Medium
Compute,Air,EU,Off-Peak,0.365,30.323,51.987,24.294,22.493,0.761,61.432,15.192,10.455,1.623,Low
Compute,Air,APAC,Night,0.868,73.863,96.5,31.425,19.969,0.899,88.6,50.244,6.17,1.082,High
Compute,Air,EU,Peak,0.511,39.081,92.567,21.739,20.977,0.689,76.112,18.661,13.84,1.374,Medium
Storage,Liquid,EU,Off-Peak,0.625,46.066,80.083,23.436,15.0,0.918,67.832,14.536,12.154,1.263,High
Compute,Hybrid,EU,Night,0.499,35.904,83.606,18.352,18.012,0.915,95.5,24.942,16.929,1.176,High
Storage,Air,NA,Peak,0.173,28.302,60.77,2.152,25.808,0.8,46.724,22.022,4.985,1.598,Low
Edge,Hybrid,NA,Off-Peak,0.635,47.428,83.759,11.96,23.469,0.935,61.476,26.73,8.27,1.602,Low
Compute,Liquid,NA,Off-Peak,0.477,42.366,32.153,14.381,22.226,0.853,66.545,26.523,7.876,1.322,High
Storage,Liquid,APAC,Off-Peak,0.178,26.107,69.225,14.414,15.0,0.932,49.61,29.321,3.089,1.107,High
GPU,Hybrid,NA,Off-Peak,0.636,50.434,78.06,26.521,22.187,0.834,98.412,36.797,10.575,1.369,High
Compute,Air,NA,Off-Peak,0.109,12.866,67.534,17.026,21.745,0.918,48.527,19.331,5.705,1.518,Medium
Storage,Air,EU,Peak,0.288,34.039,67.588,15.395,30.582,0.86,56.804,15.438,10.524,1.631,Low
GPU,Hybrid,ME,Off-Peak,0.803,67.018,78.024,15.11,27.724,0.966,122.09,61.909,5.885,1.81,Low
Edge,Hybrid,EU,Off-Peak,0.134,23.132,49.712,6.398,24.508,0.726,51.257,13.769,9.847,1.543,Low
Compute,Hybrid,APAC,Peak,0.682,54.583,98.0,13.35,21.15,0.729,114.381,70.26,9.025,1.367,Medium
Edge,Hybrid,EU,Peak,0.955,79.758,98.0,20.39,17.378,0.837,93.396,25.283,16.132,1.258,High
Storage,Air,EU,Night,0.254,31.562,95.699,10.153,17.98,0.869,42.586,10.171,8.01,1.448,Medium
Compute,Hybrid,APAC,Off-Peak,0.475,39.963,56.206,15.322,20.864,0.817,90.123,53.233,7.464,1.666,Low
Storage,Air,APAC,Off-Peak,0.618,57.231,78.859,29.2,24.685,0.859,69.138,42.038,5.362,1.366,High
Edge,Hybrid,NA,Night,0.505,41.59,77.858,13.442,17.735,0.769,56.004,24.59,6.7,1.257,High
Storage,Air,NA,Off-Peak,0.658,52.084,37.651,10.831,24.025,0.734,69.541,30.082,8.972,1.71,Low
Compute,Liquid,NA,Night,0.464,49.104,64.159,20.15,19.531,0.925,92.664,37.906,11.19,1.493,Medium
Storage,Liquid,EU,Night,0.234,24.747,64.896,7.792,20.552,0.709,46.552,12.321,8.41,1.581,Low
Compute,Air,APAC,Off-Peak,0.18,17.395,64.174,6.255,19.602,0.734,76.287,45.701,6.532,1.33,Medium
Compute,Air,NA,Off-Peak,0.77,59.93,58.445,8.578,23.102,0.778,85.404,34.035,10.115,1.768,Low
Compute,Hybrid,NA,Off-Peak,0.315,28.894,77.209,5.864,22.067,0.915,74.705,30.805,8.077,1.548,Medium
Compute,Hybrid,APAC,Night,0.863,63.74,77.595,15.299,16.703,0.872,79.458,44.244,6.387,1.407,Medium
Compute,Air,EU,Off-Peak,0.769,66.095,63.776,25.885,23.632,0.763,73.26,18.863,13.791,2.234,Low
Compute,Liquid,EU,Peak,0.145,18.298,67.611,12.891,24.349,0.952,87.018,20.203,15.568,1.541,Medium
Storage,Liquid,APAC,Peak,0.281,26.825,46.835,6.674,25.261,0.881,61.261,37.895,5.123,1.803,Low
Compute,Air,EU,Peak,0.363,30.572,68.114,17.379,16.67,0.802,66.116,18.066,11.39,1.455,Medium
Compute,Air,EU,Night,0.635,54.157,66.476,11.302,21.927,0.825,95.737,25.256,17.522,1.262,High
GPU,Hybrid,NA,Night,0.829,60.933,72.189,9.125,19.881,0.717,121.24,51.79,13.667,1.682,Low
Storage,Liquid,NA,Off-Peak,0.154,12.604,48.217,5.916,21.394,1.0,36.483,10.92,3.697,1.32,High
Storage,Liquid,EU,Off-Peak,0.325,32.477,45.365,8.654,21.231,0.777,62.054,16.01,10.868,1.49,Medium
Compute,Liquid,EU,Night,0.439,40.274,46.636,17.251,16.146,1.0,67.054,16.975,12.47,1.189,High
Compute,Air,ME,Peak,0.265,21.374,41.838,10.961,24.376,0.866,72.065,37.641,3.711,1.536,Medium
Compute,Air,ME,Peak,0.591,59.936,68.486,15.806,26.259,0.808,90.171,48.818,4.764,1.139,High
Compute,Air,APAC,Off-Peak,0.53,41.636,72.006,32.253,19.913,0.853,61.557,34.976,4.388,1.397,Medium
Compute,Air,NA,Night,0.385,38.558,68.405,9.382,20.413,0.745,69.09,28.413,6.922,1.31,High
Compute,Liquid,ME,Off-Peak,0.565,44.091,55.951,23.562,18.875,0.846,69.825,33.264,2.962,1.456,Medium
Compute,Hybrid,EU,Peak,0.42,37.899,45.462,11.407,21.31,0.847,62.567,12.518,11.349,1.679,Low
Compute,Air,NA,Peak,0.409,38.863,69.896,15.496,21.296,0.646,88.459,35.78,10.032,1.666,Low
Storage,Air,APAC,Off-Peak,0.339,31.107,67.905,5.805,33.443,0.677,51.505,26.948,4.076,1.99,Low
Compute,Liquid,NA,Night,0.586,45.482,83.283,29.922,18.781,0.894,59.664,24.186,6.615,1.449,Medium
Compute,Hybrid,NA,Off-Peak,0.5,38.887,47.477,14.332,33.307,0.865,63.98,25.444,8.415,1.58,Low
Storage,Liquid,APAC,Off-Peak,0.277,22.391,58.138,5.668,19.947,0.833,45.961,24.546,4.265,1.446,Medium
Storage,Hybrid,EU,Peak,0.112,11.456,64.011,2.147,22.483,0.788,69.505,19.059,11.976,1.49,Medium
Compute,Liquid,NA,Night,0.236,24.022,37.3,19.396,17.538,0.843,67.372,29.798,7.831,1.638,Low
GPU,Liquid,EU,Peak,0.139,25.86,55.408,9.095,18.475,0.902,82.369,19.32,15.592,1.455,Medium
Storage,Air,ME,Peak,0.488,40.962,39.203,14.212,27.03,0.871,88.485,40.931,4.993,1.783,Low
Compute,Air,EU,Night,0.303,41.88,53.182,15.013,15.0,0.925,91.035,22.029,16.522,1.313,High
GPU,Air,NA,Night,0.478,37.027,85.366,6.014,19.46,0.895,112.862,44.566,13.678,1.294,High
Edge,Liquid,NA,Off-Peak,0.397,28.84,93.412,25.971,19.911,0.853,32.82,12.524,3.759,1.114,High
Compute,Hybrid,NA,Off-Peak,0.584,60.267,68.856,12.872,18.893,0.93,84.91,34.291,11.104,1.547,Medium
Compute,Hybrid,ME,Peak,0.751,63.969,75.412,14.438,22.303,0.75,126.606,64.472,6.683,1.671,Low
GPU,Air,EU,Peak,0.531,49.23,66.312,7.893,24.789,0.771,125.387,30.931,22.796,1.613,Low
GPU,Air,EU,Peak,0.156,13.952,72.016,5.898,22.656,0.831,78.016,23.093,13.829,1.572,Low
Compute,Air,EU,Off-Peak,0.116,15.088,70.151,10.075,20.417,0.767,89.477,22.13,16.636,1.58,Low
Compute,Air,APAC,Peak,0.292,31.232,38.338,8.953,26.713,0.88,72.024,43.801,5.136,1.676,Low
Compute,Liquid,EU,Night,0.482,46.205,73.208,9.541,19.154,0.945,84.173,20.096,15.122,1.395,High
Storage,Hybrid,EU,Peak,0.14,18.445,39.701,11.07,21.787,0.872,53.592,15.987,9.757,1.464,Medium
Storage,Hybrid,NA,Off-Peak,0.395,29.819,80.456,7.495,18.729,0.866,65.303,29.856,7.264,1.392,Medium
Compute,Liquid,NA,Off-Peak,0.898,65.012,89.99,22.194,18.976,0.999,90.37,35.844,10.762,1.289,High
Storage,Hybrid,ME,Off-Peak,0.181,29.008,34.888,3.761,17.435,0.853,49.409,27.28,2.429,1.637,Low
GPU,Liquid,ME,Peak,0.954,75.388,89.229,17.926,17.681,0.88,116.445,53.499,4.792,1.362,High
Compute,Air,ME,Night,0.871,67.676,55.984,19.12,18.693,0.806,107.854,52.015,5.747,1.617,Low
Compute,Liquid,ME,Off-Peak,0.849,69.287,69.435,13.14,22.877,0.839,122.692,61.549,6.191,1.267,High
GPU,Liquid,APAC,Off-Peak,0.877,78.873,53.702,12.049,16.892,0.861,137.685,83.974,11.593,1.319,High
GPU,Liquid,EU,Off-Peak,0.172,27.301,66.025,17.041,20.69,0.956,94.873,21.24,15.667,1.437,Medium
Storage,Air,APAC,Peak,0.236,33.04,83.307,15.131,21.203,0.856,45.261,25.541,3.787,1.437,Medium
Storage,Air,EU,Off-Peak,0.221,25.703,56.608,11.693,21.921,0.817,63.059,11.756,10.918,1.491,Medium
Compute,Air,NA,Off-Peak,0.2,21.918,50.948,8.175,25.104,0.916,64.255,25.346,7.906,1.508,Medium
Storage,Hybrid,NA,Night,0.395,41.72,62.364,16.45,19.422,0.806,54.683,20.882,5.738,1.371,Medium
Storage,Air,ME,Night,0.847,63.723,93.812,14.726,19.551,0.788,67.694,32.108,3.767,1.385,Medium
Compute,Liquid,NA,Peak,0.327,31.904,76.6,8.413,20.411,0.868,60.242,25.535,7.214,1.375,High
Compute,Liquid,APAC,Peak,0.32,28.618,82.234,5.348,26.436,0.753,60.148,38.832,4.994,1.775,Low
Compute,Air,NA,Peak,0.708,58.912,68.689,15.097,29.704,0.885,188.828,75.531,22.659,1.675,Low
Compute,Liquid,NA,Night,0.187,13.86,26.39,6.126,15.626,1.0,43.921,18.622,4.616,1.215,High
Compute,Hybrid,NA,Peak,0.424,35.568,36.629,7.299,22.091,0.767,70.275,27.355,8.205,1.515,Low
Compute,Air,NA,Off-Peak,0.366,28.904,59.448,5.595,24.437,0.886,83.535,35.753,9.612,1.668,Low
Compute,Hybrid,NA,Off-Peak,0.863,79.65,51.131,15.053,24.217,0.972,107.982,41.956,12.575,1.691,Low
Compute,Air,NA,Off-Peak,0.563,43.889,76.941,12.141,37.118,0.766,90.165,38.592,11.598,1.673,Low
GPU,Air,APAC,Peak,0.682,59.928,65.209,20.035,20.068,0.898,100.653,56.688,8.306,1.436,Medium
Storage,Hybrid,NA,Peak,0.216,19.264,31.992,7.206,23.258,0.977,44.37,16.742,5.018,1.455,Medium
Storage,Hybrid,NA,Off-Peak,0.936,78.539,78.837,14.124,18.393,0.871,139.93,55.431,16.474,1.05,High
GPU,Hybrid,NA,Peak,0.39,39.219,51.619,9.191,25.467,0.643,88.072,34.649,10.389,1.734,Low
Storage,Liquid,EU,Peak,0.736,61.098,66.648,12.524,21.283,0.905,124.614,33.732,22.689,1.648,Low
Compute,Hybrid,EU,Peak,0.959,69.89,89.799,18.098,25.066,0.747,74.282,16.752,13.26,1.417,Medium
Storage,Hybrid,EU,Off-Peak,0.558,44.373,85.177,17.752,23.266,0.883,66.467,14.406,11.423,1.364,High
Storage,Hybrid,NA,Peak,0.557,41.969,85.501,12.154,25.502,0.907,78.403,29.227,8.301,1.457,Medium
GPU,Liquid,NA,Peak,0.206,15.466,69.562,11.037,21.104,1.0,83.768,32.919,9.919,1.644,Low
Storage,Air,APAC,Peak,0.451,43.072,90.85,12.675,26.504,0.839,69.034,39.131,5.617,1.713,Low
Compute,Hybrid,APAC,Peak,0.867,78.251,67.787,19.088,18.97,0.827,81.24,49.075,6.827,1.347,High
Compute,Air,NA,Off-Peak,0.222,39.572,56.784,15.241,18.895,0.89,79.297,33.475,9.212,1.545,Medium
Compute,Liquid,EU,Peak,0.926,80.041,63.378,17.268,23.772,0.967,85.525,19.903,15.835,1.355,High
Storage,Air,NA,Off-Peak,0.701,59.126,70.113,19.133,22.815,0.907,92.422,35.982,10.896,1.617,Low
Storage,Liquid,NA,Peak,0.479,37.837,64.587,9.693,20.519,0.851,65.519,27.531,8.333,1.694,Low
Compute,Air,APAC,Night,0.592,51.485,69.46,6.982,19.59,0.979,77.137,50.604,6.935,1.536,Medium
Edge,Air,EU,Peak,0.235,32.563,59.282,18.356,23.938,0.853,52.932,11.626,9.982,1.46,Medium
Storage,Hybrid,NA,Night,0.296,29.324,74.976,6.337,18.677,0.898,69.086,29.105,8.344,1.069,High
Compute,Air,NA,Night,0.358,28.856,63.236,13.173,18.195,0.629,69.86,28.881,9.408,1.496,Low
Compute,Liquid,ME,Off-Peak,0.446,45.162,62.772,22.807,20.156,0.932,79.293,36.889,3.605,1.305,High
Compute,Air,APAC,Night,0.924,69.65,79.523,22.935,20.628,0.94,85.306,51.761,6.48,1.658,Low
Compute,Air,APAC,Peak,0.431,32.629,44.848,5.663,25.671,0.805,74.615,46.057,5.833,1.518,Medium
Compute,Air,EU,Peak,0.571,43.71,48.46,8.098,26.258,0.834,84.559,16.587,14.25,1.491,Medium
Compute,Liquid,EU,Peak,0.246,19.94,56.447,23.569,15.223,0.922,64.207,16.921,11.682,1.42,Medium
Compute,Air,NA,Peak,0.762,58.538,79.516,22.991,27.999,0.904,91.051,37.362,11.202,1.473,Medium
Compute,Hybrid,NA,Peak,0.604,51.866,67.76,17.118,20.156,0.859,63.967,22.767,7.737,1.603,Low
GPU,Air,EU,Off-Peak,0.496,43.975,60.563,6.786,19.846,0.912,88.07,24.327,15.28,1.356,High
Compute,Air,EU,Peak,0.952,72.233,76.34,14.492,32.718,0.924,96.753,21.52,17.539,1.685,Low
Storage,Air,NA,Peak,0.902,69.578,90.549,13.249,26.3,0.833,72.513,33.454,8.536,1.697,Low
Storage,Air,APAC,Peak,0.694,50.327,52.463,17.726,27.051,0.899,60.217,32.545,4.177,1.884,Low
Edge,Liquid,NA,Off-Peak,0.93,68.255,75.414,14.529,17.366,0.94,73.037,26.049,8.655,1.283,High
Compute,Hybrid,NA,Night,0.608,51.105,50.21,20.294,17.45,0.886,97.694,41.588,11.664,1.197,High
Compute,Liquid,NA,Off-Peak,0.844,66.977,58.944,11.269,16.657,0.799,81.379,33.053,10.543,1.105,High
Edge,Air,EU,Off-Peak,0.469,39.016,65.82,8.602,23.433,0.796,61.057,15.669,10.8,1.448,Medium
GPU,Air,NA,Peak,0.178,16.378,71.166,20.824,18.707,0.94,83.659,35.498,9.894,1.48,Medium
GPU,Air,NA,Off-Peak,0.995,71.426,78.238,15.095,22.259,0.904,107.63,46.761,12.332,1.441,Medium
Compute,Hybrid,EU,Peak,0.249,21.825,69.848,8.063,23.901,0.907,66.585,16.77,11.702,1.478,Medium
Compute,Air,EU,Night,0.326,30.75,65.13,22.831,24.262,0.971,52.577,13.686,9.444,1.234,High
Storage,Liquid,EU,Off-Peak,0.247,0.703,81.003,4.762,15.0,1.0,37.486,6.811,7.351,1.11,High
Edge,Air,NA,Peak,0.404,33.778,72.575,17.712,28.393,0.831,43.655,18.273,5.399,1.524,Medium
Storage,Air,EU,Night,0.36,31.016,60.848,7.811,21.579,0.897,54.141,8.854,10.038,1.375,High
Storage,Air,EU,Night,0.641,54.439,82.375,19.727,16.551,0.881,67.407,17.424,12.332,1.511,Medium
Compute,Air,NA,Off-Peak,0.997,84.494,75.874,21.119,23.386,0.651,103.535,44.204,13.913,1.604,Low
GPU,Liquid,APAC,Peak,0.147,21.371,67.01,24.723,22.806,1.0,93.609,56.011,7.229,1.318,High
Compute,Air,EU,Off-Peak,0.801,63.965,85.392,23.618,25.828,0.834,81.719,22.196,15.356,1.524,Medium
Compute,Liquid,NA,Peak,0.215,19.3,82.857,8.266,20.661,0.879,82.947,34.352,9.95,1.55,Medium
Storage,Air,ME,Peak,0.118,17.406,84.048,25.129,27.384,0.894,40.567,20.198,1.585,1.436,Medium
Storage,Hybrid,APAC,Peak,0.675,51.233,97.666,8.14,21.095,0.852,66.732,37.976,5.224,1.445,Medium
Compute,Air,ME,Off-Peak,0.886,66.985,87.992,18.423,24.536,0.965,82.54,43.38,4.205,1.228,High
Compute,Hybrid,EU,Off-Peak,0.259,23.581,59.102,11.066,21.382,0.841,62.021,15.151,11.352,1.52,Medium
Storage,Hybrid,NA,Peak,0.407,33.807,68.631,12.485,20.92,0.759,53.687,17.454,6.626,1.369,Medium
Compute,Hybrid,NA,Night,0.252,26.607,50.41,10.481,17.875,0.767,50.007,21.303,5.56,1.396,Medium
Storage,Air,EU,Peak,0.916,73.511,66.842,16.257,30.03,0.963,71.872,15.558,12.38,1.856,Low
Compute,Liquid,ME,Peak,0.343,29.669,64.541,57.083,19.417,0.767,85.055,44.668,4.143,1.417,Medium
Storage,Air,EU,Off-Peak,0.5,47.336,74.908,17.08,34.788,0.949,95.483,20.078,17.53,1.475,Medium
Storage,Air,APAC,Night,0.905,83.658,63.366,14.648,21.415,0.956,72.077,47.324,5.667,1.434,Medium
Compute,Air,NA,Night,0.598,55.088,73.407,15.99,21.924,0.922,78.197,31.812,8.857,1.464,Medium
Compute,Air,EU,Off-Peak,0.94,79.979,51.684,12.582,26.934,0.957,74.944,22.098,13.929,1.548,Medium
Compute,Hybrid,ME,Peak,0.934,70.29,69.348,21.954,26.138,0.735,106.306,53.422,5.657,1.441,Medium
Compute,Air,APAC,Night,0.515,42.661,77.551,15.355,19.7,0.776,68.201,43.352,5.372,1.65,Low
Edge,Liquid,ME,Night,0.624,53.993,66.01,10.075,20.212,0.796,132.357,63.242,6.249,1.438,Medium
Compute,Liquid,APAC,Peak,0.307,41.655,82.071,7.116,20.9,1.0,103.873,63.0,8.262,1.24,High
GPU,Liquid,EU,Off-Peak,0.991,76.179,85.186,27.733,23.753,1.0,115.092,28.46,21.166,1.373,High
Compute,Liquid,EU,Off-Peak,0.35,36.186,34.358,9.829,21.307,1.0,99.341,24.417,17.967,1.332,High
Storage,Air,ME,Off-Peak,0.805,67.198,76.149,8.182,24.455,0.767,81.072,39.321,4.382,1.578,Low
GPU,Liquid,EU,Night,0.382,28.994,62.987,21.869,21.517,1.0,87.348,19.364,16.433,1.306,High
Storage,Air,NA,Peak,0.382,29.699,81.808,14.812,32.141,0.864,64.857,27.468,7.949,1.58,Low
Storage,Hybrid,EU,Off-Peak,0.193,28.906,39.462,15.789,23.311,0.886,57.379,12.011,10.571,1.459,Medium
Storage,Liquid,EU,Peak,0.604,55.654,81.831,16.687,20.603,1.0,60.269,15.464,11.797,1.481,Medium
Compute,Hybrid,NA,Off-Peak,0.32,30.07,83.541,12.114,19.667,0.879,69.214,31.431,8.679,1.404,Medium
Edge,Air,APAC,Off-Peak,0.234,20.402,82.157,8.958,26.693,0.919,39.926,22.816,3.44,1.439,Medium
GPU,Air,NA,Peak,0.304,24.985,59.433,34.285,21.428,0.784,95.45,38.691,12.298,1.282,High
Edge,Air,EU,Peak,0.326,24.675,75.347,13.942,22.489,0.86,54.46,13.572,9.899,1.527,Medium
Compute,Air,APAC,Night,0.554,49.237,72.064,22.198,23.727,0.752,76.054,44.195,5.589,1.606,Low
GPU,Air,EU,Off-Peak,0.447,33.793,92.117,16.828,19.454,0.827,132.211,35.246,24.083,1.411,Medium
Edge,Liquid,APAC,Off-Peak,0.168,15.463,71.587,11.877,15.735,0.948,30.739,20.409,2.217,1.309,High
Compute,Air,NA,Peak,0.582,48.258,69.801,7.65,26.4,0.761,74.819,29.242,8.868,1.385,Medium
Compute,Liquid,ME,Off-Peak,0.809,72.036,75.119,14.705,20.727,1.0,91.294,48.228,4.53,1.415,High
GPU,Hybrid,NA,Off-Peak,0.617,53.058,51.929,18.942,20.973,0.948,110.175,43.922,14.143,1.553,Medium
Storage,Liquid,NA,Night,0.977,83.996,66.805,12.806,15.0,0.795,131.928,52.658,15.137,1.461,Medium
GPU,Air,APAC,Peak,0.189,24.795,58.421,6.352,26.881,0.672,95.443,57.023,7.262,2.002,Low
Compute,Air,APAC,Off-Peak,0.839,75.017,83.189,14.531,23.399,0.906,88.847,54.915,8.689,1.779,Low
GPU,Air,NA,Peak,0.555,41.473,44.686,24.698,24.204,0.678,118.911,48.489,13.512,1.706,Low
Compute,Air,ME,Peak,0.569,45.717,72.898,13.262,22.582,0.834,58.517,27.852,3.539,1.692,Low
Compute,Liquid,EU,Off-Peak,0.567,46.948,55.678,8.353,20.333,0.908,74.935,19.173,13.412,1.12,High
Compute,Air,ME,Peak,0.393,32.251,42.46,7.897,24.618,0.842,57.517,28.303,3.005,1.693,Low
GPU,Hybrid,EU,Peak,0.392,43.028,49.023,5.556,24.605,0.779,94.348,24.8,15.952,1.687,Low
Storage,Liquid,EU,Off-Peak,0.669,53.039,70.284,20.143,22.515,1.0,86.814,24.583,16.089,1.668,Low
Storage,Liquid,EU,Off-Peak,0.14,23.734,64.076,14.818,23.146,0.922,55.697,15.104,10.997,1.837,Low
Compute,Air,NA,Off-Peak,0.63,51.183,73.911,11.125,26.54,0.678,100.076,37.931,12.781,1.608,Low
GPU,Air,EU,Off-Peak,0.752,56.658,66.608,13.028,21.607,0.72,191.892,47.973,34.541,1.403,Medium
Compute,Liquid,EU,Off-Peak,0.421,36.066,58.99,15.974,15.855,0.914,110.764,28.359,20.011,1.295,High
GPU,Air,NA,Peak,0.296,37.198,63.458,20.13,24.148,0.628,94.473,36.309,12.427,1.478,Low
Storage,Air,NA,Peak,0.292,31.382,36.061,5.301,25.268,0.937,65.687,28.385,8.331,1.531,Medium
Compute,Air,NA,Off-Peak,0.174,15.751,60.857,20.755,26.77,0.889,49.182,21.046,6.244,1.395,High
Storage,Air,APAC,Peak,0.181,25.155,65.033,16.621,24.887,0.794,56.485,33.621,4.371,1.419,Medium
Compute,Liquid,EU,Night,0.25,29.237,42.55,18.77,20.298,0.86,65.503,16.614,11.336,1.362,High
GPU,Air,APAC,Off-Peak,0.117,14.927,72.494,5.811,23.407,0.951,105.998,62.573,8.271,1.486,Medium
Storage,Liquid,ME,Peak,0.34,30.653,43.011,13.4,21.779,0.907,41.78,21.031,1.814,1.466,Medium
Compute,Air,EU,Off-Peak,0.376,37.289,70.591,7.479,37.739,0.916,70.608,19.616,13.112,1.42,Medium
GPU,Liquid,ME,Night,0.996,76.922,60.275,27.039,21.522,0.883,111.675,58.07,5.65,1.433,Medium
Compute,Hybrid,NA,Peak,0.993,81.009,86.502,19.675,19.424,0.894,84.207,33.502,10.333,1.477,Medium
Storage,Hybrid,NA,Peak,0.268,25.527,60.608,10.931,23.646,0.771,60.622,24.089,6.558,1.556,Low
Edge,Air,EU,Night,0.292,30.733,55.894,16.919,20.997,0.731,65.838,14.611,12.226,1.395,Medium
Storage,Air,EU,Peak,0.543,45.567,79.698,22.261,20.719,0.746,54.932,15.31,10.133,1.443,Medium
Compute,Air,APAC,Peak,0.234,34.76,37.994,10.636,26.905,0.832,82.465,48.485,6.064,1.408,Medium
Edge,Liquid,EU,Peak,0.554,52.845,77.301,16.589,20.941,0.969,89.268,20.055,16.112,1.392,High
Storage,Liquid,NA,Off-Peak,0.459,35.278,72.994,7.164,21.977,1.0,57.548,24.887,5.59,1.521,Medium
Compute,Liquid,APAC,Off-Peak,0.392,38.162,63.45,14.159,16.188,0.905,130.529,77.411,10.343,1.51,Medium
Compute,Air,EU,Off-Peak,0.84,59.418,77.065,21.364,24.932,0.821,78.182,20.046,14.728,1.472,Medium
GPU,Liquid,NA,Night,0.845,68.066,47.35,20.662,15.0,1.0,113.227,47.571,13.024,1.357,High
Storage,Air,EU,Off-Peak,0.989,78.57,73.091,13.834,23.823,0.68,69.02,20.106,12.768,1.413,Medium
Storage,Liquid,ME,Night,0.301,24.269,59.257,17.355,15.132,1.0,47.833,25.245,1.764,1.261,High
GPU,Air,APAC,Off-Peak,0.899,76.042,98.0,25.443,21.551,0.814,127.123,75.213,9.769,1.619,Low
GPU,Liquid,EU,Peak,0.584,53.296,55.772,8.209,23.509,0.971,131.843,35.074,23.576,1.57,Medium
Compute,Air,NA,Night,0.632,56.045,39.863,13.255,15.0,0.673,80.746,34.843,10.125,1.173,High
Compute,Air,NA,Peak,0.907,75.374,75.818,21.06,27.074,0.878,127.206,49.8,15.186,1.711,Low
Compute,Liquid,EU,Off-Peak,0.948,76.815,73.241,11.548,15.0,0.934,95.664,25.945,17.158,1.122,High
GPU,Air,APAC,Peak,0.754,64.005,63.412,28.65,25.493,0.834,109.838,64.046,8.834,1.579,Low
Compute,Liquid,NA,Off-Peak,0.413,30.753,41.905,6.089,15.0,0.957,96.605,39.107,11.286,1.36,High
Storage,Liquid,NA,Night,0.541,52.587,52.307,30.27,15.816,0.81,96.928,39.006,11.595,1.198,High
GPU,Liquid,ME,Peak,0.654,55.835,60.144,15.383,21.5,0.949,119.314,57.883,4.923,1.315,High
GPU,Air,APAC,Peak,0.846,61.848,70.391,14.936,23.886,0.976,97.936,62.231,7.36,1.375,High
Compute,Air,EU,Peak,0.692,57.443,40.23,10.398,27.822,0.707,78.886,19.834,14.627,1.701,Low
GPU,Liquid,NA,Off-Peak,0.429,36.569,83.932,21.73,15.0,0.815,113.902,44.717,13.654,1.122,High
Compute,Air,NA,Peak,0.476,37.973,87.443,19.704,27.627,0.884,61.126,25.239,7.756,1.509,Medium
GPU,Liquid,NA,Off-Peak,0.145,31.487,41.791,12.691,22.313,0.951,101.963,40.312,11.938,1.353,High
Compute,Air,EU,Peak,0.932,74.941,53.341,17.989,26.279,0.875,98.582,25.47,17.735,1.52,Medium
Compute,Air,NA,Peak,0.179,18.492,43.613,7.615,19.43,0.807,60.464,22.921,7.769,1.577,Low
GPU,Air,APAC,Off-Peak,0.622,46.373,77.278,16.139,20.585,0.802,119.265,69.607,9.675,1.512,Medium
Compute,Air,ME,Off-Peak,0.884,70.512,70.35,20.069,24.003,0.784,81.101,39.93,3.139,1.686,Low
Compute,Air,NA,Peak,0.479,39.604,62.924,15.593,23.239,0.786,58.161,20.251,7.609,1.336,High
GPU,Liquid,EU,Off-Peak,0.82,64.601,97.617,10.126,16.977,0.843,110.494,25.631,20.485,1.472,Medium
GPU,Liquid,APAC,Night,0.823,0.132,75.318,25.802,20.105,0.992,175.877,106.072,14.254,1.349,High
Storage,Air,ME,Peak,0.154,15.947,73.996,8.321,24.17,0.973,69.419,33.644,3.585,1.179,High
Storage,Hybrid,APAC,Peak,0.471,41.725,77.378,11.526,23.572,0.631,60.781,33.864,4.86,1.47,Low
Storage,Liquid,NA,Off-Peak,0.722,51.706,74.131,12.705,15.0,0.834,72.131,26.62,7.734,1.483,Medium
Compute,Hybrid,NA,Peak,0.48,38.688,46.688,8.531,21.444,0.744,79.482,30.331,9.697,1.848,Low
Compute,Liquid,APAC,Peak,0.591,45.992,67.375,32.228,21.914,0.942,75.086,44.124,5.067,1.458,Medium
Compute,Liquid,EU,Off-Peak,0.635,48.066,59.362,9.218,18.523,0.933,77.852,17.174,14.266,1.386,High
Edge,Air,NA,Peak,0.236,24.617,65.391,10.42,27.141,0.87,54.211,23.227,5.994,1.636,Low
Storage,Air,EU,Peak,0.471,46.125,79.269,20.429,27.223,0.911,54.475,16.302,9.929,1.484,Medium
Storage,Air,APAC,Night,0.126,18.147,41.251,5.578,28.119,0.877,54.416,34.346,3.812,1.606,Low
Storage,Liquid,NA,Peak,0.235,22.579,59.423,2.599,20.601,0.945,54.671,19.672,7.593,1.385,High
Edge,Air,APAC,Night,0.561,44.482,82.205,28.487,18.91,0.95,53.748,32.92,4.277,1.639,Low
Compute,Liquid,NA,Peak,0.616,59.897,92.199,16.2,23.561,0.915,105.386,43.157,13.045,1.646,Low
Storage,Air,APAC,Night,0.232,20.84,36.243,26.638,22.94,0.949,75.699,46.489,7.158,1.541,Medium
Storage,Hybrid,EU,Off-Peak,0.78,57.946,66.953,12.649,19.944,0.894,80.721,23.404,14.926,1.169,High
Storage,Air,NA,Peak,0.436,47.116,68.28,8.561,27.176,0.825,79.015,27.99,9.21,1.626,Low
Compute,Air,APAC,Off-Peak,0.929,76.956,73.721,15.827,19.723,0.827,85.064,50.783,6.021,1.485,Medium
GPU,Air,APAC,Night,0.449,47.401,54.631,19.315,21.728,0.706,94.107,58.433,7.459,1.591,Low
Edge,Air,ME,Peak,0.235,24.263,33.799,7.417,24.682,0.709,34.618,18.035,1.952,1.546,Low
Storage,Air,NA,Off-Peak,0.782,58.537,68.507,21.975,21.804,0.896,82.066,26.586,8.738,1.307,High
Storage,Liquid,EU,Off-Peak,0.611,50.987,47.833,10.815,17.318,0.976,80.376,17.953,15.246,1.361,High
Edge,Air,EU,Off-Peak,0.448,34.908,61.787,8.349,27.305,0.766,41.826,12.016,6.745,1.678,Low
GPU,Air,EU,Off-Peak,0.42,29.995,77.209,23.129,21.37,0.865,117.933,28.315,21.562,1.263,High
Compute,Hybrid,APAC,Peak,0.236,24.725,76.025,21.044,22.676,0.888,105.892,62.313,7.718,1.868,Low
Storage,Air,NA,Peak,0.407,34.87,70.607,20.607,24.521,0.673,61.494,25.021,7.397,1.615,Low
Storage,Hybrid,NA,Off-Peak,0.126,10.701,88.4,12.008,18.6,0.937,50.372,23.137,5.632,1.142,High
Storage,Hybrid,EU,Night,0.552,40.433,91.91,18.152,18.869,0.923,58.107,12.552,9.979,1.5,Medium
GPU,Air,NA,Peak,0.907,80.688,57.135,16.494,28.657,0.903,112.542,46.621,13.152,1.48,Medium
Edge,Air,ME,Off-Peak,0.816,60.18,72.346,20.519,18.298,0.879,100.451,48.658,4.13,1.472,Medium
Edge,Air,EU,Peak,0.126,20.36,78.173,11.866,25.015,0.867,55.894,15.079,10.26,1.783,Low
Storage,Liquid,EU,Off-Peak,0.893,73.928,85.42,15.688,23.673,0.947,93.619,25.368,16.689,1.32,High
Compute,Liquid,APAC,Off-Peak,0.507,46.897,83.527,17.008,15.0,0.818,115.309,69.421,9.188,1.335,High
Edge,Liquid,EU,Off-Peak,0.272,32.301,62.697,6.683,17.198,1.0,47.122,10.017,8.458,1.462,Medium
GPU,Liquid,EU,Night,0.777,56.307,33.46,22.533,18.972,0.731,118.035,32.029,22.175,1.613,Low
Compute,Air,NA,Peak,0.391,30.39,81.576,20.211,18.474,0.873,102.124,39.691,11.073,1.397,Medium
Edge,Hybrid,NA,Peak,0.328,30.195,67.781,24.287,33.796,0.992,52.82,22.736,6.567,1.629,Low
GPU,Liquid,NA,Night,0.245,31.583,47.746,4.854,15.0,0.989,102.578,41.373,11.95,1.161,High
Storage,Liquid,EU,Peak,0.538,41.281,61.293,10.359,18.992,0.97,74.049,16.319,12.846,1.235,High
Storage,Hybrid,EU,Off-Peak,0.184,18.419,64.413,32.219,19.908,0.872,48.518,8.633,7.907,1.448,Medium
Compute,Liquid,NA,Off-Peak,0.807,61.121,50.506,9.846,19.961,0.962,83.186,32.041,10.808,1.337,High
Compute,Air,EU,Off-Peak,0.524,40.807,89.943,9.54,19.828,0.887,90.743,23.531,16.767,1.403,Medium
Compute,Air,NA,Peak,0.502,46.42,60.359,28.081,22.153,0.831,57.591,21.661,6.404,1.552,Low
GPU,Air,ME,Peak,0.102,19.32,42.089,11.231,25.412,0.917,91.484,50.124,5.31,1.599,Low
Compute,Air,NA,Off-Peak,0.836,72.241,98.0,17.066,26.256,0.826,90.711,36.731,11.79,1.716,Low
Compute,Hybrid,APAC,Peak,0.544,41.339,48.082,19.42,22.173,0.91,104.996,65.85,8.296,1.386,High
Compute,Air,EU,Off-Peak,0.496,41.334,55.194,22.082,27.517,0.712,61.778,17.639,10.996,1.533,Low
Storage,Liquid,EU,Off-Peak,0.785,66.819,73.076,25.905,18.646,0.744,81.481,21.095,14.278,1.499,Low
Edge,Liquid,NA,Peak,0.157,20.224,58.676,16.078,20.964,0.907,42.989,17.156,5.485,1.482,Medium
Compute,Air,ME,Peak,0.43,33.921,61.776,8.714,23.131,0.859,63.339,32.186,2.656,1.487,Medium
Compute,Hybrid,NA,Night,0.618,65.324,71.035,35.605,20.119,0.828,79.56,33.453,9.59,1.408,Medium
GPU,Hybrid,EU,Off-Peak,0.515,43.177,61.161,31.099,24.558,0.854,117.707,30.154,21.26,1.684,Low
Storage,Liquid,ME,Off-Peak,0.263,24.592,47.582,7.667,20.76,0.854,48.068,26.594,3.113,1.658,Low
Compute,Air,APAC,Night,0.369,28.628,98.0,9.05,18.387,0.664,75.692,46.274,6.77,1.481,Low
Storage,Air,EU,Off-Peak,0.37,30.837,92.311,10.7,23.21,0.831,77.788,17.9,13.367,1.45,Medium
Compute,Air,ME,Night,0.993,77.027,67.929,13.863,18.667,0.821,75.138,39.117,4.308,1.529,Medium
Compute,Air,APAC,Peak,0.394,31.62,50.948,12.308,24.594,0.842,95.563,56.012,7.336,1.439,Medium
Storage,Liquid,NA,Night,0.285,22.086,69.971,17.33,19.74,0.871,63.436,28.184,8.173,1.109,High
Storage,Hybrid,EU,Peak,0.84,64.928,74.959,18.923,21.722,0.684,65.89,15.992,11.76,1.412,Medium
Edge,Liquid,NA,Night,0.479,38.718,25.873,13.969,18.735,0.806,105.541,43.026,12.485,1.636,Low
Compute,Hybrid,NA,Night,0.499,47.764,55.704,7.084,22.87,0.899,71.295,27.798,7.886,1.449,Medium
Storage,Liquid,APAC,Peak,0.594,47.982,33.516,11.006,21.24,0.997,62.335,40.969,5.205,1.564,Medium
Storage,Air,EU,Off-Peak,0.636,45.889,58.377,27.525,21.427,0.921,60.701,18.251,10.614,1.193,High
Compute,Hybrid,NA,Off-Peak,0.632,51.356,77.94,9.787,26.664,0.811,67.551,23.796,8.887,1.612,Low
Storage,Air,APAC,Peak,0.131,14.919,62.278,4.762,19.525,0.951,62.189,38.087,5.317,1.22,High
Compute,Hybrid,NA,Off-Peak,0.837,73.305,41.38,10.662,21.926,0.962,89.535,35.039,11.37,1.228,High
Edge,Air,ME,Peak,0.275,33.542,55.758,6.359,21.751,0.8,64.077,32.725,4.274,1.593,Low
Compute,Air,ME,Night,0.363,34.127,68.144,5.883,21.567,0.663,105.699,53.08,4.895,1.822,Low
Storage,Hybrid,ME,Peak,0.256,28.935,76.059,17.932,25.743,0.883,77.047,37.422,2.575,1.296,High
Compute,Liquid,APAC,Off-Peak,0.79,71.206,71.857,13.97,19.592,1.0,101.315,59.151,7.821,1.213,High
Edge,Hybrid,NA,Peak,0.625,57.033,72.523,14.082,28.833,0.886,101.408,44.269,12.15,1.531,Medium
Storage,Hybrid,EU,Peak,0.78,69.837,61.816,24.42,27.482,0.837,64.43,15.661,12.64,1.576,Low
Storage,Air,NA,Off-Peak,0.688,56.814,59.706,22.247,23.721,0.758,65.899,26.709,7.698,1.501,Medium
Compute,Liquid,NA,Off-Peak,0.194,21.139,51.21,20.026,25.82,0.927,115.087,45.519,14.26,1.056,High
GPU,Air,EU,Peak,0.371,31.544,62.688,16.396,26.259,0.747,92.105,20.989,16.408,1.521,Low
Compute,Liquid,NA,Night,0.557,42.25,42.134,18.836,15.873,0.837,125.272,48.012,14.257,1.393,Medium
GPU,Liquid,ME,Peak,0.374,41.718,43.687,16.229,18.595,0.994,128.139,63.673,6.271,1.787,Low
Compute,Air,ME,Off-Peak,0.287,25.893,67.09,11.789,24.561,0.88,64.592,34.037,3.22,1.27,High
Compute,Liquid,NA,Off-Peak,0.883,65.047,70.854,29.269,19.806,0.993,83.523,32.432,10.315,1.336,High
Compute,Liquid,EU,Off-Peak,0.773,67.366,55.686,13.328,19.949,1.0,108.594,31.1,19.666,1.589,Medium
Storage,Air,EU,Peak,0.411,42.042,64.117,16.927,24.04,0.865,79.922,21.78,14.502,1.591,Low
Storage,Hybrid,APAC,Off-Peak,0.789,60.546,60.501,20.339,22.051,0.717,85.834,52.685,7.833,1.597,Low
Compute,Liquid,EU,Off-Peak,0.665,65.381,73.634,14.748,25.958,0.83,77.545,17.815,13.41,1.671,Low
GPU,Hybrid,NA,Peak,0.103,15.249,59.258,26.06,23.897,0.757,108.086,40.255,13.282,1.473,Medium
Storage,Air,EU,Peak,0.442,41.753,60.731,18.501,28.534,0.797,115.183,27.72,21.069,1.634,Low
Storage,Air,EU,Peak,0.361,27.486,45.558,6.462,28.397,0.883,41.403,10.359,7.919,1.906,Low
Storage,Liquid,ME,Peak,0.296,23.978,48.598,13.93,17.065,0.933,69.036,31.57,3.039,1.325,High
Storage,Air,NA,Peak,0.326,39.192,50.899,12.857,26.02,0.857,54.511,18.621,7.21,1.658,Low
Storage,Hybrid,NA,Peak,0.948,70.934,56.583,18.103,21.944,0.879,67.202,28.059,7.526,1.659,Low
Compute,Air,APAC,Off-Peak,0.538,40.896,66.705,7.543,19.581,0.951,87.499,52.812,6.715,1.31,High
Compute,Liquid,APAC,Peak,0.863,74.932,76.064,12.601,15.031,0.906,86.998,54.43,6.781,1.32,High
GPU,Liquid,APAC,Peak,0.293,21.959,77.116,21.459,25.58,0.98,105.811,59.96,8.88,1.492,Medium
Edge,Air,EU,Peak,0.257,24.092,58.327,22.586,28.219,0.877,46.946,12.619,8.92,1.559,Medium
Compute,Air,EU,Off-Peak,0.9,67.31,73.632,37.889,20.333,0.876,86.943,19.216,15.259,1.489,Medium
Compute,Liquid,EU,Peak,0.546,41.246,54.079,11.466,20.099,0.912,93.2,22.599,17.215,1.348,High
Storage,Liquid,NA,Off-Peak,0.906,64.487,69.5,20.502,20.019,0.93,72.936,31.021,8.802,1.184,High
Storage,Air,EU,Off-Peak,0.157,20.685,63.977,13.73,24.146,0.94,37.016,9.45,6.754,1.429,Medium
Compute,Hybrid,NA,Off-Peak,0.925,74.808,72.143,18.386,20.809,0.88,83.259,31.827,9.952,1.379,High
Compute,Air,NA,Peak,0.474,48.106,97.582,5.143,23.231,0.859,78.502,31.546,10.819,1.566,Low
GPU,Air,ME,Off-Peak,0.24,24.741,46.697,8.28,26.607,0.79,104.561,54.302,5.689,1.447,Medium
Storage,Liquid,NA,Peak,0.715,59.054,44.01,10.384,17.002,0.938,69.116,25.853,8.83,1.68,Low
Compute,Air,ME,Night,0.817,66.88,58.826,9.113,17.613,0.765,88.282,43.456,4.601,1.245,High
Compute,Hybrid,NA,Off-Peak,0.143,22.427,81.223,8.544,21.558,0.928,65.328,26.42,7.568,1.614,Low
Compute,Air,NA,Off-Peak,0.988,76.745,96.182,17.077,22.839,0.869,106.896,42.527,12.986,1.636,Low
Storage,Air,EU,Night,0.727,64.277,64.822,9.502,33.519,0.876,72.091,19.511,13.66,1.173,High
Compute,Air,APAC,Off-Peak,0.389,35.352,63.937,13.167,17.083,0.926,183.221,109.933,14.658,1.357,High
Compute,Liquid,EU,Peak,0.236,19.614,75.723,9.944,22.743,0.726,68.893,19.836,12.786,1.452,Medium
GPU,Liquid,APAC,Peak,0.453,44.552,81.948,17.9,17.384,0.937,106.886,62.99,8.414,2.481,High
Compute,Liquid,NA,Off-Peak,0.299,33.569,27.544,20.476,17.429,1.0,72.909,29.689,9.303,1.411,High
Storage,Air,ME,Night,0.545,44.194,70.781,16.955,23.442,0.819,68.762,30.966,3.178,1.439,Medium
Compute,Air,NA,Night,0.804,60.703,93.593,13.944,20.264,0.781,99.641,41.746,11.645,1.512,Medium
Compute,Hybrid,APAC,Off-Peak,0.694,57.449,75.456,19.675,16.652,0.791,69.946,41.531,5.425,1.405,Medium
Compute,Air,EU,Peak,0.492,45.756,36.836,9.693,22.459,0.96,72.878,17.597,12.543,1.26,High
GPU,Hybrid,APAC,Off-Peak,0.207,32.078,91.959,10.4,26.028,0.764,84.559,47.472,7.117,1.687,Low
GPU,Air,EU,Off-Peak,0.961,83.438,84.784,25.679,22.1,0.818,113.315,21.946,21.219,2.56,Medium
GPU,Hybrid,NA,Off-Peak,0.343,29.129,40.266,21.535,20.008,0.843,94.794,35.814,11.258,1.67,Low
Compute,Air,ME,Off-Peak,0.35,35.35,53.88,8.846,25.441,0.86,75.612,38.564,4.589,1.682,Low
Storage,Liquid,NA,Off-Peak,0.681,68.784,79.803,15.545,17.449,1.0,68.318,31.225,7.806,1.37,High
Compute,Air,NA,Night,0.793,58.695,64.968,22.098,28.857,0.787,91.649,38.52,10.879,1.705,Low
Compute,Air,APAC,Off-Peak,0.986,78.196,95.351,28.83,23.819,0.836,90.97,54.623,6.989,1.633,Low
GPU,Air,NA,Peak,0.972,74.229,87.89,14.111,37.956,0.677,125.188,50.641,15.825,1.795,Low
Compute,Air,NA,Peak,0.922,71.012,80.609,32.15,21.644,0.851,83.078,35.697,9.827,1.714,Low
Compute,Air,EU,Night,0.492,49.812,52.257,10.558,34.76,0.731,87.85,23.329,15.196,1.615,Low
Compute,Liquid,APAC,Night,0.25,32.33,65.176,4.746,18.42,0.893,90.33,52.749,7.966,1.579,Low
Compute,Liquid,NA,Peak,0.626,54.512,98.0,12.283,21.51,0.98,102.717,44.204,12.074,1.362,High
Compute,Liquid,EU,Off-Peak,0.116,13.639,67.377,12.761,17.626,0.94,57.82,11.193,10.73,1.272,High
Storage,Liquid,APAC,Night,0.277,28.492,71.774,10.512,18.691,0.924,106.619,66.017,8.131,1.406,High
Storage,Liquid,APAC,Night,0.102,22.353,36.539,6.051,19.898,1.0,53.497,31.871,4.9,1.285,High
GPU,Air,ME,Off-Peak,0.262,28.783,54.732,15.741,28.658,0.883,108.587,55.148,5.968,1.75,Low
GPU,Air,APAC,Peak,0.527,44.185,66.316,12.987,22.362,0.702,127.03,75.538,9.789,1.26,High
Compute,Air,EU,Off-Peak,0.454,39.194,65.438,13.927,30.474,0.82,93.543,23.194,17.579,1.61,Low
Compute,Hybrid,EU,Peak,0.432,31.24,78.997,10.657,28.289,0.92,92.512,23.575,16.06,1.523,Medium
Compute,Air,NA,Night,0.848,73.059,55.155,26.489,26.817,0.955,112.298,47.476,14.063,1.662,Low
Storage,Air,APAC,Peak,0.707,59.422,73.216,17.218,24.041,0.799,69.946,46.713,6.121,1.247,High
Compute,Liquid,ME,Off-Peak,0.943,69.803,76.023,27.231,20.447,0.979,86.197,42.705,4.756,1.464,Medium
Storage,Air,APAC,Off-Peak,0.501,39.133,85.953,12.539,25.259,0.905,61.443,39.145,5.127,1.568,Medium
Storage,Hybrid,NA,Off-Peak,0.345,31.79,65.804,7.2,19.159,0.813,66.232,26.973,7.599,1.593,Low
Storage,Hybrid,EU,Off-Peak,0.21,20.367,51.213,15.652,17.209,0.919,33.047,6.339,6.1,1.213,High
Storage,Air,EU,Peak,0.705,58.872,37.64,11.5,23.037,0.867,118.473,30.219,21.56,1.397,Medium
Compute,Air,EU,Off-Peak,0.858,72.473,70.046,29.443,24.753,0.799,103.461,24.364,17.799,1.537,Low
Edge,Air,APAC,Peak,0.265,27.009,60.965,7.402,24.012,0.991,49.897,31.958,4.356,1.34,High
GPU,Liquid,EU,Peak,0.891,65.085,71.303,25.494,27.652,0.887,106.397,27.834,18.796,1.453,Medium
Compute,Air,NA,Night,0.574,41.636,85.844,15.158,22.479,0.751,68.212,24.684,7.458,1.237,High
GPU,Liquid,ME,Off-Peak,0.23,29.86,69.994,8.681,20.811,0.936,89.137,45.137,3.722,1.743,Low
Storage,Liquid,EU,Off-Peak,0.679,53.678,60.986,12.553,17.072,1.0,73.395,21.015,13.513,1.284,High
GPU,Air,NA,Off-Peak,0.568,50.093,57.961,10.759,24.062,0.94,92.913,34.628,10.67,1.433,Medium
GPU,Air,NA,Off-Peak,0.125,23.215,60.258,6.099,22.509,0.848,148.892,63.066,17.745,1.473,Medium
Storage,Liquid,ME,Off-Peak,0.459,41.823,48.047,15.685,16.158,1.0,64.531,30.297,2.636,1.678,Low
Compute,Air,APAC,Off-Peak,0.806,67.826,67.821,18.873,23.179,0.977,95.033,55.093,8.298,1.26,High
Compute,Hybrid,EU,Night,0.6,50.823,66.926,33.122,24.412,0.929,67.168,18.156,12.011,1.371,High
Storage,Air,NA,Off-Peak,0.354,26.336,51.149,10.967,20.194,0.912,72.326,25.947,8.526,1.242,High
Storage,Liquid,NA,Off-Peak,0.936,81.298,70.257,13.203,15.564,0.996,86.163,33.724,10.341,1.174,High
Compute,Hybrid,NA,Off-Peak,0.314,30.171,48.627,11.676,15.425,0.842,57.825,26.454,6.604,1.593,Low
Compute,Hybrid,EU,Peak,0.327,26.586,98.0,7.817,15.203,0.794,75.742,21.226,13.397,1.674,Low
GPU,Air,EU,Off-Peak,0.419,33.622,88.795,6.767,26.905,0.913,99.198,25.312,18.057,1.43,Medium
Edge,Air,EU,Night,0.905,66.753,68.659,31.011,23.927,0.943,65.109,15.339,12.867,1.503,Medium
Storage,Liquid,APAC,Peak,0.557,44.829,51.001,17.024,26.611,1.0,59.406,35.819,6.012,1.743,Low
Compute,Air,NA,Peak,0.714,54.093,24.774,19.402,25.237,0.869,75.47,32.079,9.696,1.692,Low
Compute,Air,NA,Off-Peak,0.979,76.968,53.128,15.387,21.168,0.762,87.018,33.957,10.207,1.58,Low
Compute,Hybrid,NA,Peak,0.805,61.5,85.418,15.923,21.716,0.895,89.604,40.307,10.511,1.429,Medium
Edge,Air,NA,Night,0.255,23.545,58.103,6.101,20.449,0.908,32.14,11.234,3.587,1.395,High
Compute,Air,NA,Peak,0.81,64.857,75.202,11.279,26.875,0.939,79.984,31.658,9.657,1.589,Medium
Storage,Air,EU,Peak,0.774,68.699,78.992,15.806,29.202,0.768,86.425,22.256,15.675,1.677,Low
Compute,Liquid,APAC,Night,0.309,28.187,54.602,15.972,22.169,1.0,55.327,35.219,4.397,1.289,High
Storage,Liquid,APAC,Peak,0.393,29.136,79.95,7.381,22.134,0.959,56.474,35.066,5.394,1.351,High
Storage,Air,APAC,Off-Peak,0.739,57.729,77.406,22.158,21.381,0.934,96.963,59.231,7.121,1.767,Low
GPU,Air,EU,Night,0.315,37.122,58.443,26.522,22.493,0.76,87.929,20.991,16.061,1.537,Low
Compute,Air,APAC,Off-Peak,0.287,33.421,59.341,5.79,20.477,0.937,60.742,33.466,5.64,1.461,Medium
Compute,Liquid,NA,Off-Peak,0.733,65.146,86.437,15.373,16.996,0.733,103.239,45.769,12.177,1.448,Medium
Compute,Air,ME,Peak,0.893,73.7,84.901,17.309,27.302,0.853,113.004,55.167,5.762,1.636,Low
Edge,Hybrid,NA,Peak,0.168,16.612,36.249,11.951,20.306,0.807,58.237,24.525,7.082,1.197,High
GPU,Air,NA,Peak,0.501,44.039,83.783,22.388,23.522,0.916,101.334,39.988,11.8,1.504,Medium
Storage,Hybrid,NA,Peak,0.646,51.106,72.375,21.641,18.549,0.71,71.526,25.923,8.62,1.389,Medium
Storage,Air,ME,Off-Peak,0.709,66.678,62.846,25.115,22.249,0.89,71.002,37.831,2.364,1.73,Low
Storage,Liquid,ME,Peak,0.997,88.167,61.607,18.101,25.684,0.966,91.685,48.079,4.935,1.573,Medium
Compute,Air,APAC,Off-Peak,0.714,71.984,65.758,10.877,25.055,0.876,110.965,66.16,8.439,2.511,Medium
Edge,Air,EU,Peak,0.658,54.606,67.876,29.199,26.552,0.868,76.397,17.654,14.101,1.596,Low
Storage,Hybrid,EU,Off-Peak,0.991,79.428,61.092,18.912,18.878,0.787,82.498,20.712,14.69,1.582,Low
Compute,Hybrid,ME,Peak,0.155,27.311,62.84,4.933,21.744,0.7,83.419,41.373,4.065,1.349,Medium
Storage,Air,EU,Peak,0.167,13.37,40.568,7.165,18.659,0.967,47.629,15.001,8.726,1.364,High
Compute,Liquid,ME,Off-Peak,0.605,52.182,30.543,17.291,21.228,1.0,98.384,46.365,5.091,1.493,Medium
Compute,Liquid,NA,Off-Peak,0.423,48.841,64.457,9.078,21.236,0.925,76.662,31.446,9.468,1.373,High
GPU,Hybrid,NA,Night,0.187,20.937,66.769,10.612,21.128,0.849,78.784,29.841,10.377,1.416,Medium
Compute,Air,APAC,Night,0.376,31.093,75.736,14.516,25.118,0.691,74.566,47.228,5.616,1.632,Low
Storage,Liquid,NA,Off-Peak,0.707,54.663,86.876,9.203,20.13,0.994,73.014,29.123,9.923,1.178,High
Compute,Air,ME,Off-Peak,0.893,67.326,48.385,19.084,19.111,0.864,123.214,63.224,6.027,1.53,Medium
Compute,Air,EU,Peak,0.185,29.828,62.082,7.775,25.443,0.811,102.55,24.788,19.285,1.401,Medium
Compute,Hybrid,ME,Peak,0.586,44.377,80.287,7.837,26.694,0.811,87.512,41.814,5.591,1.527,Medium
Compute,Air,NA,Night,0.367,32.141,63.207,20.879,22.231,0.835,60.306,24.942,6.022,1.435,Medium
GPU,Air,APAC,Peak,0.701,1.303,68.095,12.009,25.512,0.943,115.383,70.251,9.329,1.545,Medium
Compute,Liquid,EU,Peak,0.595,43.847,74.212,10.554,20.432,1.0,59.455,15.291,10.698,1.619,Medium
Storage,Liquid,EU,Peak,0.934,71.885,90.349,14.178,24.561,0.867,80.418,19.228,14.239,1.604,Low
Storage,Air,EU,Peak,0.134,26.128,57.924,11.729,22.031,0.745,41.877,9.523,6.868,1.411,Medium
Storage,Air,ME,Off-Peak,0.523,39.735,69.707,7.595,19.647,0.778,83.958,39.155,4.017,1.284,High
Edge,Hybrid,EU,Peak,0.273,23.733,50.103,11.496,25.449,0.768,57.854,14.581,10.713,1.649,Low
GPU,Air,NA,Off-Peak,0.583,48.961,54.61,23.886,24.879,0.871,112.038,41.996,13.5,2.358,Medium
Compute,Liquid,ME,Peak,0.868,69.623,49.595,15.589,25.065,0.816,113.496,58.394,4.816,1.697,Low
Compute,Liquid,NA,Off-Peak,0.92,70.541,45.894,33.582,15.0,0.853,94.565,39.382,11.91,1.428,Medium
Compute,Air,NA,Off-Peak,0.458,43.3,72.493,6.241,24.985,0.882,77.162,32.67,9.361,1.554,Medium
Storage,Hybrid,NA,Peak,0.831,71.316,69.42,14.162,24.41,0.681,65.759,25.466,9.097,1.434,Medium
Compute,Liquid,APAC,Off-Peak,0.352,39.581,59.804,13.174,21.781,1.0,89.437,58.72,6.824,1.82,Low
Storage,Air,NA,Peak,0.106,14.744,67.86,5.296,26.076,0.923,53.955,22.157,5.581,1.399,High
Storage,Liquid,NA,Off-Peak,0.87,70.724,98.0,11.082,21.93,0.973,93.102,37.291,10.623,1.527,Medium
Compute,Liquid,ME,Off-Peak,0.207,26.231,60.611,10.705,15.78,0.954,58.929,28.417,2.788,1.114,High
GPU,Liquid,APAC,Night,0.116,15.73,39.296,13.1,19.097,1.0,82.278,49.773,6.538,1.509,Medium
Compute,Hybrid,NA,Peak,0.418,39.34,64.327,4.946,37.97,0.8,83.728,30.304,10.099,1.483,Medium
Compute,Air,APAC,Peak,0.441,38.596,76.764,15.842,27.002,0.731,86.325,52.205,7.311,1.642,Low
GPU,Air,ME,Peak,0.169,20.709,32.224,5.508,23.041,0.656,122.413,60.418,6.371,1.538,Low
Storage,Air,NA,Peak,0.833,65.122,89.461,9.755,25.595,0.948,66.863,29.332,8.163,1.756,Low
Storage,Air,APAC,Peak,0.465,45.997,50.531,28.393,26.407,0.82,75.806,47.101,6.327,1.698,Low
Storage,Air,EU,Peak,0.541,45.937,87.125,6.247,25.911,0.875,70.922,16.335,12.02,1.47,Medium
Compute,Hybrid,EU,Off-Peak,0.338,29.573,59.688,14.688,21.682,0.926,58.925,14.706,9.817,1.349,High
GPU,Liquid,EU,Night,0.56,63.0,52.05,23.716,15.0,0.933,106.183,23.506,19.076,1.409,High
GPU,Liquid,EU,Peak,0.79,60.011,79.229,29.946,19.875,1.0,186.175,46.544,33.511,1.711,Low
Storage,Liquid,NA,Night,0.916,71.311,62.966,10.326,15.0,0.777,91.439,37.357,10.273,1.348,Medium
Compute,Hybrid,APAC,Night,0.973,71.452,39.306,16.092,18.474,0.943,84.617,50.508,6.453,1.449,Medium
Storage,Air,NA,Night,0.484,46.831,60.549,27.073,21.74,0.918,60.796,21.866,7.246,1.606,Low
Compute,Hybrid,EU,Night,0.991,76.065,98.0,14.526,19.083,0.722,77.633,16.676,14.891,1.476,Medium
Compute,Air,NA,Off-Peak,0.365,32.62,50.521,22.561,19.883,0.77,148.639,59.976,17.771,1.478,Medium
Edge,Hybrid,APAC,Off-Peak,0.106,19.412,31.326,11.01,23.845,0.64,41.479,26.068,2.855,1.519,Low
Compute,Liquid,NA,Off-Peak,0.791,57.132,54.79,12.645,20.187,0.884,71.122,31.004,7.919,1.465,Medium
Edge,Air,EU,Off-Peak,0.261,21.087,51.392,7.139,23.282,0.606,60.478,14.913,9.982,1.536,Low
Storage,Liquid,EU,Night,0.147,27.277,80.589,16.869,15.142,1.0,54.373,17.915,9.006,1.149,High
Compute,Liquid,APAC,Peak,0.932,81.221,47.359,21.957,18.504,1.0,226.704,136.022,18.136,1.163,High
Storage,Air,EU,Peak,0.813,67.531,66.476,10.285,27.072,0.901,67.947,16.502,11.95,1.559,Medium
GPU,Liquid,APAC,Off-Peak,0.192,24.376,38.982,12.539,21.586,0.927,103.267,62.412,8.339,1.309,High
GPU,Air,NA,Off-Peak,0.799,60.329,77.9,20.6,21.249,0.817,102.67,41.48,13.21,1.524,Medium
GPU,Air,NA,Night,0.86,66.559,88.146,17.978,15.86,0.841,104.552,41.059,12.61,1.501,Medium
Storage,Hybrid,EU,Peak,0.915,71.562,79.531,16.694,24.113,0.748,75.374,16.997,13.361,1.437,Medium
Storage,Liquid,ME,Off-Peak,0.589,49.666,69.324,11.983,25.476,1.0,63.93,29.293,3.398,1.56,Medium
GPU,Hybrid,NA,Peak,0.733,58.637,52.101,16.069,20.219,0.911,123.92,47.355,15.369,1.454,Medium
Compute,Liquid,NA,Night,0.786,64.929,64.192,8.209,16.695,0.918,72.069,29.193,8.812,1.488,Medium
Storage,Air,NA,Peak,0.72,68.085,70.073,19.484,25.503,0.81,92.53,43.535,11.56,1.6,Low
Compute,Liquid,EU,Night,0.682,50.351,89.538,29.06,16.934,0.897,93.897,23.139,17.309,1.328,High
Edge,Liquid,NA,Peak,0.593,49.373,48.4,16.793,24.87,0.967,81.464,33.23,10.093,1.647,Low
Edge,Hybrid,APAC,Peak,0.531,46.719,54.345,8.764,19.847,0.755,49.53,29.374,4.092,1.548,Low
Compute,Air,NA,Peak,0.997,91.754,78.736,25.814,29.361,0.87,88.608,36.321,10.478,1.725,Low
GPU,Hybrid,NA,Peak,0.404,38.539,82.194,9.551,23.086,0.751,111.653,41.098,13.132,1.6,Low
Edge,Hybrid,NA,Off-Peak,0.179,24.456,48.483,8.035,22.354,0.671,101.036,37.819,12.199,1.387,Medium
Compute,Liquid,EU,Peak,0.789,55.952,98.0,18.077,21.456,0.984,81.675,18.172,14.304,1.144,High
Storage,Hybrid,EU,Off-Peak,0.292,32.145,51.235,15.765,20.692,0.935,66.03,19.037,11.975,1.266,High
Edge,Air,NA,Peak,0.579,49.728,49.687,9.544,23.484,0.735,52.242,19.265,6.692,1.481,Medium
Compute,Hybrid,ME,Night,0.186,15.89,53.272,11.3,18.316,0.905,64.338,32.256,3.891,1.735,Low
Storage,Liquid,NA,Peak,0.657,0.213,55.399,12.635,27.087,0.909,73.711,28.303,8.611,1.366,High
Compute,Air,APAC,Peak,0.95,77.294,76.237,15.386,28.481,0.854,101.536,63.846,8.158,1.709,Low
Edge,Hybrid,EU,Off-Peak,0.75,71.454,82.382,35.712,20.807,0.938,87.265,23.941,15.567,1.23,High
Edge,Air,NA,Night,0.293,29.019,72.176,31.786,23.256,0.762,59.341,25.305,7.045,1.602,Low
Edge,Air,APAC,Night,0.974,74.924,86.151,19.228,22.994,0.907,69.753,44.03,6.175,1.419,Medium
Storage,Liquid,APAC,Night,0.376,30.157,57.075,7.806,15.0,0.909,47.633,29.696,4.149,1.081,High
GPU,Air,NA,Peak,0.493,45.321,66.215,13.709,23.572,0.687,122.757,48.571,14.685,1.6,Low
GPU,Air,EU,Night,0.548,42.101,42.801,9.229,16.698,0.821,112.58,29.428,20.483,1.442,Medium
Compute,Hybrid,NA,Off-Peak,0.992,82.586,59.274,13.862,21.091,0.908,114.43,45.896,12.614,2.413,Low
GPU,Air,EU,Night,0.162,27.392,72.954,6.931,24.602,0.838,93.848,18.865,16.754,1.637,Low
Compute,Air,NA,Peak,0.727,58.16,66.466,34.499,26.777,0.789,67.557,28.381,8.541,1.628,Low
Storage,Air,APAC,Night,0.426,30.305,62.71,12.758,21.486,0.865,37.871,23.707,2.78,1.144,High
Compute,Air,NA,Off-Peak,0.17,21.685,63.924,12.025,20.901,0.73,48.701,22.153,5.555,1.597,Low
Compute,Liquid,NA,Off-Peak,0.942,66.408,41.736,22.037,15.0,0.939,77.041,30.562,8.623,1.104,High
Compute,Liquid,NA,Off-Peak,0.631,48.763,72.181,29.756,20.531,0.946,75.148,28.249,9.24,1.334,High
Storage,Hybrid,NA,Off-Peak,0.778,58.194,63.743,9.462,21.0,0.717,67.628,28.45,7.421,1.387,Medium
Compute,Liquid,EU,Off-Peak,0.316,23.694,73.194,5.52,19.579,0.789,68.459,18.13,12.015,1.452,Medium
GPU,Air,NA,Peak,0.785,61.67,69.069,12.975,24.682,0.882,98.861,41.591,12.085,1.467,Medium
Compute,Hybrid,APAC,Off-Peak,0.846,70.429,57.342,41.648,21.398,0.835,103.193,63.303,8.138,1.449,Medium
Compute,Liquid,NA,Off-Peak,0.488,50.053,60.91,9.06,18.223,1.0,105.595,41.467,13.084,1.364,High
Storage,Liquid,APAC,Off-Peak,0.615,48.33,48.892,29.422,19.46,0.947,69.873,42.64,5.584,1.452,Medium
GPU,Liquid,EU,Peak,0.975,1.128,94.157,11.398,20.056,0.878,114.52,28.505,20.438,1.497,Medium
Compute,Hybrid,ME,Night,0.862,67.659,77.792,22.311,22.896,0.881,85.944,40.254,5.217,1.519,Medium
Storage,Liquid,ME,Off-Peak,0.5,40.986,81.373,37.704,17.84,0.825,91.463,47.257,4.36,1.35,High
GPU,Air,APAC,Peak,0.698,57.72,82.133,16.784,31.559,0.827,127.843,75.89,10.498,1.609,Low
Storage,Liquid,APAC,Off-Peak,0.806,56.787,59.581,29.214,20.917,0.966,85.179,51.295,6.296,1.473,Medium
Compute,Air,NA,Peak,0.122,11.28,59.932,7.934,20.82,0.845,56.088,21.517,7.103,1.432,Medium
Compute,Air,APAC,Peak,0.63,50.092,73.036,11.638,32.228,0.82,76.743,45.164,6.189,1.734,Low
GPU,Air,ME,Off-Peak,0.986,79.23,85.165,11.793,28.667,0.902,113.057,56.634,5.754,1.758,Low
Compute,Air,NA,Off-Peak,0.952,0.277,84.499,26.359,16.255,0.739,77.369,30.764,9.29,1.244,High
GPU,Air,EU,Peak,0.849,68.791,65.136,19.589,24.985,0.942,119.745,28.83,21.024,1.474,Medium
Storage,Air,NA,Peak,0.196,21.437,68.203,9.689,19.298,0.925,44.351,22.034,4.145,1.441,Medium
Edge,Liquid,EU,Night,0.995,84.858,80.114,30.274,15.0,1.0,64.406,15.504,12.406,1.204,High
GPU,Hybrid,EU,Peak,0.649,51.396,54.68,23.321,20.434,0.835,120.238,32.912,21.24,1.511,Medium
Edge,Hybrid,EU,Peak,0.301,25.217,51.848,3.563,24.688,0.706,44.577,10.852,7.316,1.665,Low
Compute,Air,EU,Night,0.707,56.151,78.338,20.331,20.861,0.965,88.112,22.259,15.663,1.13,High
GPU,Liquid,ME,Peak,0.871,70.709,71.128,11.577,23.08,0.91,119.78,59.488,6.107,1.463,Medium
Storage,Hybrid,EU,Off-Peak,0.201,33.389,57.672,14.277,24.849,0.805,45.829,13.11,8.584,1.736,Low
Storage,Air,APAC,Peak,0.925,76.699,63.173,18.948,20.565,0.846,70.892,40.275,5.118,1.494,Medium
Storage,Liquid,NA,Off-Peak,0.928,67.99,89.373,13.608,20.961,0.894,81.46,32.786,10.348,1.579,Low
GPU,Liquid,EU,Peak,0.112,27.383,77.183,4.65,23.512,0.948,77.242,21.536,14.125,1.488,Medium
Edge,Air,EU,Night,0.91,68.061,64.108,14.097,15.95,0.712,64.477,16.39,11.667,1.23,High
GPU,Hybrid,NA,Off-Peak,0.952,74.973,86.28,16.95,26.785,0.721,113.616,40.927,13.518,1.722,Low
Storage,Hybrid,NA,Off-Peak,0.134,23.417,67.274,21.431,22.673,0.779,65.637,28.134,7.879,1.592,Low
Storage,Air,EU,Night,0.365,42.189,54.499,9.79,21.092,0.753,63.191,13.07,11.312,1.45,Medium
GPU,Air,EU,Night,0.436,35.787,55.621,11.879,20.021,0.85,161.139,38.956,29.249,1.444,Medium
Compute,Air,EU,Peak,0.414,30.863,73.778,11.841,31.519,0.913,76.448,18.118,13.897,1.507,Medium
Compute,Air,NA,Night,0.783,62.149,44.837,21.85,17.938,0.65,78.588,33.933,9.442,1.421,Medium
Compute,Liquid,NA,Peak,0.422,33.596,31.528,17.388,28.977,0.902,68.197,30.836,7.723,1.491,Medium
Compute,Liquid,EU,Off-Peak,0.961,81.278,93.07,13.908,15.0,0.909,75.844,16.103,13.701,1.284,High
Compute,Air,NA,Peak,0.995,87.303,75.653,11.293,22.478,0.93,93.869,38.59,11.646,1.561,Medium
Compute,Hybrid,NA,Off-Peak,0.385,33.538,69.205,15.006,20.683,0.791,58.417,24.511,6.971,1.509,Medium
Compute,Air,NA,Peak,0.558,50.788,98.0,16.139,27.844,0.969,69.057,30.433,8.562,1.378,High
Compute,Air,NA,Off-Peak,0.602,49.427,70.425,15.563,20.916,0.964,72.816,27.523,8.885,1.329,High
Edge,Air,NA,Off-Peak,0.621,44.063,73.977,31.024,20.85,0.874,89.895,34.361,11.258,1.598,Low
Storage,Liquid,NA,Peak,0.437,35.393,60.602,7.268,21.475,1.0,80.77,37.385,9.764,2.385,High
Compute,Air,NA,Off-Peak,0.249,0.726,53.401,12.595,19.777,0.901,54.692,23.544,6.463,1.436,Medium
Storage,Air,EU,Night,0.149,16.183,40.468,9.649,23.376,0.97,33.076,9.728,5.454,1.346,High
Compute,Air,NA,Off-Peak,0.196,14.97,67.768,10.101,17.624,0.646,56.267,22.581,6.838,1.635,Low
Edge,Hybrid,EU,Off-Peak,0.911,74.209,75.033,12.694,17.946,0.809,60.556,18.152,11.026,1.597,Low
GPU,Hybrid,ME,Night,0.352,40.409,47.84,13.197,16.88,0.98,97.631,52.325,4.508,1.277,High
Compute,Air,APAC,Off-Peak,0.169,25.54,73.001,7.784,22.898,0.925,58.755,33.587,4.14,1.307,High
Storage,Air,NA,Peak,0.661,54.05,60.598,18.469,24.8,0.703,85.127,33.525,11.16,1.486,Low
GPU,Liquid,ME,Off-Peak,0.168,18.699,60.027,4.336,26.532,0.933,104.935,55.016,5.18,1.663,Low
Edge,Liquid,NA,Peak,0.163,24.542,66.857,4.904,21.462,0.78,46.911,17.693,5.902,1.371,Medium
Storage,Air,NA,Off-Peak,0.659,48.893,71.912,36.585,22.283,0.887,69.607,28.505,8.519,1.361,High
Storage,Hybrid,ME,Night,0.632,54.115,65.125,21.233,17.868,0.84,75.104,39.317,3.225,1.489,Medium
Compute,Liquid,APAC,Peak,0.137,20.998,37.916,4.367,22.48,1.0,54.029,33.668,4.053,1.642,Low
Edge,Air,EU,Off-Peak,0.514,40.845,69.056,15.053,18.078,0.917,38.453,8.746,6.65,1.493,Medium
Compute,Liquid,EU,Off-Peak,0.492,37.74,79.932,9.715,15.0,0.984,87.255,22.138,15.454,1.415,High
Edge,Hybrid,EU,Peak,0.592,53.597,49.927,19.813,15.0,0.828,75.541,19.149,12.609,1.411,Medium
Storage,Liquid,NA,Off-Peak,0.764,58.239,50.515,44.286,16.18,1.0,76.456,28.876,9.528,1.166,High
Storage,Air,NA,Off-Peak,0.355,30.962,84.449,19.483,28.215,0.792,70.539,25.049,8.125,1.599,Low
Storage,Air,EU,Peak,0.49,35.195,50.171,12.769,23.379,0.883,51.854,13.893,8.914,1.614,Low
Compute,Air,ME,Night,0.813,59.31,63.123,12.8,16.518,0.875,75.226,40.562,4.007,1.46,Medium
Compute,Air,NA,Peak,0.93,77.404,69.227,21.087,25.729,0.857,78.799,28.316,10.016,1.756,Low
Compute,Liquid,APAC,Night,0.902,74.582,85.565,23.122,20.803,1.0,96.881,58.255,8.419,1.369,High
Compute,Hybrid,NA,Peak,0.53,43.305,44.415,10.314,24.514,0.746,77.705,30.063,9.386,1.391,Medium
GPU,Liquid,EU,Off-Peak,0.569,50.622,62.27,12.991,20.744,0.965,107.793,28.759,19.722,1.289,High
Compute,Hybrid,EU,Peak,0.576,49.13,49.311,15.598,27.089,0.852,78.473,19.752,14.523,1.564,Low
Compute,Air,EU,Peak,0.882,70.206,98.0,18.922,24.223,0.783,75.621,18.785,13.733,1.484,Medium
Edge,Hybrid,NA,Night,0.856,72.041,63.117,13.761,15.179,0.813,65.132,25.085,7.716,1.507,Medium
GPU,Liquid,EU,Off-Peak,0.38,30.219,48.025,11.54,20.822,0.92,88.068,24.804,16.036,1.084,High
Edge,Air,EU,Night,0.247,29.23,49.251,9.968,20.992,0.824,67.26,16.685,11.774,1.263,High
Edge,Liquid,NA,Off-Peak,0.441,44.616,61.074,5.07,37.04,0.934,47.242,19.533,6.034,1.392,High
Compute,Air,NA,Night,0.36,28.596,64.519,16.248,15.569,0.913,67.746,28.289,8.022,1.223,High
Compute,Liquid,EU,Night,0.956,71.399,84.803,23.626,19.99,0.99,103.485,25.337,18.471,1.117,High
GPU,Liquid,EU,Off-Peak,0.339,26.4,49.863,14.459,15.948,0.838,91.344,21.154,16.956,1.525,Medium
Storage,Air,NA,Off-Peak,0.263,32.038,48.889,15.964,24.133,0.868,78.424,31.958,9.442,1.411,Medium
Compute,Liquid,EU,Night,0.91,78.34,42.192,22.595,15.773,0.972,86.659,20.333,15.419,1.217,High
GPU,Liquid,ME,Peak,0.178,27.968,42.362,15.416,24.787,1.0,120.492,59.859,6.286,1.382,High
Compute,Air,NA,Night,0.334,32.185,52.459,8.15,23.123,0.784,71.566,26.246,8.334,2.48,Low
Compute,Air,EU,Off-Peak,0.495,44.047,88.048,21.179,24.359,0.919,80.661,21.001,14.272,1.304,High
Storage,Air,NA,Off-Peak,0.636,56.703,68.847,12.499,23.819,0.775,65.758,25.321,7.673,1.446,Medium
Storage,Liquid,NA,Peak,0.395,38.418,57.696,7.384,16.291,0.986,56.689,24.807,7.231,1.617,Medium
Storage,Hybrid,NA,Off-Peak,0.547,52.477,88.979,13.097,21.348,0.713,65.314,23.668,8.622,1.602,Low
Compute,Hybrid,EU,Peak,0.279,28.465,56.611,7.62,21.465,0.797,71.966,20.751,12.818,1.6,Low
GPU,Liquid,APAC,Night,0.617,53.771,54.761,21.345,17.335,1.0,104.428,63.61,9.535,1.305,High
Compute,Liquid,NA,Off-Peak,0.467,34.989,52.205,7.453,18.31,0.992,66.291,27.065,8.071,1.401,High
Compute,Air,EU,Peak,0.864,78.316,55.646,16.768,20.6,0.79,79.501,19.005,14.037,1.575,Low
GPU,Liquid,EU,Night,0.474,53.142,52.467,10.408,16.839,0.852,111.669,28.126,20.295,1.206,High
Edge,Air,NA,Off-Peak,0.499,46.729,65.771,23.201,18.063,0.953,62.453,25.004,7.136,1.424,High
GPU,Air,EU,Night,0.633,50.992,64.74,19.985,24.076,0.972,132.178,29.172,23.953,1.562,Medium
GPU,Liquid,APAC,Peak,0.211,22.25,74.935,10.109,22.391,1.0,117.151,73.479,8.937,1.685,Low
Storage,Air,APAC,Off-Peak,0.241,21.355,64.86,17.798,20.979,0.839,65.084,38.174,5.216,1.429,Medium
Storage,Liquid,APAC,Off-Peak,0.811,67.41,86.018,13.402,17.203,0.945,64.066,41.682,5.349,1.411,High
Compute,Hybrid,NA,Off-Peak,0.346,43.362,82.689,7.277,15.0,0.766,68.411,28.646,7.773,1.461,Medium
Storage,Air,APAC,Peak,0.716,56.984,80.812,13.055,25.219,0.758,66.123,39.61,4.935,1.53,Low
Compute,Air,NA,Peak,0.188,18.51,45.937,38.076,23.416,0.964,79.38,29.482,8.669,1.631,Low
Compute,Hybrid,APAC,Night,0.84,69.094,69.11,25.177,24.004,0.871,107.346,65.387,8.039,1.392,Medium
GPU,Liquid,ME,Off-Peak,0.989,72.48,91.788,16.515,19.277,0.936,121.747,59.123,6.099,1.135,High
Storage,Air,NA,Night,0.436,34.013,85.841,20.179,24.651,0.826,45.601,16.94,5.449,1.423,Medium
Compute,Air,EU,Peak,0.555,44.155,69.25,14.448,24.768,0.84,96.148,23.735,16.931,1.875,Low
Compute,Liquid,EU,Night,0.498,48.232,95.483,18.171,20.77,0.886,62.634,17.198,11.727,1.282,High
Storage,Liquid,APAC,Off-Peak,0.905,72.761,66.795,13.725,16.681,1.0,74.572,45.857,5.768,1.263,High
Compute,Air,NA,Off-Peak,0.109,11.453,63.306,12.322,24.658,0.801,71.231,29.363,8.006,1.459,Medium
GPU,Air,ME,Peak,0.688,63.641,48.022,28.217,23.821,0.742,135.281,73.517,7.608,1.802,Low
Storage,Hybrid,EU,Night,0.687,65.24,71.283,25.726,22.884,0.898,77.931,21.729,12.638,1.234,High
Storage,Liquid,NA,Off-Peak,0.444,41.835,75.114,23.589,16.567,1.0,60.28,20.907,7.319,1.233,High
Storage,Hybrid,NA,Off-Peak,0.297,34.265,81.139,7.07,19.606,0.722,49.224,19.032,6.239,1.829,Low
GPU,Liquid,APAC,Peak,0.316,26.075,20.43,8.186,22.263,0.931,88.375,54.37,7.164,1.458,Medium
Compute,Hybrid,NA,Off-Peak,0.82,65.046,49.775,22.516,19.093,0.955,78.793,30.566,9.09,1.242,High
Storage,Air,NA,Night,0.159,30.729,51.209,31.008,23.73,0.873,46.205,21.913,5.726,1.419,Medium
Storage,Liquid,EU,Peak,0.607,49.534,32.935,16.371,22.697,0.906,70.165,16.003,12.734,1.226,High
Compute,Air,EU,Off-Peak,0.376,31.462,65.542,7.748,30.479,0.691,57.342,17.488,10.386,1.783,Low
GPU,Liquid,EU,Peak,0.339,25.287,87.86,43.83,25.098,1.0,85.743,18.911,15.386,1.19,High
GPU,Air,NA,Night,0.555,48.619,61.486,17.846,22.216,0.706,91.715,40.735,11.449,1.547,Low
Storage,Air,APAC,Night,0.908,70.318,86.103,15.346,19.439,0.917,89.026,51.651,6.868,1.282,High
GPU,Hybrid,ME,Peak,0.656,52.805,68.413,20.052,25.075,0.706,107.553,53.435,4.809,1.599,Low
GPU,Hybrid,NA,Peak,0.81,61.628,58.679,15.601,22.354,0.856,115.866,48.907,14.133,1.439,Medium
GPU,Air,APAC,Off-Peak,0.641,54.715,50.314,18.837,28.592,0.816,112.914,68.903,8.851,1.41,Medium
GPU,Liquid,ME,Peak,0.728,61.131,79.872,12.628,20.83,0.994,106.376,50.553,4.996,1.319,High
Storage,Air,EU,Off-Peak,0.489,36.785,74.884,7.302,19.435,0.773,50.362,13.178,9.57,1.618,Low
Storage,Air,EU,Peak,0.933,78.534,74.554,18.062,25.111,0.988,116.496,30.836,21.051,1.48,Medium
Storage,Hybrid,NA,Off-Peak,0.552,62.361,69.327,16.559,21.929,0.808,69.691,26.328,8.581,1.52,Medium
GPU,Air,EU,Peak,0.597,61.791,94.86,13.483,25.391,0.897,106.777,28.778,19.439,1.811,Low
Compute,Hybrid,EU,Peak,0.572,43.236,89.658,20.981,25.706,0.886,147.454,37.687,26.597,1.381,High
GPU,Air,APAC,Peak,0.385,36.107,43.341,29.043,21.646,0.953,93.733,54.829,7.333,1.305,High
GPU,Liquid,ME,Off-Peak,0.308,31.345,37.836,28.925,19.37,1.0,96.577,47.608,4.358,1.309,High
Compute,Liquid,NA,Off-Peak,0.166,17.114,68.666,5.493,15.869,0.929,52.328,23.905,6.06,1.424,Medium
GPU,Air,NA,Peak,0.746,59.073,46.438,17.715,16.269,0.957,183.609,73.444,22.033,1.253,High
Compute,Air,NA,Off-Peak,0.36,36.574,68.34,7.929,21.795,0.896,64.674,25.935,7.401,1.57,Medium
Compute,Hybrid,APAC,Night,0.45,45.722,79.639,27.964,16.361,0.861,81.898,47.437,7.4,1.454,Medium
GPU,Liquid,NA,Peak,0.928,67.843,62.593,13.09,25.516,0.904,130.668,53.417,15.291,1.476,Medium
Compute,Air,EU,Night,0.61,46.076,66.507,25.539,21.379,0.798,83.21,18.764,15.319,1.4,Medium
GPU,Liquid,NA,Off-Peak,0.187,29.633,68.335,3.852,19.216,1.0,86.418,29.925,10.944,1.603,Medium
GPU,Air,EU,Peak,0.82,61.145,64.381,29.728,25.638,0.847,128.411,33.194,22.866,1.465,Medium
Storage,Air,NA,Peak,0.331,26.515,75.349,7.224,25.841,0.888,61.977,25.616,7.526,1.573,Low
Compute,Air,APAC,Off-Peak,0.597,47.151,63.25,19.085,28.188,0.87,77.19,44.943,5.417,1.67,Low
Compute,Air,EU,Off-Peak,0.559,47.437,72.864,8.937,19.971,0.823,79.247,20.673,15.09,1.343,High
Storage,Hybrid,ME,Peak,0.314,32.68,38.572,10.827,16.866,0.833,44.525,24.474,2.143,1.832,Low
Edge,Liquid,EU,Night,0.204,22.313,60.035,15.262,15.852,0.939,89.317,20.926,17.047,1.307,High
Storage,Hybrid,NA,Off-Peak,0.29,28.101,68.558,13.361,20.418,0.837,83.255,32.939,10.21,1.429,Medium
Compute,Liquid,NA,Peak,0.188,16.844,48.962,16.256,21.672,0.963,82.271,31.153,10.262,1.373,High
Storage,Hybrid,ME,Peak,0.348,25.498,51.425,4.561,27.991,0.746,53.532,25.746,2.599,1.767,Low
Storage,Liquid,APAC,Peak,0.998,78.82,90.224,10.64,22.53,0.994,82.908,51.881,6.9,1.399,High
GPU,Liquid,NA,Off-Peak,0.462,42.491,74.619,10.612,19.483,1.0,120.591,47.827,14.181,1.149,High
Compute,Hybrid,APAC,Off-Peak,0.877,63.51,74.853,12.231,23.452,0.878,88.996,52.604,7.353,1.564,Low
GPU,Liquid,EU,Off-Peak,0.594,49.63,75.484,6.743,17.087,0.914,96.844,22.736,17.844,1.193,High
Storage,Air,NA,Off-Peak,0.7,73.195,44.463,15.797,17.954,0.808,67.163,26.829,8.457,1.642,Low
Edge,Liquid,NA,Peak,0.241,18.529,60.755,7.438,18.533,0.837,33.755,16.278,3.92,1.67,Low
Compute,Hybrid,APAC,Off-Peak,0.347,27.373,48.907,4.298,21.533,0.959,56.409,31.124,5.321,1.322,High
Storage,Liquid,NA,Peak,0.559,47.004,65.631,38.423,28.096,0.985,58.215,23.215,6.572,1.647,Low
Edge,Liquid,NA,Peak,0.893,77.525,50.305,32.626,20.855,0.997,76.477,31.341,9.864,1.37,High
Compute,Liquid,NA,Off-Peak,0.139,12.491,66.518,7.762,21.399,0.644,82.635,34.382,10.254,1.54,Low
Edge,Hybrid,NA,Peak,0.556,46.678,49.615,8.769,27.971,0.934,54.518,26.066,6.029,1.758,Low
Storage,Air,EU,Night,0.146,23.553,97.165,5.588,23.988,0.773,65.773,18.446,12.348,1.646,Low
Compute,Liquid,NA,Night,0.511,54.124,63.995,14.371,19.421,1.0,79.562,29.41,8.693,1.381,High
Compute,Air,NA,Off-Peak,0.666,55.131,60.832,18.796,24.625,0.759,75.569,30.687,10.016,1.659,Low
GPU,Liquid,ME,Peak,0.77,69.854,67.764,12.826,18.348,1.0,124.967,63.323,6.22,1.298,High
Compute,Liquid,NA,Peak,0.225,28.207,33.723,6.239,23.608,0.681,64.047,27.508,7.286,1.523,Low
Storage,Air,NA,Peak,0.25,27.023,58.201,17.844,27.769,0.594,59.304,23.844,7.13,1.765,Low
Compute,Air,EU,Off-Peak,0.523,39.149,78.952,9.517,15.689,0.841,53.212,13.97,9.529,1.266,High
Storage,Liquid,EU,Night,0.998,77.165,81.93,10.698,17.84,1.0,77.095,20.222,14.269,1.453,High
Compute,Air,APAC,Off-Peak,0.42,45.871,55.719,8.113,22.294,0.944,82.939,51.364,7.03,1.436,Medium
GPU,Air,NA,Off-Peak,0.485,39.361,85.749,9.672,20.44,0.968,118.164,47.994,14.635,1.299,High
Edge,Hybrid,APAC,Off-Peak,0.489,42.778,55.604,13.84,21.65,0.944,80.377,46.822,7.113,1.522,Medium
Edge,Air,APAC,Night,0.173,28.246,52.393,4.37,20.043,0.775,79.007,47.136,7.442,2.365,Medium
GPU,Air,APAC,Peak,0.797,61.194,57.591,21.494,30.097,0.75,121.768,74.169,9.595,1.658,Low
Compute,Hybrid,NA,Night,0.328,32.218,41.419,14.921,19.646,0.938,78.283,30.373,9.695,1.084,High
GPU,Air,NA,Off-Peak,0.733,63.391,83.978,11.61,19.422,0.787,108.616,45.297,13.521,1.446,Medium
Compute,Air,EU,Peak,0.528,53.463,54.692,10.286,29.686,0.746,85.517,20.293,15.825,1.689,Low
Compute,Liquid,APAC,Night,0.651,47.853,70.651,36.874,15.0,0.941,96.386,51.71,8.404,1.413,High
Compute,Liquid,EU,Night,0.149,21.089,49.668,41.742,24.265,0.96,100.827,26.677,17.596,1.241,High
Storage,Hybrid,NA,Off-Peak,0.901,73.159,90.392,22.243,37.228,0.799,69.446,27.727,8.568,1.934,Low
GPU,Hybrid,NA,Night,0.319,39.519,75.575,5.64,16.842,0.738,99.021,38.18,12.378,1.243,High
Storage,Liquid,EU,Peak,0.703,51.131,46.89,15.973,23.189,0.755,74.233,16.441,13.87,1.308,High
Storage,Air,APAC,Off-Peak,0.818,67.227,75.411,25.404,23.664,0.891,77.127,44.236,6.25,1.536,Medium
Compute,Air,NA,Peak,0.586,49.975,67.191,11.082,21.814,0.924,63.337,23.281,7.908,1.201,High
Edge,Air,NA,Off-Peak,0.404,35.518,77.143,6.124,21.526,0.911,69.081,26.98,8.61,1.593,Low
Storage,Air,EU,Off-Peak,0.98,1.165,78.26,30.744,27.659,0.799,71.477,18.949,12.318,1.657,Low
Storage,Liquid,EU,Peak,0.351,29.011,77.776,18.369,22.556,0.734,52.36,10.703,10.192,1.614,Low
Compute,Liquid,APAC,Off-Peak,0.954,75.482,85.728,20.806,15.55,1.0,75.823,47.3,5.793,1.061,High
GPU,Air,APAC,Peak,0.241,32.083,67.071,9.422,28.196,0.698,82.396,48.255,6.144,1.618,Low
Storage,Hybrid,EU,Peak,0.45,41.153,77.697,6.377,24.957,0.874,72.389,20.477,13.502,1.737,Low
Compute,Air,NA,Peak,0.225,23.281,52.958,15.381,19.605,0.919,51.028,19.923,5.94,1.232,High
Compute,Air,EU,Off-Peak,0.102,21.343,52.283,4.255,26.471,0.813,61.218,14.945,10.638,1.795,Low
Storage,Liquid,ME,Peak,0.334,34.92,83.755,8.624,25.186,0.872,69.552,30.218,3.849,1.559,Medium
Storage,Air,ME,Peak,0.178,22.764,74.701,18.775,23.464,0.956,63.724,32.352,3.15,1.624,Low
Compute,Air,APAC,Peak,0.988,72.316,86.52,10.068,26.578,0.82,73.5,45.7,6.387,1.507,Medium
Edge,Air,NA,Peak,0.785,62.706,77.891,28.132,31.09,0.83,79.174,31.032,9.731,1.333,High
Compute,Air,APAC,Off-Peak,0.103,17.722,31.019,11.098,20.696,0.905,51.601,28.558,4.824,1.369,High
Storage,Liquid,APAC,Night,0.301,32.98,67.863,15.265,21.516,1.0,78.596,46.991,5.893,2.463,High
Edge,Hybrid,EU,Peak,0.703,58.176,65.952,12.409,27.044,0.809,83.041,19.602,15.781,1.477,Medium
Storage,Air,NA,Off-Peak,0.459,40.683,80.846,8.199,20.004,0.921,59.358,24.485,6.758,1.238,High
Storage,Air,ME,Peak,0.849,74.735,67.094,15.638,20.431,0.977,84.261,38.994,3.89,1.605,Medium
Compute,Liquid,EU,Peak,0.554,47.141,23.648,8.56,19.268,0.955,68.342,19.289,12.578,1.308,High
Compute,Hybrid,NA,Peak,0.688,51.957,76.775,27.894,19.999,0.864,87.372,36.19,10.023,1.304,High
Edge,Air,NA,Night,0.637,48.859,63.543,8.972,18.877,0.878,68.453,26.191,8.1,1.354,High
Storage,Air,EU,Off-Peak,0.674,54.683,65.527,12.594,25.513,0.961,67.731,17.142,12.406,1.349,High
GPU,Liquid,EU,Off-Peak,0.307,28.053,61.31,20.936,21.022,0.765,131.154,30.408,22.806,1.365,Medium
Compute,Liquid,NA,Off-Peak,0.436,31.436,83.525,16.33,21.158,0.969,52.056,24.523,6.023,1.576,Medium
Compute,Air,APAC,Peak,0.146,18.758,91.052,9.43,24.077,0.725,58.435,33.399,5.49,1.623,Low
Compute,Liquid,APAC,Night,0.629,51.07,68.282,21.845,25.38,0.969,211.614,126.969,16.929,1.298,High
Storage,Air,APAC,Peak,0.513,38.381,51.718,6.845,33.484,0.788,52.902,31.316,4.579,1.8,Low
Compute,Liquid,NA,Peak,0.785,63.839,34.826,16.172,21.871,0.971,80.508,32.097,8.874,1.442,Medium
GPU,Liquid,EU,Peak,0.286,31.923,88.593,14.427,23.053,0.98,81.96,20.289,15.259,1.65,Low
Storage,Hybrid,NA,Peak,0.493,40.517,97.96,8.888,23.873,0.928,47.507,21.168,5.744,1.56,Medium
Edge,Air,NA,Peak,0.263,28.241,40.085,5.225,25.807,0.962,50.84,23.994,5.904,1.574,Medium
Compute,Air,NA,Off-Peak,0.653,51.779,71.801,8.703,25.697,0.92,77.127,30.92,8.379,1.352,High
GPU,Air,APAC,Peak,0.863,76.878,73.575,15.949,24.92,0.857,119.888,70.819,9.532,1.766,Low
GPU,Hybrid,NA,Off-Peak,0.789,68.78,45.441,20.352,19.314,0.724,99.172,34.807,12.472,1.473,Medium
GPU,Air,NA,Peak,0.95,73.093,78.876,21.098,25.965,0.769,109.616,43.914,12.805,1.939,Low
GPU,Air,NA,Night,0.975,73.14,83.874,17.184,33.745,0.793,118.758,47.024,14.905,1.55,Low
GPU,Air,EU,Peak,0.795,66.798,66.529,18.181,24.2,0.888,98.285,25.288,18.1,1.408,Medium
Storage,Liquid,ME,Off-Peak,0.358,36.344,64.599,17.487,15.0,1.0,51.254,25.586,2.721,1.185,High
Compute,Air,ME,Off-Peak,0.297,25.444,68.404,32.03,24.284,0.75,71.936,41.17,4.098,1.63,Low
Compute,Air,NA,Peak,0.503,40.624,64.524,8.774,25.975,0.764,73.813,29.18,8.921,1.754,Low
Edge,Air,NA,Peak,0.994,79.792,70.398,26.059,25.762,0.925,86.77,37.56,11.026,1.504,Medium
Storage,Hybrid,NA,Peak,0.471,39.296,59.654,12.451,22.009,0.588,65.82,24.264,8.199,1.512,Low
GPU,Liquid,APAC,Peak,0.279,27.266,69.702,5.14,22.046,1.0,85.339,48.864,7.366,1.407,High
Storage,Liquid,NA,Peak,0.95,76.665,81.793,11.609,21.81,0.925,78.803,32.546,9.488,1.512,Medium
Compute,Hybrid,NA,Off-Peak,0.447,42.954,78.639,13.55,19.33,0.739,78.629,33.061,8.938,1.298,High
Compute,Hybrid,EU,Off-Peak,0.722,58.176,73.657,8.682,24.566,0.934,64.524,17.176,12.0,1.434,Medium
Storage,Air,NA,Off-Peak,0.809,74.506,83.237,10.318,18.538,0.929,84.783,34.777,10.124,1.513,Medium
Storage,Hybrid,NA,Peak,0.859,71.767,94.187,31.632,25.913,0.924,81.412,35.311,9.287,1.506,Medium
Compute,Air,NA,Night,0.839,65.633,51.338,18.759,22.092,0.809,113.762,43.554,13.072,1.504,Medium
Storage,Air,NA,Peak,0.853,77.078,77.427,18.973,27.153,0.77,62.201,24.464,7.526,1.711,Low
Compute,Hybrid,EU,Peak,0.701,61.952,73.891,25.78,22.034,0.839,97.583,27.566,18.401,1.585,Low
Storage,Air,ME,Peak,0.463,35.53,52.015,6.782,23.547,0.766,71.453,36.129,3.498,1.453,Medium
Compute,Air,NA,Peak,0.701,64.841,80.167,20.899,23.733,0.922,63.915,26.085,7.619,1.381,High
GPU,Air,NA,Off-Peak,0.853,62.059,69.414,14.131,25.406,0.952,105.035,42.719,13.365,1.427,High
Compute,Liquid,ME,Off-Peak,0.416,41.333,60.391,8.753,19.69,0.846,92.226,46.14,5.448,1.146,High
Storage,Air,APAC,Off-Peak,0.367,29.066,36.324,13.745,20.457,0.817,55.031,29.313,4.626,1.133,High
Compute,Liquid,NA,Off-Peak,0.409,31.832,63.295,6.397,18.92,0.978,71.983,27.424,8.554,1.239,High
Compute,Hybrid,EU,Night,0.596,53.857,68.746,16.461,18.978,0.885,69.011,20.813,12.613,1.573,Low
Compute,Liquid,NA,Off-Peak,0.147,21.876,73.485,5.767,22.288,0.958,80.367,30.01,9.942,1.239,High
Storage,Air,APAC,Off-Peak,0.801,60.116,86.976,25.881,18.489,0.844,77.464,45.612,6.042,1.347,High
Storage,Hybrid,ME,Peak,0.225,16.977,57.36,12.91,23.085,0.686,42.071,23.277,2.663,1.668,Low
Compute,Air,EU,Peak,0.22,25.421,68.62,19.449,26.369,0.671,78.145,20.021,14.624,1.537,Low
Storage,Air,EU,Off-Peak,0.278,25.63,75.462,12.725,19.245,0.968,76.857,18.677,13.644,1.8,Low
GPU,Air,NA,Peak,0.619,48.547,59.592,36.041,21.611,0.992,110.875,44.815,13.585,1.486,Medium
GPU,Liquid,EU,Off-Peak,0.357,30.41,50.813,7.503,18.333,0.98,136.495,34.611,24.771,1.518,Medium
Compute,Air,EU,Peak,0.431,45.094,52.878,13.519,20.963,0.85,68.772,17.27,13.367,1.422,Medium
Storage,Air,EU,Night,0.938,72.913,76.747,42.598,19.53,0.825,93.323,22.557,17.536,1.734,Low
Compute,Air,NA,Night,0.862,63.847,64.632,30.853,19.15,0.894,85.616,34.807,11.168,1.532,Medium
Compute,Air,EU,Peak,0.867,67.924,64.28,14.981,27.294,0.899,71.518,16.509,12.014,1.822,Low
Edge,Liquid,EU,Night,0.62,54.145,49.69,16.817,17.389,0.991,66.551,20.705,12.996,1.209,High
Compute,Hybrid,NA,Night,0.88,71.486,92.247,12.014,23.008,0.938,94.214,36.322,11.186,1.571,Medium
Storage,Liquid,NA,Night,0.801,63.24,72.653,18.38,18.375,1.0,70.12,29.517,8.267,1.05,High
Storage,Air,NA,Peak,0.958,75.875,60.786,12.931,28.681,0.852,68.926,23.975,8.117,1.907,Low
GPU,Air,APAC,Off-Peak,0.158,14.786,78.385,3.934,22.23,0.917,82.791,51.216,6.537,1.331,High
Storage,Hybrid,EU,Peak,0.126,11.595,68.651,10.851,27.804,0.771,57.777,17.249,11.089,1.553,Low
Compute,Air,APAC,Off-Peak,0.258,22.785,33.789,5.209,19.079,0.923,58.877,36.054,5.609,2.224,Medium
Compute,Hybrid,NA,Off-Peak,0.936,78.135,73.437,33.872,15.0,0.864,83.645,35.226,10.894,1.142,High
Storage,Air,ME,Off-Peak,0.645,53.585,82.306,13.91,21.848,0.813,68.468,29.879,4.017,1.572,Low
Compute,Hybrid,APAC,Peak,0.484,37.462,44.847,14.528,27.861,0.889,56.736,29.564,5.005,1.761,Low
Compute,Air,NA,Night,0.561,46.002,48.676,7.004,23.687,0.749,75.805,29.141,8.883,1.706,Low
Compute,Air,NA,Off-Peak,0.847,64.49,68.151,26.18,21.199,0.878,81.281,33.028,10.485,1.593,Low
Compute,Liquid,NA,Peak,0.936,69.46,85.187,14.898,16.985,1.0,87.435,37.909,10.646,1.386,High
Compute,Liquid,ME,Off-Peak,0.757,61.105,87.918,15.721,15.0,0.999,67.092,32.618,3.399,1.384,High
Compute,Air,NA,Night,0.784,66.225,68.799,9.405,20.338,0.891,81.108,36.39,9.7,1.189,High
Storage,Liquid,NA,Night,0.388,30.917,49.228,12.576,15.0,1.0,59.625,24.5,7.482,1.278,High
Storage,Liquid,NA,Off-Peak,0.52,47.671,64.081,8.585,20.563,0.95,69.415,30.938,8.418,1.217,High
GPU,Air,APAC,Peak,0.897,66.876,55.53,34.058,28.004,0.608,117.502,70.059,9.067,1.532,Low
Compute,Air,NA,Peak,0.807,64.864,76.073,17.935,24.724,0.98,80.04,31.582,9.685,1.662,Low
Compute,Air,NA,Peak,0.716,53.824,58.629,10.867,21.713,0.972,75.403,30.619,9.06,1.596,Medium
Compute,Air,EU,Peak,0.159,23.691,34.941,11.48,25.746,0.741,90.616,24.694,15.557,1.609,Low
Storage,Liquid,EU,Peak,0.136,22.373,65.806,10.073,24.775,1.0,60.155,15.077,10.66,1.475,Medium
GPU,Air,EU,Peak,0.217,27.449,47.065,5.541,25.693,0.809,83.712,21.247,14.557,1.56,Low
Compute,Air,EU,Peak,0.623,52.119,47.498,12.375,24.79,0.916,79.959,20.922,14.01,2.318,Low
Edge,Air,APAC,Night,0.583,44.424,71.55,17.447,18.151,0.793,89.853,52.048,6.99,1.477,Medium
Compute,Liquid,APAC,Off-Peak,0.948,78.136,53.418,18.113,22.448,0.894,109.624,65.523,7.755,1.608,Low
Storage,Air,APAC,Off-Peak,0.725,70.661,50.974,10.082,23.784,0.889,74.477,43.833,6.146,1.6,Low
GPU,Air,NA,Peak,0.365,27.434,46.405,21.332,24.368,0.758,87.023,33.94,11.273,1.356,Medium
GPU,Air,APAC,Off-Peak,0.245,31.851,77.68,4.326,21.596,0.939,91.139,56.731,6.859,1.275,High
GPU,Hybrid,NA,Peak,0.865,69.807,67.477,16.692,23.277,0.915,116.377,47.021,13.265,1.454,Medium
GPU,Air,NA,Off-Peak,0.514,47.018,72.173,16.536,18.191,0.751,106.486,43.058,11.993,1.443,Medium
Compute,Liquid,ME,Off-Peak,0.688,53.963,82.949,14.44,15.0,0.998,85.662,44.196,4.685,1.293,High
GPU,Air,APAC,Off-Peak,0.609,49.385,63.069,18.022,20.834,0.839,96.099,57.64,7.369,1.42,Medium
Compute,Air,EU,Night,0.197,20.736,59.589,11.467,23.28,0.677,79.269,14.691,13.79,1.476,Low
GPU,Liquid,APAC,Night,0.151,19.211,66.743,8.773,15.0,0.956,86.124,50.758,6.994,1.271,High
Storage,Air,ME,Off-Peak,0.439,41.432,65.036,8.648,22.754,0.904,67.385,37.259,3.125,1.183,High
GPU,Hybrid,EU,Peak,0.425,32.523,60.435,7.034,23.792,0.804,115.072,28.443,20.162,1.542,Low
Storage,Hybrid,EU,Night,0.706,61.932,72.044,10.179,17.986,0.913,70.162,17.67,12.605,1.45,Medium
Storage,Liquid,APAC,Off-Peak,0.669,51.758,62.738,28.176,15.0,0.922,78.111,46.343,6.402,1.298,High
Storage,Liquid,NA,Off-Peak,0.972,82.122,64.386,14.648,20.474,0.826,77.552,31.433,9.75,1.317,High
GPU,Air,NA,Off-Peak,0.872,74.435,66.664,15.407,30.494,0.863,117.921,48.621,14.061,1.313,High
Compute,Air,APAC,Peak,0.547,44.574,58.402,29.208,21.246,0.799,93.573,56.081,6.527,1.318,High
Compute,Hybrid,NA,Peak,0.55,40.68,77.931,19.845,25.882,0.833,68.297,26.959,8.661,1.529,Medium
Compute,Liquid,NA,Peak,0.707,65.35,44.007,13.943,15.0,1.0,98.736,40.48,11.636,1.288,High
Compute,Liquid,NA,Peak,0.203,27.663,69.469,22.163,24.293,1.0,57.546,23.625,7.527,1.639,Low
GPU,Air,NA,Off-Peak,1.0,78.67,98.0,12.569,16.58,0.724,112.055,41.93,12.953,1.299,High
Compute,Air,ME,Peak,0.567,53.85,68.701,11.107,25.405,0.855,84.882,42.837,4.544,1.627,Low
Edge,Hybrid,EU,Night,0.919,71.873,72.326,22.568,19.125,0.759,61.675,17.71,10.765,1.723,Low
Compute,Air,EU,Off-Peak,0.971,74.797,62.707,23.508,25.741,0.657,89.35,20.506,15.941,1.564,Low
Compute,Air,ME,Peak,0.623,58.885,43.437,16.087,28.222,0.865,75.278,37.971,3.96,2.424,Medium
GPU,Air,ME,Peak,0.193,17.478,53.493,5.985,24.138,0.81,82.906,37.968,3.779,1.531,Low
Storage,Hybrid,EU,Off-Peak,0.616,52.308,66.446,46.453,19.075,0.857,76.393,21.698,14.645,1.3,High
Storage,Air,ME,Peak,0.638,59.965,39.754,30.187,23.397,0.841,80.939,38.325,3.723,1.519,Medium
Storage,Hybrid,EU,Off-Peak,0.81,61.136,58.868,14.944,20.12,0.922,68.587,15.407,12.349,1.103,High
GPU,Air,NA,Night,0.143,12.899,42.679,5.651,21.647,0.86,98.057,37.56,11.284,1.46,Medium
Compute,Hybrid,NA,Off-Peak,0.52,45.668,80.244,6.289,21.768,0.786,93.366,37.906,11.159,1.479,Medium
Edge,Liquid,EU,Peak,0.93,70.149,80.008,10.132,19.327,0.981,92.736,18.84,17.201,1.477,Medium
Edge,Air,EU,Off-Peak,0.992,76.538,71.059,16.582,24.501,0.826,68.027,20.074,13.141,1.42,Medium
Storage,Liquid,EU,Peak,0.272,29.534,64.319,25.709,22.993,1.0,41.805,5.717,7.416,1.577,Medium
Compute,Air,EU,Peak,0.884,77.053,69.448,11.758,32.264,0.807,100.663,23.158,18.298,1.603,Low
Storage,Air,NA,Off-Peak,0.232,19.025,82.291,9.216,26.882,0.774,49.811,18.452,6.249,1.262,High
Compute,Hybrid,NA,Night,0.857,64.092,75.562,10.964,20.521,0.715,85.731,30.563,10.335,1.311,High
Compute,Air,EU,Peak,0.35,32.777,59.492,13.047,24.277,0.97,70.599,17.757,12.389,1.52,Medium
Compute,Air,NA,Night,0.964,68.947,61.554,18.582,15.623,0.883,81.881,32.716,8.699,1.05,High
Storage,Air,EU,Peak,0.726,55.143,82.82,12.499,19.925,0.93,107.461,27.103,19.926,1.354,High
GPU,Air,EU,Peak,0.459,46.525,21.049,14.262,27.233,0.931,110.264,28.517,19.776,1.856,Low
GPU,Hybrid,EU,Off-Peak,0.353,31.241,41.611,8.683,21.056,0.969,104.053,32.034,18.537,1.216,High
GPU,Air,NA,Peak,0.312,31.525,84.858,5.996,22.015,0.918,99.509,36.337,12.739,1.331,High
Storage,Hybrid,EU,Peak,0.713,54.748,37.881,19.55,22.495,0.815,85.172,19.106,15.045,1.484,Medium
Compute,Hybrid,APAC,Peak,0.906,71.695,60.413,34.869,21.37,0.819,77.987,46.118,6.782,1.345,High
Compute,Air,ME,Peak,0.779,58.024,78.954,28.988,24.6,0.769,75.035,37.396,3.828,1.526,Low
Edge,Air,APAC,Peak,0.851,67.596,76.095,10.597,22.091,0.901,72.357,46.885,5.009,1.394,High
Compute,Hybrid,EU,Off-Peak,0.803,67.799,65.905,12.139,22.882,0.675,105.024,26.396,18.652,1.689,Low
GPU,Air,NA,Off-Peak,0.981,78.328,65.259,17.485,22.033,0.899,123.821,49.914,15.314,1.335,High
Storage,Air,EU,Night,0.782,61.369,54.682,12.281,23.815,0.735,64.264,17.873,11.366,1.521,Low
Storage,Air,ME,Off-Peak,0.289,32.185,65.006,13.397,22.194,0.913,84.729,43.044,4.377,1.478,Medium
GPU,Liquid,NA,Off-Peak,0.812,66.693,61.907,16.37,19.357,1.0,107.996,44.525,12.464,1.268,High
Storage,Liquid,NA,Off-Peak,0.39,37.59,26.551,20.731,18.585,1.0,63.347,24.188,8.654,1.374,High
GPU,Air,NA,Night,0.996,84.984,55.891,12.19,19.174,0.849,122.365,50.591,15.088,1.633,Low
Edge,Air,APAC,Peak,0.439,46.084,72.001,5.258,19.06,0.872,61.036,34.103,4.918,1.372,High
Storage,Hybrid,EU,Peak,0.364,37.382,83.605,13.945,26.659,0.86,50.069,14.457,8.331,1.702,Low
Compute,Liquid,NA,Off-Peak,0.315,34.273,61.45,14.332,21.21,0.984,76.253,28.983,10.061,1.491,Medium
Storage,Liquid,APAC,Peak,0.693,63.591,57.796,8.961,18.765,0.972,83.546,50.266,7.073,1.435,High
Edge,Liquid,EU,Night,0.198,17.885,63.435,13.514,19.323,0.875,54.714,11.949,9.962,1.521,Medium
Compute,Air,NA,Off-Peak,0.958,70.869,70.35,28.27,16.508,0.876,85.721,36.258,10.779,1.297,High
Storage,Liquid,NA,Peak,0.365,37.518,72.037,21.949,21.354,0.83,84.435,34.682,9.536,1.457,Medium
Storage,Air,NA,Off-Peak,0.366,31.845,88.57,8.226,22.957,0.786,61.737,23.021,8.413,1.528,Low
GPU,Air,EU,Peak,0.141,16.349,47.532,9.353,28.364,0.822,109.043,25.508,20.757,2.579,Medium
Compute,Liquid,NA,Night,0.321,28.998,96.685,4.445,18.773,0.89,70.659,27.059,8.945,1.37,High
GPU,Air,EU,Night,0.477,41.236,49.022,9.355,17.375,0.844,111.48,32.234,19.22,1.36,High
Edge,Hybrid,APAC,Off-Peak,0.433,45.807,34.615,11.533,22.81,0.976,66.96,40.55,5.079,1.412,High
Compute,Air,EU,Peak,0.346,30.579,58.552,11.891,27.252,0.891,60.542,14.949,10.861,1.535,Medium
Compute,Hybrid,NA,Peak,0.137,18.943,30.14,36.698,25.646,0.924,82.304,33.52,10.393,1.606,Low
Edge,Hybrid,EU,Off-Peak,0.371,34.586,53.761,8.985,19.716,0.787,58.326,14.579,9.629,1.312,High
Compute,Air,APAC,Night,0.8,61.229,50.011,14.989,27.764,0.797,91.31,57.507,7.43,1.585,Low
GPU,Liquid,NA,Peak,0.495,42.959,61.273,12.02,20.816,0.842,102.167,42.487,12.799,1.146,High
Storage,Air,NA,Peak,0.362,34.471,64.589,16.145,25.488,0.87,50.298,17.86,5.492,1.526,Medium
Compute,Hybrid,EU,Peak,0.374,29.679,57.282,20.767,20.422,0.99,46.001,14.923,8.233,1.684,Low
GPU,Air,EU,Off-Peak,0.599,55.632,69.175,15.26,29.617,0.795,111.135,27.032,20.557,1.705,Low
Storage,Liquid,NA,Night,0.372,38.136,59.894,14.559,15.0,0.889,77.424,31.261,9.462,1.468,Medium
Storage,Air,APAC,Peak,0.668,57.206,48.615,36.752,22.996,0.714,85.688,49.811,6.859,1.832,Low
Compute,Air,EU,Peak,0.991,76.491,64.112,10.567,29.56,0.831,104.421,25.653,18.457,1.794,Low
Storage,Air,ME,Off-Peak,0.137,16.522,41.218,30.599,21.464,0.86,32.349,16.818,1.705,1.615,Low
Compute,Air,NA,Night,0.252,27.845,55.783,10.381,20.224,0.702,70.841,29.389,9.228,1.567,Low
Compute,Liquid,APAC,Night,0.261,24.27,56.32,4.81,15.927,1.0,51.068,29.382,4.76,1.368,High
Edge,Liquid,NA,Off-Peak,0.502,48.758,69.135,11.799,21.594,0.995,77.982,31.81,8.983,1.479,Medium
Compute,Liquid,EU,Peak,0.137,15.58,38.98,10.674,22.531,0.979,58.501,15.158,10.901,1.423,High
Storage,Air,EU,Peak,0.53,49.003,65.252,14.591,26.91,0.907,102.328,24.224,18.318,1.778,Low
Compute,Air,NA,Night,0.936,79.399,61.805,19.393,26.118,0.642,96.624,35.823,11.471,1.678,Low
GPU,Air,APAC,Night,0.11,13.112,58.829,8.738,23.014,0.663,108.996,64.648,8.046,1.627,Low
Compute,Hybrid,NA,Off-Peak,0.428,42.368,59.987,5.295,22.354,0.97,77.403,29.906,9.639,1.49,Medium
Edge,Hybrid,EU,Off-Peak,0.785,61.918,83.798,19.273,22.474,0.838,73.949,17.247,13.068,1.538,Medium
Storage,Air,NA,Night,0.239,26.851,56.916,14.213,23.868,0.823,71.438,25.536,9.081,1.38,Medium
Compute,Air,APAC,Off-Peak,0.17,23.945,17.04,6.286,19.853,0.797,65.134,39.475,4.742,1.505,Medium
Compute,Air,NA,Peak,0.668,50.884,72.496,10.46,25.212,0.926,80.901,30.204,9.636,1.529,Medium
Compute,Liquid,APAC,Off-Peak,0.109,14.803,34.715,1.756,23.142,1.0,71.053,41.831,4.708,1.198,High
Storage,Liquid,APAC,Night,0.822,1.189,81.561,8.465,15.0,0.9,106.237,64.486,7.394,1.188,High
Compute,Liquid,APAC,Off-Peak,0.16,11.751,50.666,5.583,19.155,0.919,48.537,31.674,3.823,1.292,High
GPU,Air,NA,Night,0.572,49.191,65.068,14.742,22.564,0.904,95.827,39.834,11.213,1.209,High
Storage,Liquid,EU,Off-Peak,0.766,58.785,89.826,16.327,17.629,0.941,78.761,20.586,13.171,1.256,High
Compute,Liquid,NA,Peak,0.318,31.384,64.674,12.296,17.639,1.0,66.671,28.812,7.54,1.491,Medium
Storage,Air,APAC,Peak,0.193,29.328,59.078,5.236,25.021,0.891,68.264,43.712,5.913,1.577,Low
GPU,Liquid,APAC,Night,0.258,26.252,65.384,9.1,21.242,0.995,99.04,59.948,7.803,1.211,High
Compute,Air,EU,Off-Peak,0.869,64.473,54.59,15.975,21.838,0.807,77.585,16.345,14.275,1.596,Low
Compute,Air,APAC,Peak,0.735,60.558,87.524,12.21,22.494,0.798,98.011,61.248,8.222,1.526,Low
Compute,Hybrid,NA,Night,0.278,23.282,53.042,18.444,19.761,0.679,74.407,30.096,9.111,1.603,Low
GPU,Air,EU,Off-Peak,0.745,60.731,69.383,9.233,15.914,0.726,101.641,25.48,18.333,1.373,Medium
Storage,Hybrid,NA,Night,0.738,59.159,65.743,17.47,16.936,0.982,69.7,25.435,7.758,1.34,High
Storage,Liquid,ME,Off-Peak,0.998,83.637,53.787,17.184,16.419,1.0,101.387,48.254,4.937,1.133,High
GPU,Air,APAC,Peak,0.452,47.668,34.277,7.181,28.207,0.825,112.508,65.684,8.976,1.708,Low
GPU,Liquid,APAC,Off-Peak,0.878,70.028,69.142,12.589,20.312,0.956,112.174,69.768,9.647,1.308,High
Storage,Liquid,ME,Night,0.502,36.918,79.071,8.414,18.484,0.902,90.997,49.842,4.218,1.285,High
GPU,Air,NA,Peak,0.908,71.976,81.215,45.442,23.59,0.875,149.107,56.116,18.148,1.502,Medium
Compute,Air,ME,Night,0.182,19.811,76.643,10.085,21.375,0.765,77.345,40.659,4.176,1.658,Low
Compute,Air,NA,Peak,0.258,27.2,89.348,10.918,27.831,0.967,82.1,34.385,9.661,1.638,Low
Compute,Air,APAC,Peak,0.865,64.568,70.44,44.336,27.354,0.706,70.732,43.876,5.049,1.693,Low
Compute,Air,APAC,Peak,0.837,66.455,63.88,19.494,22.208,0.795,69.915,40.21,5.444,1.478,Medium
Storage,Air,NA,Night,0.375,31.007,56.54,13.431,18.696,0.752,50.995,20.919,6.334,1.444,Medium
Edge,Air,NA,Off-Peak,0.637,47.593,66.358,7.64,25.018,0.909,61.998,23.731,7.478,1.628,Low
Compute,Hybrid,NA,Off-Peak,0.444,44.023,69.852,8.365,20.587,0.749,55.656,23.134,7.254,1.464,Medium
Compute,Air,ME,Night,0.109,21.862,41.058,6.738,22.335,0.877,81.256,38.936,4.517,1.564,Medium
Storage,Liquid,NA,Peak,0.123,11.643,43.979,9.31,21.726,0.894,84.446,33.159,10.074,1.536,Medium
Edge,Liquid,EU,Peak,0.149,18.48,54.655,13.929,20.49,0.836,41.469,9.58,6.969,1.446,Medium
Compute,Liquid,APAC,Peak,0.635,47.135,80.871,12.728,23.327,0.807,85.632,50.328,6.531,1.607,Low
Storage,Air,NA,Off-Peak,0.351,44.852,60.477,12.429,18.896,0.726,83.091,30.993,9.694,1.765,Low
Compute,Hybrid,EU,Off-Peak,0.23,27.199,73.867,10.216,20.548,0.828,76.721,21.229,13.225,1.65,Low
Compute,Liquid,EU,Night,0.947,67.426,77.487,26.099,15.0,0.972,95.8,25.246,17.268,1.457,Medium
Edge,Hybrid,NA,Off-Peak,0.209,29.261,57.002,3.179,20.392,0.937,72.636,31.895,9.165,1.228,High
Edge,Air,APAC,Peak,0.707,0.184,73.048,20.123,24.622,0.835,87.408,52.455,7.089,1.512,Medium
Compute,Air,NA,Night,0.905,82.977,72.306,11.372,21.092,0.84,92.82,34.903,10.945,1.476,Medium
Edge,Liquid,NA,Peak,0.247,33.208,57.06,12.512,21.843,1.0,60.162,25.76,7.946,1.193,High
Storage,Air,EU,Night,0.293,22.041,78.411,22.008,20.875,0.906,86.611,24.872,15.836,1.31,High
GPU,Air,EU,Peak,0.616,48.095,82.806,26.944,22.166,0.886,101.242,23.393,18.193,1.406,Medium
Storage,Air,ME,Peak,0.558,54.156,64.215,14.795,23.108,0.94,77.87,40.663,4.126,1.689,Low
Storage,Liquid,APAC,Off-Peak,0.569,48.072,62.79,8.481,18.745,0.941,54.392,32.754,4.345,1.6,Low
Storage,Hybrid,EU,Peak,0.599,49.507,84.783,19.008,21.549,0.709,57.619,11.863,9.698,1.417,Medium
Storage,Air,NA,Peak,0.955,80.341,71.255,17.463,22.53,0.895,73.572,27.329,8.262,1.245,High
Compute,Hybrid,NA,Off-Peak,0.148,14.345,68.392,28.898,20.768,0.864,56.189,22.683,6.63,1.208,High
Compute,Liquid,NA,Peak,0.784,60.806,82.705,23.065,22.088,0.842,75.423,30.652,9.114,1.76,Low
Compute,Air,EU,Peak,0.309,26.864,77.343,7.971,27.662,0.782,73.543,18.833,13.566,1.427,Medium
GPU,Hybrid,APAC,Peak,0.436,34.593,80.763,20.038,26.051,0.817,109.429,65.981,8.328,1.534,Medium
Compute,Hybrid,NA,Off-Peak,0.18,20.956,57.369,5.028,19.968,0.737,54.447,19.175,6.656,1.569,Low
Storage,Liquid,NA,Peak,0.501,35.683,83.913,10.579,24.347,0.877,72.757,30.798,9.517,1.529,Medium
Edge,Air,EU,Peak,0.824,65.774,83.648,14.142,24.154,0.932,55.771,15.706,9.766,1.181,High
Compute,Liquid,NA,Off-Peak,0.189,22.641,51.743,2.268,25.853,0.908,52.502,21.329,6.57,1.472,Medium
Storage,Air,APAC,Off-Peak,0.348,36.746,70.506,11.872,22.78,0.743,58.086,32.988,5.305,1.454,Medium
Storage,Air,EU,Off-Peak,0.436,38.595,78.822,14.495,22.086,0.751,52.556,11.273,9.921,1.543,Low
GPU,Air,EU,Peak,0.194,16.144,46.648,18.82,23.522,0.987,96.102,23.766,16.871,1.559,Medium
Compute,Hybrid,NA,Peak,0.786,62.754,75.95,26.576,19.899,0.946,106.382,42.777,12.511,1.399,High
Storage,Hybrid,ME,Off-Peak,0.808,62.265,88.796,15.937,26.281,0.715,88.571,42.395,4.47,1.766,Low
GPU,Air,NA,Night,0.852,71.227,62.575,12.82,24.053,0.835,113.369,43.301,13.549,1.626,Low
Edge,Air,APAC,Off-Peak,0.626,56.874,78.688,8.231,26.434,0.726,62.421,35.845,4.714,1.657,Low
Storage,Hybrid,NA,Peak,0.557,55.467,48.596,13.575,25.909,0.923,74.601,25.684,9.314,1.689,Low
Storage,Air,APAC,Peak,0.336,33.293,40.702,12.07,27.902,0.813,59.141,38.253,3.414,1.689,Low
Storage,Liquid,APAC,Night,0.69,64.769,72.585,19.366,21.377,0.791,67.673,38.92,5.107,2.532,Medium
GPU,Air,NA,Off-Peak,0.5,38.63,58.331,27.486,21.956,0.781,112.367,48.509,13.442,1.342,High
Storage,Air,APAC,Peak,0.974,75.435,98.0,16.73,22.758,0.925,81.144,51.391,6.172,1.498,Medium
Compute,Hybrid,EU,Peak,0.971,70.533,55.068,14.866,24.629,0.941,182.169,45.542,32.79,1.351,High
Edge,Air,NA,Night,0.915,71.398,71.287,22.123,22.598,0.777,100.566,42.97,12.07,1.296,High
Storage,Air,NA,Peak,0.424,41.398,57.98,14.289,26.31,0.819,66.558,31.511,8.841,1.435,Medium
Storage,Air,EU,Off-Peak,0.431,38.755,59.153,12.261,23.087,0.868,41.465,11.633,6.723,1.478,Medium
Compute,Hybrid,EU,Off-Peak,0.867,74.119,98.0,12.307,19.337,0.743,100.909,24.108,18.287,1.485,Medium
Storage,Hybrid,APAC,Peak,0.756,62.791,59.298,24.712,23.73,0.923,74.43,42.509,5.283,1.682,Low
Compute,Air,APAC,Peak,0.734,58.598,58.393,12.471,23.089,0.798,79.225,49.049,5.971,1.627,Low
Storage,Air,EU,Peak,0.352,39.834,78.004,22.524,22.473,0.819,48.13,14.686,8.681,1.289,High
Compute,Liquid,APAC,Night,0.85,68.315,41.83,8.705,17.992,1.0,110.348,70.062,8.858,1.535,Medium
Storage,Air,EU,Off-Peak,0.621,49.751,68.951,23.737,20.662,0.731,64.997,16.693,12.383,1.455,Medium
Edge,Liquid,NA,Night,0.502,38.534,40.206,15.637,19.709,0.879,37.256,15.622,4.015,1.05,High
Compute,Air,ME,Off-Peak,0.879,63.373,43.44,17.381,19.773,0.913,73.626,35.583,3.545,1.398,High
Edge,Air,NA,Night,0.455,37.513,60.71,35.127,23.481,0.838,57.529,23.472,7.533,1.592,Low
Storage,Liquid,NA,Night,0.689,69.225,38.803,40.889,15.0,0.828,78.811,29.88,10.352,1.303,High
GPU,Air,APAC,Off-Peak,0.519,50.952,48.445,9.011,19.944,0.81,100.65,62.45,7.73,1.326,High
GPU,Hybrid,EU,Peak,0.633,54.071,56.352,12.313,27.873,0.858,118.065,31.445,21.417,1.647,Low
Storage,Air,NA,Off-Peak,0.136,27.195,73.583,7.562,27.146,0.847,44.16,20.328,5.627,1.465,Medium
GPU,Air,NA,Off-Peak,0.515,40.407,69.126,13.799,19.445,0.894,102.249,41.638,11.394,1.288,High
GPU,Hybrid,EU,Off-Peak,0.601,52.428,63.77,12.969,21.217,0.839,111.533,27.308,19.801,1.383,Medium
Storage,Air,ME,Night,0.543,42.23,81.567,9.726,17.238,0.956,53.962,27.555,2.124,1.401,High
Compute,Liquid,EU,Peak,0.863,64.54,25.087,12.255,23.096,1.0,101.884,26.093,18.363,1.244,High
Storage,Air,EU,Peak,0.38,42.031,36.283,11.051,25.831,0.678,84.496,24.136,14.585,1.526,Low
GPU,Liquid,NA,Off-Peak,0.896,70.864,49.705,19.882,18.876,0.822,119.594,51.768,14.036,1.422,Medium
GPU,Liquid,NA,Peak,0.463,46.497,80.163,12.541,19.562,0.762,109.522,46.182,12.777,1.137,High
GPU,Air,NA,Off-Peak,0.725,60.494,81.323,24.225,25.211,0.805,126.772,50.307,14.605,1.374,Medium
Storage,Hybrid,NA,Night,0.178,24.116,60.483,17.578,35.65,0.926,61.666,23.069,7.553,1.233,High
GPU,Liquid,EU,Off-Peak,0.28,28.802,82.65,9.022,15.0,0.772,96.737,24.13,17.265,1.183,High
Compute,Air,NA,Night,0.785,62.335,85.575,20.432,20.873,0.777,98.111,42.754,11.783,1.676,Low
Storage,Liquid,NA,Off-Peak,0.111,25.733,68.045,3.723,16.385,1.0,88.066,35.802,11.55,1.064,High
Compute,Liquid,APAC,Off-Peak,0.972,73.143,59.493,24.617,19.528,0.991,86.902,50.47,7.256,1.344,High
Compute,Air,APAC,Off-Peak,0.272,33.433,69.372,4.476,22.952,0.923,64.952,35.217,4.749,1.224,High
Compute,Air,ME,Peak,0.911,70.906,87.193,18.52,25.567,0.863,110.094,57.984,5.557,1.444,Medium
Compute,Air,EU,Off-Peak,0.564,46.703,86.256,15.378,24.669,0.852,68.953,19.079,12.256,1.58,Low
Storage,Air,NA,Peak,0.608,46.721,71.146,11.102,21.56,0.893,54.849,18.648,5.704,1.516,Medium
Compute,Liquid,APAC,Night,0.176,22.522,47.512,11.014,17.39,1.0,62.721,36.461,5.239,1.202,High
Storage,Air,NA,Peak,0.429,31.573,60.118,15.26,28.373,0.912,74.723,26.191,9.399,1.693,Low
Compute,Hybrid,EU,Peak,0.241,23.379,74.755,5.66,25.525,0.828,96.661,23.069,17.485,1.508,Medium
Compute,Air,APAC,Off-Peak,0.573,43.682,70.949,14.662,21.445,0.774,76.926,46.85,5.198,1.417,Medium
Compute,Air,APAC,Off-Peak,0.596,62.259,52.069,17.005,23.703,0.796,87.708,54.734,7.052,1.397,Medium
Compute,Liquid,ME,Peak,0.739,67.418,73.841,10.818,18.992,0.992,90.042,45.896,5.387,1.659,Low
Storage,Liquid,APAC,Peak,0.89,72.389,49.245,18.38,23.118,1.0,78.236,42.78,6.434,1.413,High
Storage,Liquid,EU,Night,0.521,38.007,67.319,9.149,15.0,0.979,62.839,15.939,11.343,1.05,High
Storage,Air,NA,Off-Peak,0.31,25.85,92.339,11.541,18.601,0.838,65.765,23.853,8.025,1.29,High
Storage,Air,ME,Peak,0.4,31.114,75.133,8.721,27.305,0.88,72.861,39.606,3.52,1.557,Medium
Compute,Air,NA,Off-Peak,0.862,76.031,65.745,9.384,28.704,0.648,135.406,53.802,16.036,1.782,Low
GPU,Hybrid,ME,Peak,0.231,30.027,98.0,7.919,25.991,0.85,114.013,56.514,6.232,1.494,Medium
Storage,Air,NA,Peak,0.665,56.415,52.994,12.714,28.848,0.83,75.936,30.931,9.252,1.549,Low
Storage,Hybrid,NA,Night,0.112,14.139,38.498,17.377,15.81,0.93,48.625,21.199,6.337,1.163,High
Compute,Liquid,APAC,Peak,0.321,30.914,47.91,22.424,24.169,1.0,53.153,28.9,3.582,1.307,High
Compute,Air,NA,Peak,0.632,49.902,56.367,19.232,28.05,0.82,58.289,23.149,7.12,1.961,Low
Compute,Liquid,APAC,Night,0.511,47.254,85.49,18.121,18.902,0.919,68.499,40.786,5.236,1.388,High
Compute,Hybrid,NA,Off-Peak,0.544,43.551,64.339,14.699,16.9,0.704,117.259,44.616,13.488,2.407,Low
Storage,Hybrid,APAC,Peak,0.695,53.564,53.104,12.862,26.269,0.802,73.198,41.049,6.201,1.753,Low
Storage,Air,EU,Off-Peak,0.311,31.869,47.211,28.157,25.526,0.953,48.919,12.205,8.654,1.461,Medium
Storage,Air,EU,Night,0.353,30.425,78.584,7.574,20.867,0.856,62.562,15.086,11.202,1.534,Medium
GPU,Air,NA,Peak,0.716,54.862,63.725,18.055,23.874,0.987,102.314,43.795,12.135,1.621,Low
GPU,Air,NA,Off-Peak,0.584,41.996,53.734,14.844,25.963,0.882,120.191,44.666,13.764,1.6,Low
GPU,Liquid,APAC,Off-Peak,0.113,12.095,43.25,4.9,15.086,1.0,157.197,93.598,12.139,1.245,High
Edge,Hybrid,NA,Off-Peak,0.703,57.794,70.666,25.389,19.465,0.821,64.731,25.997,7.763,1.398,Medium
Compute,Air,NA,Off-Peak,0.658,60.303,56.793,22.49,28.513,0.792,81.385,33.915,9.604,1.493,Medium
Compute,Liquid,EU,Off-Peak,0.171,17.52,56.605,4.938,16.233,1.0,59.932,10.458,10.962,1.163,High
Compute,Liquid,EU,Peak,0.773,61.061,63.995,31.826,26.17,0.864,96.564,25.119,16.43,1.747,Low
Storage,Air,NA,Night,0.57,45.324,63.312,14.725,19.893,0.732,54.69,21.302,7.253,1.818,Low
GPU,Air,NA,Peak,0.284,28.101,68.754,8.205,23.23,0.735,94.555,37.723,11.482,1.586,Low
Compute,Liquid,NA,Off-Peak,0.603,57.345,50.356,7.495,22.019,0.966,73.163,28.311,9.094,1.502,Medium
Edge,Hybrid,APAC,Off-Peak,0.636,56.69,76.732,9.638,22.672,0.788,63.184,36.565,4.672,1.576,Low
Compute,Liquid,NA,Off-Peak,0.928,76.183,48.292,17.774,25.101,1.0,119.008,47.323,14.438,1.626,Low
Edge,Air,ME,Off-Peak,0.768,64.111,84.566,20.938,22.08,0.652,59.783,32.904,2.325,1.393,Medium
Compute,Air,NA,Off-Peak,0.372,40.263,59.16,19.001,21.264,0.857,95.564,37.251,11.165,1.357,High
Compute,Air,NA,Peak,0.206,17.986,71.259,30.712,25.668,0.943,57.5,21.573,6.286,1.462,Medium
Storage,Liquid,EU,Off-Peak,0.868,70.898,79.118,34.446,18.17,0.893,73.245,18.285,13.082,1.119,High
Compute,Liquid,NA,Night,0.861,65.397,94.893,12.141,19.835,0.835,81.855,33.023,9.977,1.341,High
Compute,Air,EU,Night,0.258,21.892,61.678,7.847,22.869,0.874,98.607,26.249,17.519,1.546,Medium
Compute,Hybrid,APAC,Off-Peak,0.156,19.462,79.404,7.077,21.875,0.903,68.714,41.158,5.762,1.326,High
GPU,Liquid,NA,Peak,0.741,58.872,79.899,19.58,27.661,0.883,98.551,35.897,12.119,1.516,Medium
Storage,Liquid,APAC,Peak,0.75,56.307,52.816,20.435,15.0,0.894,84.154,50.99,6.579,1.4,High
Compute,Hybrid,NA,Peak,0.259,28.898,76.097,9.494,22.067,0.855,63.403,27.642,7.509,1.449,Medium
Storage,Air,NA,Off-Peak,0.701,61.658,72.458,20.187,22.713,0.787,77.211,29.552,9.334,1.363,Medium
GPU,Hybrid,NA,Peak,0.351,29.307,57.827,17.908,26.171,0.875,85.049,33.554,10.628,1.303,High
Compute,Air,ME,Night,0.335,34.206,64.382,9.859,23.079,0.899,56.325,28.913,2.389,1.746,Low
Storage,Air,NA,Night,0.392,34.989,52.027,6.14,18.596,0.851,63.577,25.911,8.223,1.312,High
Compute,Hybrid,APAC,Peak,0.568,44.146,98.0,9.286,19.553,0.694,68.985,41.657,5.31,1.733,Low
Compute,Hybrid,EU,Off-Peak,0.824,61.884,68.911,20.302,18.974,0.835,81.533,19.939,14.763,1.539,Medium
Storage,Liquid,NA,Off-Peak,0.549,50.518,52.516,25.319,18.228,1.0,69.276,30.75,7.723,1.425,High
Compute,Liquid,EU,Peak,0.368,29.948,31.779,34.683,25.279,0.982,58.36,14.156,9.772,1.146,High
Storage,Liquid,APAC,Off-Peak,0.896,72.014,86.763,24.135,20.846,1.0,124.67,70.648,9.678,1.31,High
GPU,Hybrid,APAC,Off-Peak,0.15,15.437,62.843,6.752,17.819,0.865,121.049,72.795,9.104,2.501,Medium
Compute,Air,EU,Peak,0.817,66.433,72.23,9.401,23.846,0.987,105.096,22.68,18.54,1.374,High
Storage,Hybrid,APAC,Off-Peak,0.806,63.654,80.355,23.747,24.657,0.918,90.046,53.689,7.237,1.515,Medium
Compute,Air,NA,Night,0.328,26.703,72.22,32.502,20.542,0.767,208.578,83.431,25.029,1.454,Medium
Edge,Air,ME,Peak,0.278,25.047,73.288,5.487,28.232,0.738,47.122,25.102,3.554,1.49,Medium
Storage,Air,APAC,Off-Peak,0.887,68.432,69.084,23.618,24.012,0.665,74.278,41.635,6.178,1.47,Low
GPU,Liquid,APAC,Peak,0.603,49.928,42.777,10.874,22.92,0.951,112.505,65.082,9.609,1.511,Medium
Storage,Hybrid,APAC,Night,0.141,25.872,46.145,13.626,24.759,0.766,57.128,32.96,4.446,1.477,Medium
Compute,Liquid,EU,Night,0.902,66.227,78.812,29.085,16.838,1.0,73.224,16.399,13.522,1.282,High
Storage,Hybrid,EU,Peak,0.414,46.973,59.721,20.15,20.043,0.916,69.021,17.277,12.425,1.449,Medium
Edge,Air,EU,Night,0.408,43.49,77.19,9.92,19.155,0.92,179.953,44.988,32.392,1.47,Medium
Storage,Liquid,NA,Peak,0.679,58.362,84.717,7.389,21.081,0.939,73.392,29.73,8.859,1.452,Medium
GPU,Hybrid,EU,Peak,0.695,50.653,66.874,18.424,23.045,0.878,107.184,23.099,19.443,1.614,Low
GPU,Liquid,NA,Off-Peak,0.418,32.228,51.961,9.495,17.231,0.876,92.45,35.823,11.745,1.188,High
Compute,Liquid,EU,Peak,0.229,24.061,52.606,13.694,25.101,0.699,57.327,12.173,11.99,1.869,Low
Compute,Liquid,NA,Off-Peak,0.597,47.647,67.514,9.713,19.397,0.847,73.834,29.38,8.979,1.629,Low
Storage,Hybrid,NA,Off-Peak,0.663,51.022,72.462,15.814,22.975,0.58,80.163,38.081,9.678,1.545,Low
Storage,Hybrid,NA,Peak,0.874,69.753,93.352,10.832,18.736,0.882,89.023,37.596,10.257,1.41,Medium
GPU,Air,APAC,Peak,0.536,40.735,70.298,24.233,20.652,0.755,107.985,63.329,8.806,1.492,Medium
Edge,Hybrid,NA,Off-Peak,0.681,57.219,71.008,9.747,19.049,0.782,50.178,18.011,6.68,1.317,High
Compute,Air,APAC,Peak,0.149,28.787,32.575,6.4,27.359,0.841,94.664,58.337,7.598,1.502,Medium
Compute,Air,NA,Peak,0.905,71.567,85.726,18.892,20.308,0.729,81.768,30.962,9.862,1.493,Low
GPU,Hybrid,EU,Peak,0.394,46.427,61.046,23.496,19.808,0.886,123.817,31.217,21.988,1.324,High
Compute,Air,NA,Night,0.669,48.421,42.305,10.071,15.417,0.966,78.15,32.47,9.993,1.327,High
GPU,Hybrid,NA,Night,0.924,72.951,41.654,15.145,15.0,0.935,115.498,46.811,13.666,1.308,High
Storage,Air,EU,Peak,0.829,64.839,65.394,22.896,26.315,0.713,73.559,19.537,13.213,1.621,Low
Storage,Air,EU,Peak,0.674,58.354,79.05,17.245,29.554,0.834,59.55,15.093,10.967,1.516,Medium
Compute,Air,NA,Off-Peak,0.733,57.093,50.741,45.114,25.005,0.848,67.344,24.997,7.78,1.801,Low
Storage,Air,EU,Night,0.929,72.113,73.005,26.959,21.957,0.768,70.008,13.443,12.178,1.649,Low
Storage,Liquid,APAC,Peak,0.831,64.983,47.645,19.6,20.11,0.959,74.223,44.063,6.315,1.232,High
Storage,Air,NA,Night,0.649,54.344,58.654,9.341,21.989,0.881,60.877,25.809,6.846,1.379,High
Compute,Air,NA,Off-Peak,0.693,52.015,55.998,19.688,22.568,0.638,112.607,43.701,12.411,1.635,Low
GPU,Air,EU,Night,0.233,22.042,47.45,21.515,22.83,0.905,80.107,21.334,13.745,1.702,Low
GPU,Air,NA,Peak,0.523,46.048,77.2,30.618,23.773,0.96,132.33,57.215,15.63,1.609,Low
Compute,Liquid,ME,Night,0.371,31.733,58.604,16.302,18.463,0.933,66.872,32.02,2.636,1.198,High
Compute,Air,EU,Off-Peak,0.489,59.533,74.072,8.332,17.449,0.871,98.909,24.451,17.099,1.504,Medium
Compute,Liquid,EU,Night,0.696,53.003,73.904,13.79,15.0,0.76,76.891,18.449,13.792,1.329,High
Storage,Hybrid,EU,Off-Peak,0.234,22.88,65.994,7.216,24.682,0.81,67.155,18.358,12.383,1.524,Medium
Storage,Liquid,EU,Off-Peak,0.116,10.853,51.827,36.215,16.57,0.832,40.847,7.587,6.877,1.217,High
Storage,Hybrid,NA,Night,0.457,37.245,69.12,6.411,22.889,0.81,66.61,27.31,7.904,1.645,Low
Compute,Air,ME,Off-Peak,0.39,33.725,62.074,9.233,24.65,0.889,53.211,23.872,2.472,1.407,Medium
Compute,Air,EU,Off-Peak,0.478,39.521,59.393,14.034,21.044,0.92,84.196,20.374,15.262,1.254,High
Storage,Hybrid,NA,Off-Peak,0.938,75.625,98.0,11.059,21.161,0.752,96.952,42.357,11.887,1.412,Medium
Storage,Liquid,EU,Off-Peak,0.736,67.108,66.882,19.97,18.604,0.71,86.033,21.114,15.02,1.28,High
Edge,Liquid,NA,Night,0.395,42.237,73.091,17.346,20.136,0.815,62.588,26.106,6.718,1.497,Medium
Compute,Liquid,NA,Peak,0.261,38.711,57.57,8.354,18.226,0.886,77.461,33.642,8.719,1.132,High
Storage,Air,EU,Off-Peak,0.657,63.841,92.955,35.496,25.545,0.995,74.928,20.899,14.031,1.305,High
Storage,Air,EU,Night,0.692,68.931,55.144,10.229,18.769,0.795,62.582,15.539,12.022,1.263,High
Storage,Liquid,EU,Off-Peak,0.535,40.945,79.965,12.381,15.0,1.0,78.608,16.837,13.398,1.359,High
GPU,Liquid,NA,Night,0.291,30.233,34.911,17.948,15.0,0.935,121.236,42.746,14.732,1.451,Medium
Storage,Air,EU,Night,0.126,15.485,41.877,3.086,18.282,0.799,85.214,20.864,14.64,1.189,High
Edge,Hybrid,NA,Off-Peak,0.339,28.248,73.304,14.766,18.498,0.935,42.913,19.72,5.827,1.073,High
Compute,Air,EU,Off-Peak,0.511,39.85,73.667,18.083,21.755,0.636,81.075,21.117,14.468,1.557,Low
Compute,Air,EU,Night,0.809,65.988,56.591,19.761,20.367,0.93,89.757,21.338,16.935,1.676,Low
GPU,Hybrid,EU,Night,0.868,68.106,66.265,10.329,17.155,0.934,117.067,33.192,21.545,1.295,High
Storage,Liquid,APAC,Night,0.472,42.713,80.029,12.329,15.785,0.975,75.752,46.389,5.93,1.479,Medium
Compute,Liquid,APAC,Peak,0.817,68.268,92.524,12.086,25.242,0.859,115.925,67.997,9.735,1.54,Medium
Compute,Air,ME,Peak,0.994,73.898,80.745,17.084,23.52,0.862,77.683,39.688,3.681,1.595,Low
Compute,Air,ME,Off-Peak,0.745,55.834,66.539,12.432,21.787,0.653,88.197,42.449,4.223,1.849,Low
GPU,Liquid,APAC,Off-Peak,0.756,64.538,86.708,7.858,17.453,0.982,122.043,70.762,9.986,1.246,High
Compute,Air,ME,Peak,0.919,72.264,65.873,20.563,27.436,0.871,89.78,44.115,4.249,1.558,Medium
Compute,Hybrid,APAC,Peak,0.404,43.067,57.184,14.431,16.414,0.868,71.649,40.142,4.492,1.146,High
Compute,Hybrid,APAC,Peak,0.11,11.893,46.935,8.655,21.829,0.837,53.265,31.655,3.727,1.584,Low
Compute,Hybrid,NA,Off-Peak,0.988,80.676,54.03,35.247,20.623,0.744,93.133,35.735,10.88,1.28,High
Compute,Air,NA,Night,0.541,1.3,75.022,12.113,16.756,0.963,70.711,29.672,7.889,1.437,Medium
Storage,Liquid,APAC,Night,0.807,62.902,72.122,23.455,15.379,0.934,74.158,40.853,6.375,1.356,High
Compute,Air,EU,Peak,0.831,64.575,80.3,14.946,22.901,0.844,76.294,20.423,13.059,1.414,Medium
GPU,Air,APAC,Peak,0.458,44.367,70.765,11.275,24.904,0.92,130.669,77.358,10.088,1.581,Medium
Compute,Air,NA,Off-Peak,0.587,45.964,91.619,15.301,21.168,0.78,67.273,28.498,7.921,1.75,Low
Storage,Air,NA,Peak,0.586,58.873,84.93,8.952,19.662,0.851,67.175,28.399,7.729,1.423,Medium
GPU,Hybrid,APAC,Off-Peak,0.298,26.643,55.693,13.874,23.551,0.842,89.957,54.383,6.453,1.145,High
Storage,Air,ME,Peak,0.206,26.176,58.27,17.937,25.319,0.815,40.046,17.376,2.217,1.416,Medium
Storage,Air,NA,Peak,0.589,56.176,61.261,13.298,25.399,0.926,75.286,30.948,8.853,1.468,Medium
Compute,Hybrid,APAC,Off-Peak,0.208,22.727,57.447,7.237,25.35,0.799,92.504,55.123,8.122,1.582,Low
Compute,Air,APAC,Peak,0.411,32.648,70.05,12.805,23.374,0.901,75.729,44.18,6.304,1.315,High
Storage,Liquid,NA,Peak,0.267,21.121,70.485,21.113,25.067,0.871,34.951,17.9,4.768,1.514,Medium
Edge,Air,NA,Off-Peak,0.736,56.033,90.048,18.357,23.377,0.786,52.979,22.657,6.094,1.47,Medium
Storage,Air,NA,Peak,0.885,70.221,93.152,14.294,21.99,0.927,68.306,25.185,8.587,1.494,Medium
Storage,Hybrid,NA,Off-Peak,0.62,47.967,66.947,15.771,20.909,0.886,223.843,89.537,26.861,1.537,Medium
GPU,Air,EU,Peak,0.469,52.283,53.956,10.292,27.918,0.933,113.727,30.838,20.423,1.67,Low
Storage,Liquid,NA,Off-Peak,0.997,74.738,78.786,20.684,15.0,0.884,104.804,41.699,12.121,1.528,Medium
Compute,Air,NA,Night,0.119,27.937,49.884,11.538,21.502,0.958,51.632,23.415,5.842,1.372,High
Storage,Air,APAC,Off-Peak,0.374,34.075,73.767,5.745,26.655,0.889,51.795,33.992,4.032,1.846,Low
Edge,Air,EU,Off-Peak,0.351,40.898,80.957,19.63,26.678,0.761,69.885,18.258,13.013,1.529,Low
Compute,Air,EU,Night,0.421,34.066,72.555,8.662,18.964,0.758,69.097,19.499,11.447,1.443,Medium
Storage,Air,NA,Peak,0.308,27.689,64.382,8.082,22.478,0.724,97.989,38.763,11.342,1.754,Low
Compute,Liquid,APAC,Peak,0.338,35.221,70.512,11.238,17.977,1.0,71.96,40.7,5.36,1.455,Medium
Storage,Air,APAC,Peak,0.332,28.007,58.702,12.74,26.092,0.9,39.429,21.063,3.468,1.468,Medium
Compute,Air,EU,Off-Peak,0.555,46.314,54.747,8.206,21.017,0.839,67.926,20.388,12.409,1.372,High
Storage,Air,ME,Off-Peak,0.452,38.184,70.323,14.025,25.584,0.871,59.141,29.279,2.892,1.509,Medium
GPU,Hybrid,APAC,Peak,0.675,51.086,88.496,19.779,18.71,0.746,98.264,59.423,7.876,1.337,Medium
Compute,Hybrid,APAC,Night,0.563,49.634,59.241,15.471,19.699,0.821,69.459,41.83,5.837,1.561,Low
Storage,Liquid,APAC,Peak,0.265,25.059,55.374,26.457,21.034,1.0,60.034,36.141,4.873,1.331,High
GPU,Hybrid,NA,Night,0.829,1.168,84.562,20.592,18.593,0.627,139.454,54.401,17.32,1.807,Low
Edge,Air,NA,Night,0.525,47.554,64.5,8.526,22.715,0.902,66.718,24.472,8.192,1.702,Low
Compute,Air,NA,Night,0.238,19.334,58.934,8.191,19.803,0.87,49.019,16.228,5.797,1.265,High
Compute,Liquid,NA,Night,0.25,19.09,50.14,17.133,20.881,0.827,78.847,31.612,9.351,1.669,Low
Compute,Liquid,NA,Peak,0.817,71.579,79.138,13.965,18.061,0.837,115.082,46.11,13.722,1.395,Medium
Edge,Air,APAC,Off-Peak,0.733,56.047,67.826,18.853,25.926,0.909,73.633,43.988,5.456,1.421,Medium
Edge,Air,NA,Peak,0.556,55.085,44.761,8.026,21.212,0.867,75.598,29.143,9.109,1.363,High
Storage,Hybrid,ME,Night,0.375,36.716,71.253,11.502,18.783,0.93,58.187,27.579,3.109,1.17,High
GPU,Hybrid,EU,Peak,0.514,48.875,76.562,11.506,19.945,0.839,109.744,26.666,20.032,1.232,High
Storage,Air,NA,Peak,0.673,51.929,64.89,11.05,22.42,0.756,99.025,38.479,11.683,1.545,Low
Storage,Liquid,EU,Night,0.891,72.734,86.721,10.534,15.583,1.0,100.428,27.656,17.965,1.578,Medium
Compute,Air,NA,Peak,0.6,46.929,48.795,17.092,24.138,0.778,66.155,27.931,7.574,1.279,High
GPU,Air,ME,Peak,0.349,37.377,48.725,14.289,29.201,0.714,87.693,44.346,3.885,1.798,Low
Compute,Air,APAC,Off-Peak,0.138,13.757,51.224,4.549,23.203,0.679,62.826,35.958,4.566,1.697,Low
GPU,Air,NA,Off-Peak,0.258,25.975,61.178,12.912,25.523,0.831,109.324,43.666,12.92,1.65,Low
GPU,Air,ME,Off-Peak,0.685,50.614,74.197,12.576,19.642,0.904,96.758,50.498,5.149,1.348,High
GPU,Hybrid,APAC,Off-Peak,0.244,26.4,52.553,14.48,21.775,0.692,113.579,70.489,8.904,1.423,Medium
Compute,Air,NA,Night,0.533,41.105,75.643,15.24,23.589,0.901,79.552,30.547,8.787,1.593,Low
Compute,Liquid,EU,Peak,0.729,56.14,61.756,11.41,19.216,1.0,117.323,32.841,20.941,1.277,High
Compute,Air,EU,Off-Peak,0.377,32.64,26.389,9.374,23.898,0.832,65.554,14.836,11.332,2.343,Low
Compute,Air,NA,Off-Peak,0.702,51.71,49.251,7.663,22.195,0.983,79.546,32.943,9.512,1.443,High
Compute,Hybrid,APAC,Off-Peak,0.623,52.843,91.866,9.59,20.755,0.901,103.779,64.225,8.402,1.719,Low
Edge,Liquid,NA,Off-Peak,0.495,51.9,53.912,23.367,17.452,0.982,60.7,27.79,7.251,1.216,High
Storage,Hybrid,EU,Peak,0.908,69.871,64.2,17.793,20.447,0.859,89.348,23.353,15.594,1.444,Medium
Compute,Hybrid,NA,Peak,0.723,65.962,47.619,20.696,27.558,0.969,73.454,30.212,8.14,1.39,High
Compute,Air,ME,Peak,0.425,38.473,72.081,12.106,24.19,0.924,98.743,47.535,4.72,1.353,High
Storage,Air,APAC,Peak,0.824,67.161,65.075,10.73,32.919,0.739,101.361,60.425,8.2,1.887,Low
Storage,Hybrid,NA,Peak,0.764,59.601,68.863,11.546,37.992,0.835,76.681,33.587,10.194,1.702,Low
Storage,Hybrid,NA,Off-Peak,0.813,66.018,69.482,9.112,21.577,0.813,84.826,34.854,10.204,1.361,Medium
Edge,Liquid,NA,Peak,0.677,58.903,43.199,23.611,22.654,0.946,62.26,20.365,6.848,1.361,High
Storage,Liquid,APAC,Off-Peak,0.441,45.827,55.989,5.386,17.927,0.983,77.187,46.411,5.833,1.253,High
Edge,Liquid,NA,Night,0.414,43.823,81.557,4.294,21.069,0.857,60.672,20.917,7.47,1.351,High
GPU,Air,APAC,Peak,0.689,68.112,70.988,18.597,25.34,0.801,122.881,73.954,10.51,1.368,Medium
Compute,Liquid,ME,Off-Peak,0.218,29.95,31.152,14.156,20.5,0.889,97.388,50.578,4.659,1.469,Medium
Edge,Hybrid,EU,Night,0.838,61.894,69.591,27.2,18.61,0.784,212.555,53.139,38.26,1.526,Low
Compute,Liquid,NA,Off-Peak,0.433,46.642,56.988,19.996,19.497,1.0,103.992,39.779,12.98,1.376,High
GPU,Air,NA,Night,0.667,57.496,62.351,35.456,17.821,0.874,120.109,46.805,15.292,1.401,Medium
Compute,Air,EU,Peak,0.549,47.583,57.112,16.068,31.53,0.88,98.279,24.845,18.216,1.829,Low
GPU,Air,EU,Night,0.567,43.827,57.435,10.603,21.316,0.692,95.957,27.001,16.479,1.475,Low
GPU,Air,EU,Off-Peak,0.764,57.088,68.079,11.815,21.849,0.837,117.853,29.724,21.485,1.661,Low
GPU,Hybrid,EU,Peak,0.664,57.179,58.469,16.9,21.325,0.885,113.866,28.28,20.046,1.465,Medium
GPU,Air,NA,Night,0.325,40.309,74.451,8.458,21.281,0.901,90.957,36.39,11.044,1.603,Low
Compute,Air,APAC,Night,0.167,25.426,47.841,7.148,18.99,0.901,78.387,48.266,6.429,1.431,Medium
Compute,Air,NA,Peak,0.856,72.497,54.201,8.913,22.211,0.758,117.946,48.654,13.697,1.517,Low
Storage,Liquid,EU,Night,0.896,67.54,90.123,17.081,18.645,0.698,64.508,16.547,11.33,1.504,Low
Compute,Liquid,APAC,Peak,0.248,30.568,52.694,12.744,17.659,0.907,62.247,38.29,4.216,1.161,High
Storage,Air,NA,Off-Peak,0.379,39.77,57.654,10.487,16.349,0.892,48.759,18.542,5.576,1.167,High
Compute,Air,APAC,Peak,0.354,35.198,35.258,5.668,26.582,0.791,51.903,31.637,3.839,1.757,Low
Edge,Air,APAC,Peak,0.944,70.344,44.716,25.744,26.45,0.647,71.753,44.674,5.558,1.712,Low
Storage,Liquid,EU,Off-Peak,0.284,22.033,60.411,5.961,18.79,1.0,59.953,18.037,11.129,1.322,High
GPU,Air,NA,Peak,0.25,22.988,68.334,7.062,24.791,0.961,95.093,39.608,11.897,1.426,High
Compute,Hybrid,NA,Peak,0.264,22.696,79.322,8.053,22.74,0.847,54.332,18.412,6.023,1.235,High
GPU,Air,NA,Off-Peak,0.757,63.577,68.137,23.727,24.233,0.806,103.899,40.535,12.402,1.372,Medium
Edge,Air,NA,Peak,0.899,67.168,73.977,15.411,25.098,0.788,62.837,24.866,7.396,1.561,Low
Storage,Liquid,ME,Off-Peak,0.454,33.682,55.741,23.145,21.275,0.959,58.541,31.902,3.533,1.561,Medium
Storage,Air,EU,Peak,0.222,19.258,69.713,13.689,26.697,0.784,46.013,12.735,7.808,1.641,Low
GPU,Liquid,NA,Night,0.627,56.07,71.521,23.482,15.987,1.0,111.058,44.669,13.206,1.276,High
Compute,Air,ME,Peak,0.289,27.307,50.696,19.653,25.559,0.919,130.046,64.587,6.83,1.351,High
Storage,Liquid,APAC,Peak,0.158,22.488,51.344,6.961,22.061,1.0,65.308,41.365,5.101,1.262,High
Compute,Liquid,NA,Peak,0.898,78.281,52.408,16.856,15.519,1.0,101.121,42.747,11.964,1.177,High
Compute,Hybrid,NA,Off-Peak,0.884,72.833,63.907,33.078,20.56,0.954,92.215,40.14,10.116,2.421,Medium
Compute,Air,NA,Peak,0.978,74.941,79.154,26.962,23.096,0.908,110.455,47.353,13.105,1.759,Low
Compute,Air,ME,Off-Peak,0.527,46.303,71.039,10.809,24.813,0.874,68.992,36.134,4.517,1.635,Low
Compute,Air,EU,Peak,0.365,26.205,49.86,15.992,21.54,0.657,58.478,12.234,10.514,1.363,Medium
Compute,Hybrid,APAC,Night,0.793,67.086,48.605,22.598,19.406,0.955,99.5,58.142,7.729,1.507,Medium
Edge,Hybrid,NA,Peak,0.262,26.738,56.228,6.034,22.431,0.605,50.939,23.997,5.88,1.767,Low
Storage,Air,APAC,Night,0.319,31.108,96.939,17.459,15.176,0.811,58.096,30.93,5.401,1.38,Medium
Edge,Air,NA,Peak,0.33,28.142,66.335,26.226,28.247,0.921,72.945,30.186,8.882,1.538,Medium
Storage,Air,ME,Peak,0.956,74.838,56.276,22.914,26.228,0.861,110.333,56.133,5.956,1.471,Medium
Compute,Air,ME,Peak,0.757,62.895,64.955,31.127,22.424,0.887,75.836,40.068,3.668,1.732,Low
Storage,Air,NA,Peak,0.22,23.484,46.687,4.598,25.731,0.827,38.423,16.872,4.646,1.595,Low
Storage,Air,APAC,Off-Peak,0.184,22.415,63.625,14.726,23.711,0.741,44.687,24.956,2.279,1.674,Low
Compute,Liquid,APAC,Night,0.859,68.398,52.949,16.317,15.0,1.0,80.223,46.156,6.25,1.172,High
Storage,Hybrid,ME,Peak,0.822,77.982,84.319,18.265,20.679,0.975,79.954,39.298,4.261,1.276,High
Compute,Hybrid,NA,Off-Peak,0.704,54.289,69.034,15.621,17.735,0.778,67.327,25.273,8.213,1.465,Medium
Storage,Air,EU,Peak,0.276,29.766,59.896,9.131,19.257,0.846,67.564,18.984,12.287,1.616,Low
Storage,Liquid,APAC,Peak,0.532,50.268,49.857,8.647,24.847,0.7,77.956,44.162,6.255,1.768,Low
Compute,Hybrid,APAC,Peak,0.642,50.145,56.762,11.931,29.6,0.966,68.519,44.022,5.959,1.711,Low
Compute,Air,NA,Night,0.939,73.49,42.051,12.094,19.42,0.955,90.836,33.64,9.807,1.607,Low
GPU,Liquid,APAC,Peak,0.252,29.142,59.757,10.387,18.624,0.78,123.084,76.662,9.794,1.36,Medium
Storage,Air,NA,Off-Peak,0.564,42.64,81.348,10.999,20.537,0.726,61.873,24.966,8.366,1.723,Low
Compute,Air,APAC,Peak,0.242,28.456,48.075,6.709,27.084,0.767,96.053,57.76,6.998,1.662,Low
Edge,Air,NA,Peak,0.499,37.911,62.203,7.383,28.186,0.848,71.507,33.493,9.433,1.568,Low
Compute,Air,NA,Off-Peak,0.28,39.901,49.225,7.773,25.394,0.886,71.749,29.621,8.79,2.317,High
Storage,Liquid,EU,Peak,0.853,64.371,59.633,10.998,23.474,0.962,85.925,24.131,15.383,1.483,Medium
Edge,Air,EU,Peak,0.329,27.9,46.938,18.535,27.606,0.838,37.469,8.327,6.833,1.765,Low
Compute,Air,EU,Peak,0.475,39.619,76.346,24.073,23.463,0.843,63.278,14.17,11.212,1.487,Medium
Compute,Air,EU,Peak,0.467,48.205,62.712,15.954,20.292,0.899,70.651,16.483,12.741,1.476,Medium
Compute,Hybrid,NA,Night,0.88,74.892,56.418,13.208,20.969,0.83,97.944,38.556,12.094,1.403,Medium
Compute,Air,NA,Peak,0.782,62.327,79.032,13.04,24.863,0.824,95.419,40.416,11.093,1.604,Low
Compute,Liquid,APAC,Off-Peak,0.152,14.171,40.757,9.798,20.383,0.996,57.467,33.769,4.197,1.282,High
Storage,Liquid,NA,Peak,0.16,18.278,61.823,31.899,20.461,0.743,62.358,24.608,6.969,1.516,Low
Compute,Air,EU,Night,0.596,57.927,64.063,23.062,22.029,0.673,72.733,16.369,13.237,1.703,Low
Storage,Air,EU,Off-Peak,0.485,38.946,79.161,7.197,24.45,0.88,86.665,19.399,14.398,1.547,Medium
Edge,Liquid,ME,Peak,0.348,31.537,64.117,7.651,20.871,0.942,51.602,29.213,2.322,1.356,High
GPU,Air,APAC,Night,0.813,61.873,77.24,17.695,26.942,0.86,114.91,67.056,10.106,1.503,Medium
Storage,Air,NA,Peak,0.216,23.955,53.527,21.452,24.889,0.897,64.158,25.917,8.275,1.551,Medium
Compute,Liquid,APAC,Off-Peak,0.977,70.428,80.553,16.0,15.886,1.0,79.804,46.337,5.847,1.128,High
Storage,Air,ME,Off-Peak,0.122,26.803,52.653,16.527,22.97,0.741,54.361,27.48,2.984,1.482,Medium
Storage,Air,EU,Peak,0.206,30.261,64.594,3.524,23.673,0.972,45.785,11.406,8.31,1.374,High
Storage,Air,ME,Night,0.38,33.662,69.834,22.286,17.22,0.926,75.562,36.029,4.813,1.337,High
Compute,Air,EU,Night,0.558,40.564,94.789,10.774,26.089,0.874,61.336,15.57,10.981,1.558,Medium
GPU,Liquid,EU,Night,0.295,27.291,21.248,11.175,18.142,1.0,111.827,27.144,19.09,1.572,Medium
Storage,Liquid,NA,Night,0.763,55.95,58.349,16.642,15.0,0.978,218.615,87.446,26.234,1.249,High
Compute,Liquid,EU,Off-Peak,0.422,34.724,40.592,19.91,20.257,0.969,77.634,20.458,14.805,1.627,Low
Compute,Liquid,NA,Peak,0.135,11.499,44.185,7.512,24.04,0.965,61.423,26.578,6.706,1.661,Low
Storage,Air,NA,Off-Peak,0.89,66.724,76.066,19.395,17.892,0.879,75.098,27.34,8.291,1.487,Medium
GPU,Air,NA,Peak,0.949,71.226,74.645,34.385,30.317,0.942,108.315,46.04,13.758,1.457,Medium
GPU,Air,NA,Peak,0.657,48.534,85.407,7.754,21.37,0.767,105.826,42.387,13.129,1.624,Low
GPU,Air,NA,Off-Peak,0.826,61.087,83.091,21.39,26.36,0.875,127.189,50.995,15.389,1.507,Medium
Compute,Hybrid,EU,Night,0.209,21.192,62.471,16.394,15.0,0.691,67.737,16.355,12.17,1.509,Low
Storage,Hybrid,NA,Peak,0.342,34.88,94.134,5.314,25.584,0.941,50.827,22.049,6.024,1.406,High
Storage,Air,ME,Night,0.393,39.189,54.589,34.659,19.057,0.946,54.294,27.595,3.047,1.331,High
Compute,Air,NA,Off-Peak,0.965,79.764,89.115,14.181,29.854,0.867,82.028,30.847,10.045,1.69,Low
Compute,Air,EU,Peak,0.561,56.688,54.994,13.434,22.733,0.919,97.572,23.614,18.339,1.584,Medium
GPU,Air,NA,Night,0.107,13.735,35.212,10.718,18.32,0.884,90.651,34.164,10.399,1.54,Medium
Compute,Air,NA,Night,0.442,48.879,56.219,8.355,18.682,0.84,82.973,32.108,10.554,1.342,High
Storage,Liquid,NA,Peak,0.107,20.292,70.122,13.824,22.593,1.0,58.175,23.673,6.583,1.443,High
Compute,Hybrid,EU,Peak,0.314,26.678,52.693,10.315,26.062,0.768,51.319,9.033,9.636,1.76,Low
Compute,Liquid,APAC,Peak,0.509,43.213,67.118,15.545,18.127,1.0,85.517,52.711,6.963,1.348,High
Compute,Air,NA,Night,0.391,30.21,51.992,22.911,22.655,0.957,50.877,18.431,5.865,1.34,High
Edge,Air,NA,Peak,0.129,12.084,55.876,20.191,24.611,0.865,56.535,20.732,6.447,1.605,Low
GPU,Liquid,NA,Peak,0.205,21.89,77.684,9.866,18.301,1.0,99.785,39.261,12.887,1.423,High
Edge,Hybrid,APAC,Off-Peak,0.596,49.044,61.292,17.124,21.428,0.917,59.741,35.563,5.771,1.341,High
Storage,Hybrid,APAC,Off-Peak,0.726,60.815,87.809,16.001,28.144,0.871,61.767,39.054,4.441,1.827,Low
Compute,Hybrid,NA,Peak,0.464,33.101,44.149,6.458,23.764,0.875,63.22,26.363,7.446,1.396,Medium
Storage,Liquid,NA,Night,0.758,56.859,31.723,49.224,15.0,1.0,74.712,27.311,9.916,1.07,High
Storage,Liquid,ME,Night,0.247,27.943,41.393,4.816,19.253,0.961,57.652,31.458,2.403,1.304,High
GPU,Air,NA,Night,0.21,21.185,63.799,7.308,23.108,0.816,106.269,46.43,12.677,1.606,Low
Compute,Liquid,EU,Peak,0.856,60.958,68.315,20.389,19.6,1.0,78.657,16.979,14.394,1.922,Low
Storage,Air,NA,Night,0.405,46.477,54.613,14.687,22.239,0.82,178.003,71.201,21.36,1.596,Low
Compute,Air,EU,Off-Peak,0.489,49.554,39.562,16.666,16.478,0.888,79.174,19.713,14.465,1.338,High
Compute,Liquid,ME,Peak,0.953,73.301,54.973,28.449,17.105,0.895,108.376,51.906,4.379,1.215,High
GPU,Air,ME,Off-Peak,0.482,38.871,52.204,11.192,22.339,0.835,169.44,83.443,8.364,1.612,Low
Storage,Air,APAC,Peak,0.103,20.839,59.036,4.782,23.443,0.618,92.641,56.933,7.559,1.688,Low
Compute,Air,EU,Off-Peak,0.944,78.311,85.924,15.764,22.681,0.905,126.029,30.072,22.381,1.498,Medium
Compute,Air,EU,Off-Peak,0.113,19.78,46.352,16.596,23.783,0.808,49.194,16.2,9.161,1.407,Medium
Storage,Air,NA,Off-Peak,0.696,61.574,56.752,16.336,22.177,0.812,57.889,21.154,7.547,1.484,Medium
GPU,Air,ME,Peak,0.391,36.759,48.039,6.006,26.361,0.844,114.377,57.723,5.792,1.574,Low
GPU,Air,APAC,Off-Peak,0.523,43.037,82.211,14.242,22.441,0.777,122.046,75.088,9.682,1.558,Low
Edge,Air,EU,Peak,0.593,48.595,62.871,17.588,25.918,0.923,52.251,11.458,8.769,1.515,Medium
GPU,Hybrid,NA,Night,0.468,37.652,67.623,15.788,17.483,0.905,108.809,38.829,13.405,1.594,Low
Compute,Air,EU,Off-Peak,0.797,63.748,65.176,17.918,25.31,0.861,78.583,16.614,13.52,1.43,Medium
Storage,Air,ME,Peak,0.938,72.754,50.052,20.86,26.107,0.91,110.351,59.166,7.019,1.776,Low
Storage,Liquid,EU,Peak,0.178,13.766,53.079,22.537,15.953,0.919,47.787,11.006,7.787,1.159,High
Compute,Hybrid,NA,Off-Peak,0.82,61.667,81.023,20.593,21.917,0.76,74.426,29.238,9.474,1.39,Medium
GPU,Liquid,NA,Off-Peak,0.216,27.273,54.183,17.948,19.773,0.874,97.945,41.572,11.221,1.181,High
Compute,Air,NA,Off-Peak,0.172,20.98,53.547,17.003,20.079,0.986,75.034,30.997,8.683,1.211,High
Edge,Liquid,ME,Peak,0.96,70.755,51.643,16.996,24.987,1.0,86.733,43.506,4.336,1.138,High
Storage,Liquid,ME,Off-Peak,0.54,43.723,88.704,18.321,17.715,0.918,61.266,32.665,3.038,1.604,Low
Storage,Liquid,ME,Peak,0.237,30.698,59.088,22.181,17.547,0.911,48.533,23.422,2.463,1.332,High
Storage,Liquid,APAC,Off-Peak,0.613,45.331,84.169,29.681,15.0,0.911,74.855,45.074,6.196,1.176,High
GPU,Hybrid,EU,Night,0.337,37.478,54.434,4.97,20.824,0.856,108.203,30.901,19.64,1.424,Medium
Storage,Hybrid,EU,Off-Peak,0.518,43.74,74.864,15.403,21.488,0.768,65.863,17.094,12.214,1.325,High
Storage,Liquid,EU,Peak,0.662,49.806,71.091,8.31,16.728,0.831,71.183,17.356,12.707,1.509,Medium
Compute,Air,APAC,Night,0.882,66.878,81.752,16.811,22.443,0.908,82.942,52.054,6.924,1.343,High
Storage,Liquid,EU,Peak,0.103,20.336,94.034,9.188,23.137,0.852,66.36,15.881,12.286,1.495,Medium
Compute,Hybrid,EU,Off-Peak,0.293,42.283,62.772,12.702,20.451,0.865,212.938,53.235,38.329,1.57,Low
GPU,Air,NA,Off-Peak,0.187,18.349,55.145,14.868,24.848,0.905,104.421,38.691,13.259,1.539,Medium
Storage,Hybrid,NA,Peak,0.187,28.437,68.253,8.637,18.624,0.947,52.936,23.527,5.883,1.368,High
Storage,Air,APAC,Peak,0.951,82.743,61.842,15.83,23.319,0.81,100.381,58.197,6.961,1.334,High
Compute,Air,ME,Peak,0.942,75.308,61.688,35.55,26.053,0.875,114.685,58.49,5.251,1.503,Medium
Compute,Hybrid,EU,Night,0.774,61.613,70.337,11.491,27.357,0.845,103.504,22.629,19.039,1.706,Low
GPU,Air,NA,Night,0.679,51.621,69.013,25.549,23.008,0.685,105.78,40.976,11.183,1.735,Low
Compute,Air,ME,Off-Peak,0.863,67.226,98.0,41.414,22.514,0.851,123.415,60.985,6.761,1.483,Medium
Compute,Air,APAC,Peak,0.153,15.579,40.932,14.048,21.948,0.763,54.233,31.794,5.481,1.564,Low
Compute,Air,EU,Night,0.208,24.392,60.079,12.551,19.806,0.711,66.625,16.554,11.63,1.517,Low
Edge,Air,EU,Off-Peak,0.385,34.044,65.134,22.927,27.049,0.865,57.624,15.476,10.697,1.473,Medium
GPU,Air,EU,Off-Peak,0.849,70.587,55.72,13.23,26.142,0.936,107.615,29.481,20.631,1.105,High
Compute,Air,EU,Off-Peak,0.525,48.425,73.239,13.108,26.93,0.894,80.26,20.709,14.639,1.492,Medium
Compute,Hybrid,APAC,Peak,0.553,47.319,76.168,20.817,22.192,0.973,82.429,45.056,6.95,1.519,Medium
Compute,Hybrid,NA,Off-Peak,0.306,27.741,63.986,4.64,20.147,0.944,66.344,26.661,8.904,1.294,High
GPU,Air,NA,Off-Peak,0.684,59.746,80.992,13.039,19.412,0.886,102.222,39.41,12.42,1.141,High
Storage,Liquid,NA,Off-Peak,0.899,76.47,49.625,21.024,21.181,0.935,76.171,27.27,8.977,1.288,High
Compute,Air,NA,Night,0.397,52.532,77.335,12.035,24.853,0.818,126.778,51.895,15.671,1.615,Low
Compute,Air,NA,Peak,0.657,64.233,54.27,22.429,24.301,0.939,75.379,31.946,9.723,1.281,High
Compute,Air,NA,Off-Peak,0.399,40.573,37.156,12.034,20.353,0.901,65.189,28.646,7.38,1.486,Medium
Storage,Hybrid,NA,Peak,0.813,72.975,72.994,16.978,19.2,0.938,69.038,25.465,7.883,1.217,High
GPU,Hybrid,NA,Off-Peak,0.527,59.544,32.494,9.55,24.317,0.869,207.716,83.087,24.926,1.742,Low
Compute,Air,NA,Peak,0.406,45.548,63.872,12.255,22.483,0.836,77.915,29.109,9.191,1.343,High
Compute,Air,NA,Peak,0.478,39.639,72.82,16.422,21.97,0.794,65.229,25.985,7.11,1.703,Low
Compute,Air,EU,Night,0.182,21.399,36.361,31.985,16.372,0.618,55.492,13.427,10.221,1.353,Medium
Edge,Liquid,EU,Peak,0.88,70.044,58.287,22.801,22.726,0.77,70.267,17.785,11.839,1.289,High
Compute,Liquid,NA,Off-Peak,0.962,70.883,79.745,18.678,27.676,0.87,158.456,60.917,17.844,1.452,Medium
GPU,Air,EU,Night,0.53,39.709,52.164,6.601,23.19,0.842,112.745,24.584,20.095,1.422,Medium
Storage,Liquid,ME,Off-Peak,0.299,31.12,41.861,24.317,15.0,0.948,45.656,21.301,2.214,1.345,High
Compute,Air,ME,Peak,0.698,57.726,62.988,20.763,23.186,0.924,81.23,39.756,4.3,1.621,Low
Compute,Hybrid,NA,Peak,0.507,37.925,80.171,11.836,16.699,0.87,68.045,28.016,8.769,1.249,High
Compute,Liquid,APAC,Night,0.327,26.675,82.944,26.401,20.812,0.796,75.278,47.981,5.848,1.407,Medium
Storage,Air,NA,Peak,0.135,12.159,42.401,11.304,23.359,0.99,57.849,25.434,7.089,1.54,Medium
GPU,Liquid,NA,Off-Peak,0.901,77.368,87.312,26.354,19.882,1.0,139.174,55.766,16.782,1.241,High
Storage,Hybrid,NA,Off-Peak,0.817,67.936,86.794,13.967,21.073,0.869,61.182,26.186,7.621,1.542,Medium
Storage,Air,NA,Off-Peak,0.846,69.735,98.0,16.905,25.978,0.668,73.903,28.174,8.877,1.536,Low
Compute,Air,EU,Off-Peak,0.496,46.59,60.751,9.468,22.95,0.836,84.833,19.666,15.348,1.551,Low
Edge,Hybrid,EU,Peak,0.778,62.188,85.526,15.857,25.783,0.674,71.952,19.342,13.163,1.387,Medium
GPU,Air,APAC,Off-Peak,0.623,46.903,70.419,22.62,23.522,0.664,115.656,68.698,9.292,1.711,Low
Compute,Air,NA,Off-Peak,0.437,44.295,53.034,8.62,20.597,0.668,88.682,35.608,10.161,1.451,Medium
Edge,Air,NA,Peak,0.858,67.66,78.997,19.328,37.917,0.925,87.42,33.648,10.545,1.499,Medium
Storage,Hybrid,NA,Peak,0.999,89.137,46.792,17.19,23.582,0.703,77.101,30.886,9.509,1.719,Low
Storage,Liquid,NA,Off-Peak,0.909,74.69,88.299,28.535,18.106,1.0,87.832,34.732,9.578,1.216,High
GPU,Hybrid,ME,Off-Peak,0.799,59.44,94.31,15.292,19.47,0.708,175.978,92.046,9.468,1.71,Low
GPU,Liquid,APAC,Off-Peak,0.773,69.688,78.867,16.206,24.696,0.839,126.945,76.115,10.647,1.628,Low
Storage,Air,ME,Off-Peak,0.685,55.806,63.169,36.567,28.621,0.885,89.765,44.703,4.882,1.773,Low
Compute,Liquid,EU,Off-Peak,0.868,68.946,67.315,16.396,16.535,0.884,83.894,21.324,15.116,1.484,Medium
Compute,Liquid,EU,Night,0.544,48.828,86.019,18.177,15.0,1.0,117.765,28.886,21.002,1.25,High
Edge,Air,NA,Off-Peak,0.264,23.664,40.009,7.183,23.778,0.829,54.911,19.317,6.579,1.667,Low
Compute,Air,EU,Peak,0.791,56.582,85.856,9.33,26.137,0.867,77.702,24.845,14.068,1.424,Medium
Compute,Air,EU,Peak,0.928,75.001,97.556,12.683,27.099,0.812,86.282,22.891,14.747,1.73,Low
Storage,Liquid,APAC,Off-Peak,0.407,35.486,70.081,25.694,17.997,0.931,51.001,32.385,3.851,1.447,Medium
Storage,Hybrid,EU,Night,0.805,59.889,81.415,12.445,25.445,0.798,72.097,20.941,12.454,1.505,Medium
Storage,Liquid,NA,Peak,0.346,32.951,9.156,17.879,25.988,1.0,54.367,23.442,6.033,1.36,High
Edge,Hybrid,APAC,Off-Peak,0.948,83.781,88.176,13.213,25.854,0.817,69.622,43.055,5.359,1.524,Medium
Compute,Air,APAC,Peak,0.715,58.776,73.318,23.552,21.297,0.781,79.939,47.513,6.558,1.269,High
Compute,Hybrid,EU,Peak,0.612,52.71,70.36,12.981,16.529,0.751,80.647,20.026,14.849,1.723,Low
Compute,Hybrid,EU,Off-Peak,0.802,64.279,70.849,10.296,17.926,0.726,76.844,19.12,13.344,1.679,Low
GPU,Air,NA,Peak,0.832,71.854,89.618,18.361,26.577,0.781,113.929,44.693,13.489,1.605,Low
Storage,Hybrid,EU,Off-Peak,0.903,79.098,93.926,12.775,23.188,0.887,85.111,24.803,15.54,1.687,Low
Compute,Air,NA,Night,0.911,70.095,78.991,11.3,19.713,0.893,87.456,35.544,10.398,1.559,Medium
GPU,Hybrid,NA,Night,0.147,18.097,36.429,4.281,19.944,0.875,129.901,51.781,15.761,1.478,Medium
GPU,Hybrid,EU,Peak,0.211,19.531,65.42,13.862,27.023,0.785,102.405,26.403,17.495,1.813,Low
GPU,Liquid,NA,Off-Peak,0.843,62.1,71.608,13.785,23.027,0.782,116.058,44.203,14.799,1.541,Low
Edge,Liquid,APAC,Night,0.951,70.633,89.222,16.145,15.0,0.902,70.835,41.433,5.869,1.178,High
Compute,Air,APAC,Peak,0.377,36.584,63.113,8.773,24.238,0.984,69.245,41.915,5.757,1.549,Medium
GPU,Liquid,NA,Off-Peak,0.108,11.949,62.359,16.771,15.269,0.893,94.016,36.145,11.243,1.373,High
Storage,Air,APAC,Night,0.39,36.04,43.395,16.226,15.0,0.776,69.683,40.795,5.982,1.495,Medium
GPU,Liquid,EU,Peak,0.445,34.579,56.236,9.598,21.746,0.998,91.597,23.141,15.572,1.526,Medium
GPU,Liquid,NA,Night,0.785,65.568,53.148,12.042,15.0,1.0,110.021,42.8,13.246,1.05,High
GPU,Hybrid,EU,Off-Peak,0.143,17.538,48.114,7.848,17.384,0.762,88.53,19.748,16.217,1.184,High
Storage,Air,EU,Peak,0.291,25.942,63.456,5.682,19.424,0.791,58.054,15.304,10.937,1.645,Low
Compute,Hybrid,EU,Off-Peak,0.905,68.829,84.121,11.551,24.062,0.877,80.845,17.722,14.301,1.233,High
Storage,Hybrid,ME,Peak,0.239,22.301,52.132,16.737,24.694,0.718,56.108,29.897,2.926,1.547,Low
Edge,Liquid,EU,Peak,0.783,65.338,79.068,32.53,28.624,0.954,68.943,16.834,12.554,1.689,Low
Edge,Air,ME,Off-Peak,0.425,37.494,61.645,7.667,26.558,0.838,66.675,34.693,3.484,1.498,Medium
Compute,Air,EU,Off-Peak,0.696,55.609,58.894,16.48,21.166,0.867,84.639,21.846,15.077,1.39,Medium
Compute,Air,NA,Off-Peak,0.166,29.749,66.072,6.222,25.627,0.89,75.925,29.505,9.169,1.512,Medium
Compute,Liquid,EU,Peak,0.358,29.836,50.884,15.374,20.971,0.931,85.108,23.341,15.59,1.479,Medium
GPU,Liquid,NA,Night,0.482,37.434,75.411,7.336,17.426,0.993,104.513,42.043,12.875,1.312,High
GPU,Hybrid,EU,Off-Peak,0.871,68.122,59.454,11.238,18.822,0.719,109.429,28.536,19.737,1.33,Medium
Compute,Air,EU,Night,0.607,46.344,98.0,13.792,23.05,0.813,79.663,20.318,13.875,1.639,Low
Storage,Air,EU,Night,0.141,18.917,82.689,4.266,19.72,0.912,45.28,12.223,8.228,1.283,High
GPU,Liquid,NA,Peak,0.822,62.978,55.141,15.021,19.538,0.794,109.524,43.789,13.244,1.601,Low
GPU,Hybrid,EU,Peak,0.149,25.879,53.861,8.504,22.603,0.943,126.247,31.264,21.749,1.332,High
Storage,Hybrid,NA,Night,0.941,74.583,64.8,26.783,20.961,0.852,65.949,24.202,7.861,1.689,Low
Storage,Hybrid,EU,Off-Peak,0.291,26.421,52.663,7.111,17.41,0.92,175.088,43.772,31.516,1.325,High
Storage,Air,APAC,Peak,0.539,49.894,77.662,33.019,26.074,0.604,56.41,33.47,3.391,1.601,Low
Compute,Liquid,ME,Off-Peak,0.165,12.636,65.391,12.423,15.0,0.834,62.23,32.698,3.416,1.439,Medium
Storage,Hybrid,NA,Peak,0.606,47.524,57.315,8.442,21.437,0.784,81.349,30.018,9.485,1.427,Medium
Storage,Air,EU,Peak,0.548,49.519,58.099,9.976,23.298,0.738,49.097,11.772,8.189,1.518,Low
GPU,Air,EU,Off-Peak,0.469,38.268,74.539,17.383,25.421,0.715,94.289,25.846,16.889,1.472,Medium
Storage,Air,ME,Peak,0.132,17.758,42.332,8.989,26.148,0.75,44.336,22.239,2.697,1.506,Low
GPU,Air,EU,Night,0.891,69.364,77.803,25.803,23.819,0.759,110.511,26.794,18.499,1.572,Low
Compute,Liquid,NA,Night,0.822,74.298,59.533,14.014,19.811,1.0,88.367,34.097,10.901,1.301,High
Storage,Air,EU,Off-Peak,0.67,55.583,78.17,9.409,29.468,0.576,57.997,14.702,9.735,1.463,Low
Compute,Air,EU,Peak,0.615,45.278,59.893,14.918,20.102,0.949,79.958,22.374,14.301,1.596,Medium
Compute,Air,APAC,Peak,0.725,57.672,69.513,16.691,23.149,0.875,91.719,54.636,6.391,1.747,Low
GPU,Liquid,APAC,Peak,0.23,19.086,53.049,3.464,16.723,0.881,84.983,50.419,6.54,1.415,Medium
Edge,Air,NA,Off-Peak,0.939,74.087,91.99,24.019,24.46,0.729,66.465,28.707,8.272,1.79,Low
Compute,Liquid,ME,Peak,0.356,33.163,74.332,11.22,21.993,0.84,68.777,32.695,3.614,1.587,Low
Storage,Air,NA,Off-Peak,0.691,56.41,72.582,16.265,20.865,0.935,70.506,25.829,7.638,1.245,High
GPU,Air,ME,Off-Peak,0.646,60.446,79.899,9.381,24.103,0.974,117.346,58.143,5.308,1.585,Medium
Compute,Air,APAC,Night,0.673,50.094,74.305,12.53,24.579,0.705,91.549,53.769,6.589,1.653,Low
Storage,Air,EU,Night,0.891,70.297,63.108,33.618,16.193,0.886,68.663,18.982,11.083,1.353,High
GPU,Air,APAC,Off-Peak,0.366,30.414,48.298,11.252,22.891,0.818,86.516,52.87,7.252,1.272,High
Storage,Air,NA,Off-Peak,0.774,62.326,71.464,14.151,23.559,0.995,95.18,39.443,11.393,1.411,High
Compute,Hybrid,NA,Peak,0.639,52.699,71.053,9.4,19.762,0.822,64.463,24.216,8.737,1.348,High
Compute,Liquid,NA,Peak,0.168,18.512,54.774,4.969,18.089,0.978,51.09,21.977,6.419,1.422,High
GPU,Air,NA,Night,0.473,38.754,46.745,9.419,20.252,0.824,108.743,46.112,13.654,1.388,Medium
Storage,Air,EU,Off-Peak,0.854,69.193,75.475,12.182,23.804,0.88,233.63,58.407,42.053,1.334,High
Compute,Hybrid,NA,Peak,0.384,34.755,68.81,10.586,25.942,0.827,76.105,29.01,9.443,1.509,Medium
GPU,Liquid,APAC,Off-Peak,0.534,51.466,86.142,7.927,20.222,0.885,118.073,69.751,9.663,1.367,High
Compute,Air,EU,Night,0.54,42.872,62.975,20.815,23.104,0.851,83.391,21.004,14.952,1.522,Medium
GPU,Liquid,EU,Peak,0.656,61.402,49.449,14.268,23.949,0.877,116.095,26.491,21.698,1.342,High
Compute,Liquid,EU,Peak,0.896,75.88,74.045,11.085,25.726,1.0,78.729,19.393,14.152,1.665,Low
Edge,Liquid,NA,Night,0.256,22.306,62.056,29.735,17.298,0.926,35.416,14.501,5.25,1.214,High
Compute,Air,NA,Off-Peak,0.554,46.8,56.622,8.591,17.467,0.882,118.118,47.436,14.768,1.159,High
Compute,Air,NA,Off-Peak,0.482,38.608,56.513,14.534,27.561,0.727,80.942,31.274,9.535,1.666,Low
Compute,Air,APAC,Peak,0.366,39.181,75.705,15.168,31.496,0.859,79.334,45.257,6.506,1.445,Medium
Compute,Hybrid,EU,Night,0.928,69.099,69.276,12.236,18.74,0.746,83.989,22.709,14.508,1.4,Medium
GPU,Liquid,NA,Night,0.107,11.281,54.798,10.275,22.741,0.778,89.333,36.422,11.313,1.536,Low
Edge,Air,APAC,Off-Peak,0.21,26.566,43.097,4.044,25.005,0.95,29.905,18.558,3.732,1.344,High
Compute,Hybrid,NA,Peak,0.76,65.902,71.637,13.745,24.946,0.854,91.243,37.067,10.945,1.673,Low
Storage,Hybrid,EU,Off-Peak,0.337,28.883,50.751,7.604,37.302,0.862,46.096,16.21,8.316,1.442,Medium
GPU,Hybrid,EU,Peak,0.751,57.882,58.217,13.905,18.556,0.811,104.331,28.651,18.726,1.427,Medium
GPU,Hybrid,APAC,Peak,0.849,68.612,50.653,21.11,23.419,0.906,110.295,66.242,8.689,1.752,Low
Storage,Hybrid,ME,Peak,0.329,38.249,68.73,20.722,27.977,0.85,67.133,35.949,3.026,1.667,Low
Compute,Air,APAC,Peak,0.273,35.95,50.451,13.829,27.165,0.828,76.993,42.581,5.87,2.528,Low
Storage,Hybrid,EU,Night,0.231,33.653,46.282,8.994,18.825,0.739,71.592,16.466,12.711,1.373,Medium
Storage,Hybrid,NA,Peak,0.28,25.513,56.491,20.033,18.429,0.79,77.305,31.215,9.366,1.29,High
Compute,Air,APAC,Off-Peak,0.34,32.812,72.137,9.287,25.863,0.689,110.536,65.892,9.235,1.491,Low
Storage,Air,EU,Peak,0.882,72.365,78.621,23.17,25.207,0.982,194.037,48.509,34.927,1.644,Low
Compute,Hybrid,NA,Off-Peak,0.793,68.426,72.661,27.534,21.791,0.915,85.767,34.636,10.143,1.275,High
GPU,Air,APAC,Peak,0.102,16.28,71.488,16.218,24.006,0.736,77.131,44.458,6.941,1.527,Low
Compute,Hybrid,NA,Off-Peak,0.887,73.681,85.919,23.485,23.179,0.88,110.099,42.308,13.209,1.376,High
Storage,Air,NA,Off-Peak,0.171,19.334,60.263,17.517,26.262,0.751,51.35,25.852,5.422,1.414,Medium
Storage,Air,ME,Night,0.69,57.615,74.572,17.689,21.922,0.883,97.01,48.849,5.081,1.354,High
Storage,Air,EU,Off-Peak,0.236,25.268,69.693,8.845,27.346,0.966,77.323,20.419,14.19,1.887,Low
Compute,Air,NA,Peak,0.156,17.658,66.507,14.615,28.029,0.641,67.31,25.494,7.696,1.469,Low
Storage,Liquid,APAC,Peak,0.784,68.18,81.861,10.019,22.099,0.906,66.185,40.754,5.374,1.413,Medium
Storage,Liquid,APAC,Off-Peak,0.52,42.491,54.631,33.392,18.081,0.755,57.327,32.95,3.56,1.514,Low
Storage,Air,NA,Peak,0.639,50.99,62.321,11.169,23.849,0.802,81.819,35.266,9.437,1.265,High
Storage,Air,EU,Off-Peak,0.483,44.007,72.281,11.536,17.461,0.767,70.246,19.584,12.156,1.545,Low
Storage,Air,APAC,Night,0.16,21.253,62.292,9.398,18.001,0.803,81.441,48.918,5.814,1.3,High
GPU,Air,NA,Night,0.766,55.691,90.038,15.64,20.612,0.889,106.462,43.826,13.084,1.426,Medium
Compute,Liquid,EU,Night,0.838,73.022,94.768,12.908,17.961,0.775,91.047,21.849,16.311,1.05,High
GPU,Air,NA,Night,0.137,0.129,70.327,16.954,21.226,0.875,94.245,33.757,11.322,1.62,Low
Storage,Air,APAC,Off-Peak,0.438,32.527,32.443,12.067,25.815,0.979,91.459,52.676,7.268,1.239,High
Compute,Air,APAC,Off-Peak,0.602,53.289,78.896,18.16,23.85,0.974,79.329,48.572,6.076,1.547,Medium
Compute,Air,NA,Peak,0.645,52.866,66.658,19.617,23.015,0.823,79.446,33.025,9.258,1.676,Low
Compute,Air,APAC,Night,0.62,1.456,53.985,19.996,18.953,0.932,68.588,39.317,5.449,1.375,High
GPU,Air,APAC,Peak,0.724,69.89,61.067,10.704,26.504,0.583,151.02,90.554,11.938,1.58,Low
GPU,Hybrid,NA,Off-Peak,0.97,82.418,56.386,22.383,17.659,0.946,136.86,51.933,16.852,1.206,High
GPU,Hybrid,EU,Peak,0.452,39.181,78.596,11.491,22.236,0.812,97.057,24.358,18.046,1.49,Medium
Storage,Hybrid,NA,Peak,0.601,51.173,75.263,12.961,24.628,0.88,59.307,27.046,6.342,1.537,Medium
Storage,Air,ME,Off-Peak,0.729,67.188,41.75,14.556,20.197,0.858,72.5,34.493,3.919,1.682,Low
Compute,Air,EU,Peak,0.633,52.283,69.459,17.912,23.459,0.805,61.802,12.392,11.373,1.365,Medium
Compute,Liquid,EU,Off-Peak,0.448,34.77,45.452,14.09,18.984,0.944,131.468,37.137,24.448,1.05,High
Storage,Liquid,EU,Off-Peak,0.662,58.497,81.486,36.553,19.55,0.94,59.873,13.955,10.887,1.301,High
Compute,Hybrid,EU,Off-Peak,0.685,53.637,51.608,12.397,22.255,0.744,86.04,16.906,15.491,1.816,Low
Compute,Air,APAC,Peak,0.626,51.121,32.207,26.16,25.151,0.74,86.442,50.151,6.153,1.533,Low
Storage,Air,EU,Off-Peak,0.285,24.935,65.905,6.582,22.693,0.768,57.826,13.074,10.641,1.502,Medium
GPU,Liquid,ME,Night,0.555,50.689,76.17,27.551,16.037,1.0,99.484,51.649,3.837,1.3,High
Edge,Hybrid,EU,Peak,0.896,64.554,85.134,34.913,26.443,0.882,88.691,22.917,15.59,1.46,Medium
Edge,Hybrid,NA,Off-Peak,0.882,67.742,69.431,32.61,18.538,0.886,64.688,26.357,7.849,1.35,High
Storage,Liquid,ME,Off-Peak,0.776,62.422,70.291,24.374,21.982,0.961,62.753,29.611,2.989,1.715,Low
Storage,Hybrid,EU,Night,0.727,53.552,77.785,11.947,19.025,0.977,78.862,20.759,13.718,1.406,High
Storage,Liquid,EU,Off-Peak,0.238,21.563,75.333,5.426,18.476,0.989,63.971,14.25,12.197,1.352,High
GPU,Hybrid,ME,Peak,0.514,46.347,62.338,16.754,23.611,0.9,98.894,49.592,4.427,1.469,Medium
Compute,Hybrid,NA,Night,0.2,30.543,53.443,5.652,16.453,0.978,55.571,22.74,6.959,1.458,Medium
Storage,Hybrid,EU,Night,0.836,61.974,36.487,16.427,21.724,0.806,97.408,26.407,17.62,1.555,Low
GPU,Air,NA,Off-Peak,0.362,35.492,63.295,12.194,24.807,0.874,207.306,82.922,24.877,1.626,Low
Compute,Air,EU,Off-Peak,0.79,69.901,91.008,9.032,21.395,0.774,98.504,25.182,18.222,1.316,High
Storage,Liquid,APAC,Off-Peak,0.833,64.449,82.489,12.075,20.448,1.0,73.254,46.092,5.793,1.286,High
Storage,Air,ME,Off-Peak,0.903,72.95,88.475,33.158,21.327,0.789,76.788,36.704,3.488,1.512,Medium
Compute,Hybrid,EU,Off-Peak,0.778,61.729,77.741,18.337,18.076,0.601,127.702,30.196,23.742,1.751,Low
Compute,Air,APAC,Night,0.608,50.588,71.718,19.147,21.867,0.908,72.665,45.268,6.836,1.609,Low
Compute,Air,ME,Night,0.638,58.08,53.598,11.107,20.547,0.74,82.995,41.273,4.13,1.389,Medium
Compute,Liquid,EU,Off-Peak,0.389,34.484,53.369,11.512,18.616,0.794,58.29,16.805,10.134,1.423,Medium
Compute,Air,NA,Night,0.259,27.003,41.495,9.839,24.121,0.671,81.123,31.251,8.932,1.644,Low
GPU,Air,EU,Peak,0.218,17.09,69.512,9.172,27.006,0.795,101.087,25.055,18.846,1.678,Low
Compute,Air,ME,Peak,0.264,31.922,77.866,7.238,27.39,0.842,68.265,32.422,2.594,1.63,Low
Storage,Liquid,ME,Off-Peak,0.941,71.498,91.491,28.019,16.253,1.0,73.596,35.855,4.133,1.176,High
Compute,Air,EU,Off-Peak,0.248,21.729,44.03,5.264,22.798,0.792,80.038,18.663,13.458,1.416,Medium
Edge,Hybrid,APAC,Peak,0.751,59.413,65.416,9.573,25.134,0.824,65.556,37.915,3.969,1.684,Low
Compute,Air,NA,Off-Peak,0.266,26.365,36.833,7.731,26.286,0.742,84.183,32.617,11.022,1.791,Low
Storage,Hybrid,NA,Peak,0.978,82.225,57.632,12.04,22.854,0.715,80.337,33.499,9.543,1.424,Medium
GPU,Air,ME,Off-Peak,0.43,35.98,46.359,9.494,19.332,0.896,109.14,57.386,4.361,2.54,High
GPU,Air,NA,Night,0.471,48.412,85.363,25.461,22.919,0.827,103.971,41.148,12.846,1.443,Medium
Compute,Air,NA,Off-Peak,0.464,1.341,59.15,11.67,25.11,0.903,60.632,24.202,7.907,1.423,Medium
GPU,Air,EU,Peak,0.835,65.1,52.135,11.408,24.889,0.879,106.317,27.919,19.225,1.418,Medium
Storage,Liquid,EU,Night,0.296,34.14,49.427,8.137,18.419,0.922,58.233,14.456,10.948,1.424,Medium
Storage,Air,EU,Off-Peak,0.848,61.67,87.891,11.014,18.96,0.748,70.41,18.34,12.208,1.543,Low
Compute,Air,NA,Night,0.691,65.889,71.006,16.163,23.605,0.841,87.027,33.513,10.43,1.335,High
Compute,Liquid,ME,Off-Peak,0.298,33.094,45.597,18.808,20.445,0.824,89.557,43.957,4.263,1.372,Medium
GPU,Air,ME,Night,0.159,12.952,77.351,7.146,18.916,0.673,73.815,37.874,3.473,1.31,Medium
Storage,Air,NA,Night,0.797,60.895,77.252,14.88,25.105,0.774,82.42,34.157,10.063,1.506,Medium
Storage,Liquid,EU,Off-Peak,0.297,26.087,49.226,13.512,15.0,0.85,51.518,14.237,9.214,1.407,Medium
GPU,Hybrid,APAC,Peak,0.9,66.047,72.098,11.457,23.433,0.967,123.996,73.921,10.332,1.458,Medium
GPU,Air,EU,Off-Peak,0.217,22.584,72.94,19.243,26.806,0.756,102.698,28.027,18.677,1.592,Low
Compute,Air,NA,Off-Peak,0.655,55.503,57.471,30.499,29.142,0.859,96.584,38.75,11.637,1.787,Low
Storage,Hybrid,EU,Off-Peak,0.723,55.348,76.439,9.279,17.938,0.751,71.585,21.412,12.558,1.473,Medium
Compute,Air,NA,Peak,0.692,57.164,73.015,36.41,25.722,0.877,85.97,34.477,9.85,1.501,Medium
GPU,Hybrid,NA,Off-Peak,0.384,29.383,49.986,6.348,20.62,0.885,87.53,36.174,10.938,1.341,High
Storage,Air,EU,Off-Peak,0.888,69.195,58.723,10.894,23.042,0.865,76.633,17.767,13.912,1.415,Medium
Edge,Hybrid,EU,Night,0.793,59.797,36.428,22.967,19.359,0.925,56.081,11.085,10.161,1.343,High
Compute,Air,APAC,Off-Peak,0.559,42.81,59.692,14.131,24.317,0.856,85.793,53.457,6.093,1.458,Medium
Compute,Hybrid,APAC,Peak,0.643,47.031,39.695,10.693,29.775,0.865,69.357,41.965,5.543,1.779,Low
Compute,Air,NA,Peak,0.61,59.745,40.426,16.029,28.622,0.728,74.798,31.676,9.371,1.643,Low
Compute,Liquid,APAC,Peak,0.952,1.213,42.16,20.812,16.546,0.951,104.521,64.745,8.918,1.05,High
Compute,Air,NA,Peak,0.907,77.453,67.526,20.908,22.688,0.753,84.301,36.911,11.147,1.418,Medium
Edge,Air,EU,Peak,0.312,27.808,73.521,9.187,27.286,0.836,68.381,18.664,12.241,1.71,Low
Compute,Liquid,APAC,Off-Peak,0.336,41.626,43.929,8.217,15.682,0.994,73.789,45.089,5.684,1.05,High
Compute,Liquid,EU,Night,0.983,74.649,90.656,12.724,15.0,0.88,88.008,20.653,16.743,1.298,High
GPU,Hybrid,EU,Peak,0.313,27.582,77.875,7.154,21.763,0.662,114.861,27.442,20.765,1.734,Low
Storage,Air,EU,Off-Peak,0.958,80.471,58.876,16.821,25.496,0.864,70.523,16.702,13.633,1.395,Medium
GPU,Hybrid,ME,Off-Peak,0.685,55.248,38.397,20.482,23.888,0.825,97.743,46.858,4.801,1.108,High
Compute,Air,EU,Night,0.145,13.325,72.691,4.224,18.34,0.842,63.389,18.435,11.842,1.133,High
Storage,Hybrid,APAC,Night,0.402,34.354,81.308,18.557,15.0,0.75,49.964,28.112,4.4,1.35,Medium
Compute,Hybrid,ME,Peak,0.529,41.452,64.686,17.462,26.117,0.953,77.424,40.683,3.148,1.584,Medium
Compute,Air,APAC,Peak,0.85,66.439,72.912,21.736,27.358,0.899,82.327,50.082,7.37,1.686,Low
Edge,Hybrid,EU,Peak,0.396,34.472,63.433,4.642,23.428,0.852,50.945,9.592,8.953,1.604,Low
Compute,Hybrid,NA,Off-Peak,0.38,30.941,67.963,12.909,35.797,0.759,83.139,33.61,10.26,1.512,Low
Storage,Air,NA,Off-Peak,0.928,81.772,85.508,27.058,22.96,0.895,69.103,27.226,8.706,1.47,Medium
Storage,Liquid,EU,Peak,0.171,29.475,50.822,8.081,21.412,1.0,59.252,12.056,10.387,1.352,High
Compute,Air,APAC,Night,0.596,54.442,49.864,19.883,19.345,0.868,167.132,101.231,12.866,1.409,Medium
GPU,Hybrid,EU,Off-Peak,0.554,40.093,58.583,17.203,24.842,0.819,101.852,27.955,17.609,1.501,Medium
Compute,Air,ME,Night,0.152,18.896,58.91,9.882,15.0,0.758,60.167,27.518,3.074,1.387,Medium
Storage,Air,NA,Peak,0.179,30.386,66.49,6.785,28.216,0.807,53.422,22.039,6.649,1.568,Low
Edge,Air,APAC,Peak,0.444,40.278,77.665,12.146,22.56,0.948,59.135,36.472,5.436,1.36,High
Storage,Liquid,EU,Peak,0.221,19.093,69.626,12.015,15.139,1.0,62.65,16.816,10.386,1.408,High
Edge,Hybrid,EU,Peak,0.53,44.476,70.18,29.885,24.317,0.786,61.88,16.793,11.893,1.512,Medium
Compute,Hybrid,APAC,Off-Peak,0.648,58.36,60.122,12.626,22.76,0.954,72.548,45.76,6.109,1.387,High
Storage,Air,NA,Peak,0.722,69.047,41.576,19.535,24.27,0.675,67.127,29.061,8.585,1.509,Low
Compute,Air,NA,Off-Peak,0.592,45.576,79.488,17.676,24.67,0.696,110.569,46.035,13.65,1.578,Low
GPU,Liquid,EU,Peak,0.442,34.262,91.749,11.22,15.354,0.987,110.097,28.449,19.52,1.304,High
Edge,Liquid,EU,Peak,0.217,17.83,53.351,5.747,24.772,1.0,58.699,17.077,10.144,1.291,High
Compute,Air,APAC,Night,0.323,29.592,76.855,20.984,17.594,0.966,65.761,43.692,5.063,1.168,High
Storage,Air,ME,Night,0.477,35.569,41.833,12.296,23.521,0.725,45.035,21.532,2.937,1.632,Low
Compute,Liquid,NA,Off-Peak,0.932,68.93,66.05,14.989,19.163,1.0,112.704,44.914,14.013,1.336,High
Storage,Air,EU,Night,0.282,22.656,41.659,13.238,21.246,0.902,61.032,16.439,11.043,1.383,High
Storage,Liquid,EU,Off-Peak,0.472,44.179,88.428,7.939,15.0,0.839,55.113,11.43,10.334,1.374,Medium
Edge,Liquid,ME,Off-Peak,0.759,54.09,59.721,22.198,24.625,0.794,45.543,21.84,1.864,1.36,Medium
Storage,Hybrid,ME,Night,0.735,53.667,70.851,9.583,22.563,0.91,70.966,33.22,3.316,1.471,Medium
Compute,Liquid,APAC,Peak,0.969,77.86,78.818,31.732,18.711,0.883,112.06,68.783,9.447,1.368,High
Compute,Air,EU,Peak,0.272,34.235,88.26,14.206,29.358,0.908,64.635,17.119,12.854,1.748,Low
Compute,Hybrid,NA,Off-Peak,0.115,23.088,44.332,12.199,19.934,0.868,91.583,33.009,10.889,1.428,Medium
Compute,Liquid,NA,Peak,0.39,31.868,75.365,19.432,19.84,0.982,73.681,33.343,9.279,1.304,High
Compute,Air,EU,Peak,0.235,28.318,46.457,3.34,21.207,0.734,66.259,16.821,11.221,1.608,Low
GPU,Liquid,APAC,Peak,0.594,47.969,64.814,14.96,20.414,1.0,109.43,66.589,8.234,1.373,High
Storage,Air,EU,Off-Peak,0.909,67.122,98.0,12.446,22.899,0.842,88.716,22.467,15.638,1.482,Medium
Storage,Hybrid,APAC,Off-Peak,0.719,63.594,71.008,17.631,18.684,0.936,91.09,51.52,6.896,1.147,High
Compute,Air,EU,Off-Peak,0.222,27.499,72.416,18.004,25.201,0.904,57.92,12.461,10.05,1.621,Low
GPU,Liquid,APAC,Night,0.204,17.729,62.334,9.246,21.66,1.0,79.478,49.136,6.871,1.074,High
GPU,Air,NA,Off-Peak,0.92,75.383,76.526,14.511,25.189,0.637,112.022,47.023,12.952,1.695,Low
Compute,Air,NA,Off-Peak,0.539,38.816,76.46,19.69,18.169,0.976,73.447,29.458,8.742,1.543,Medium
GPU,Hybrid,NA,Night,0.931,79.162,60.145,21.496,15.0,0.741,142.377,55.676,17.3,1.434,Medium
Storage,Hybrid,APAC,Night,0.763,58.956,75.433,26.509,19.677,0.798,70.541,40.48,5.925,1.231,High
Compute,Air,NA,Off-Peak,0.994,90.62,50.599,26.887,25.962,0.798,96.259,39.498,11.639,1.428,Medium
Storage,Air,APAC,Off-Peak,0.884,72.449,57.436,15.467,22.284,0.768,73.961,43.127,6.072,1.862,Low
Storage,Air,NA,Off-Peak,0.473,45.76,83.671,15.577,35.565,0.798,82.459,33.206,9.649,1.76,Low
Compute,Liquid,EU,Off-Peak,0.782,69.165,57.62,15.405,19.178,0.903,83.322,17.986,14.825,1.176,High
Edge,Liquid,ME,Peak,0.524,46.716,77.52,11.765,20.142,1.0,84.808,43.701,3.63,1.269,High
GPU,Liquid,EU,Off-Peak,0.31,29.386,5.0,29.845,20.331,0.832,95.882,23.855,16.963,1.258,High
Storage,Liquid,NA,Peak,0.317,37.367,51.196,25.081,21.952,1.0,55.054,21.276,7.47,1.381,High
Storage,Hybrid,NA,Peak,0.458,39.883,56.464,17.527,25.996,0.914,51.56,20.896,6.409,1.768,Low
Storage,Air,ME,Off-Peak,0.2,24.342,49.616,12.853,19.789,0.756,83.661,42.217,3.545,1.834,Low
Storage,Air,EU,Night,0.26,35.701,58.276,8.349,15.954,0.759,52.21,11.426,9.032,1.243,High
Storage,Liquid,EU,Peak,0.551,43.29,71.428,29.843,20.944,1.0,69.584,18.192,12.389,1.408,High
Compute,Hybrid,EU,Peak,0.959,78.483,68.381,12.133,21.691,0.701,117.743,30.335,20.515,1.45,Medium
Storage,Liquid,NA,Off-Peak,0.62,57.545,73.336,17.681,17.081,0.928,63.798,25.912,7.64,1.174,High
GPU,Liquid,NA,Off-Peak,0.468,49.068,63.573,23.316,16.347,0.969,115.804,44.956,13.542,1.381,High
Storage,Liquid,EU,Peak,0.318,31.264,79.613,18.859,23.974,0.981,56.262,14.449,10.315,1.107,High
Compute,Hybrid,APAC,Peak,0.276,34.529,83.114,7.806,22.647,0.922,73.976,44.222,5.92,1.633,Low
GPU,Air,NA,Off-Peak,0.693,52.882,74.771,17.757,30.028,0.931,123.489,46.4,15.12,1.483,Medium
Compute,Air,APAC,Night,0.863,75.306,88.163,14.101,20.228,0.705,112.443,66.992,8.614,1.433,Medium
Compute,Hybrid,APAC,Peak,0.459,44.585,65.043,11.355,21.015,0.932,98.915,54.17,7.706,1.463,Medium
Compute,Hybrid,ME,Peak,0.596,51.199,83.076,12.509,25.816,0.708,85.896,48.162,3.383,1.556,Low
Compute,Air,NA,Off-Peak,0.736,66.839,72.008,23.848,29.009,0.832,92.959,36.706,11.431,1.67,Low
GPU,Air,NA,Peak,0.152,17.53,55.389,3.435,23.508,0.846,103.677,43.79,12.923,1.323,High
Storage,Air,APAC,Peak,0.416,39.806,33.126,23.403,27.609,0.756,52.238,32.419,3.417,1.434,Medium
Compute,Air,NA,Off-Peak,0.757,73.465,75.308,10.605,19.205,0.84,78.157,35.561,8.689,1.411,Medium
GPU,Hybrid,NA,Night,0.716,60.11,74.43,9.256,18.247,0.832,130.906,53.022,15.982,1.643,Low
GPU,Air,APAC,Peak,0.148,24.638,40.78,5.842,21.69,0.835,81.112,49.61,6.686,1.726,Low
GPU,Hybrid,NA,Off-Peak,0.314,41.66,52.44,18.508,22.361,0.944,104.237,41.261,12.083,1.216,High
Compute,Air,EU,Peak,0.712,53.13,45.807,38.635,33.721,0.868,66.47,16.007,11.771,1.473,Medium
Storage,Liquid,EU,Night,0.344,30.909,73.259,12.917,15.004,0.913,56.86,13.197,10.087,1.22,High
Edge,Air,APAC,Peak,0.833,65.755,61.218,16.171,28.111,0.919,211.92,127.152,16.954,1.413,Medium
GPU,Liquid,NA,Off-Peak,0.127,15.242,68.71,10.275,15.428,0.864,91.206,34.094,11.402,1.198,High
Compute,Liquid,APAC,Night,0.271,27.305,53.065,12.702,23.23,1.0,80.58,49.139,6.904,1.429,High
Compute,Liquid,EU,Night,0.353,28.691,48.599,5.583,18.801,0.835,51.706,13.355,9.486,1.399,Medium
Storage,Air,EU,Off-Peak,0.933,70.325,89.365,14.623,25.958,0.919,90.628,19.892,17.064,1.634,Low
Edge,Air,NA,Peak,0.817,60.858,62.035,21.988,28.853,0.949,62.976,28.476,6.99,1.482,Medium
Storage,Air,NA,Off-Peak,0.896,72.14,88.257,18.665,25.619,0.99,66.349,23.068,8.507,1.492,Medium
Storage,Air,EU,Peak,0.496,44.694,53.725,20.164,19.659,0.935,63.407,13.516,11.458,1.257,High
Compute,Liquid,EU,Off-Peak,0.84,63.001,69.325,14.504,15.0,0.731,86.523,25.754,15.314,1.207,High
Storage,Liquid,ME,Off-Peak,0.868,70.009,91.694,14.091,15.996,0.982,114.188,55.997,5.49,1.262,High
GPU,Liquid,EU,Night,0.46,40.475,68.401,12.693,15.685,0.907,80.482,20.414,14.017,1.05,High
Compute,Liquid,EU,Off-Peak,0.995,79.555,88.265,59.978,23.077,0.927,80.308,19.957,15.028,1.208,High
GPU,Air,EU,Off-Peak,0.866,67.196,98.0,17.271,18.744,0.744,114.088,26.597,20.796,1.258,High
Edge,Air,APAC,Night,0.977,80.42,72.492,20.436,18.037,0.961,98.806,58.555,7.237,1.288,High
Compute,Air,EU,Night,0.88,67.685,86.44,10.811,19.203,0.785,90.311,23.05,15.308,1.562,Low
Storage,Hybrid,NA,Off-Peak,0.799,59.383,70.798,15.428,21.287,0.914,85.83,36.352,10.691,1.19,High
Compute,Liquid,APAC,Off-Peak,0.949,71.067,76.181,14.266,20.6,0.955,84.572,51.877,6.72,1.295,High
GPU,Air,EU,Off-Peak,0.478,53.033,58.172,18.889,19.977,0.782,130.618,33.305,23.117,1.37,Medium
Storage,Air,EU,Peak,0.805,61.893,73.117,12.127,29.756,0.806,66.86,18.074,11.962,1.626,Low
Storage,Hybrid,EU,Peak,0.292,23.608,44.908,12.558,24.585,0.86,40.752,12.755,7.613,1.198,High
GPU,Liquid,APAC,Off-Peak,0.76,61.272,87.699,20.07,19.755,1.0,105.625,65.979,8.671,1.207,High
Compute,Liquid,NA,Peak,0.807,61.868,98.0,13.708,21.446,1.0,88.901,35.068,10.393,1.401,High
Edge,Air,NA,Off-Peak,0.745,64.064,73.52,19.025,18.535,0.952,77.461,28.764,8.625,1.449,Medium
Storage,Air,APAC,Off-Peak,0.865,66.332,65.143,11.877,22.64,0.758,85.101,53.813,6.858,2.587,High
Compute,Hybrid,NA,Off-Peak,0.472,39.892,91.426,34.583,21.234,0.964,53.008,21.652,6.843,1.159,High
Storage,Liquid,APAC,Peak,0.59,47.155,62.174,12.909,23.438,0.959,79.36,48.662,6.943,1.49,Medium
GPU,Air,NA,Peak,0.11,27.192,50.749,6.461,27.327,0.709,91.904,37.138,11.633,1.605,Low
Compute,Hybrid,NA,Peak,0.231,26.916,63.422,4.096,27.359,0.858,73.279,25.79,8.938,1.851,Low
GPU,Liquid,NA,Peak,0.68,50.377,62.693,15.707,21.808,1.0,91.905,35.854,11.267,1.05,High
Edge,Air,EU,Night,0.606,49.887,85.868,7.205,17.36,0.889,49.229,8.216,9.264,1.632,Low
Compute,Air,EU,Peak,0.278,34.824,35.9,9.941,28.531,0.823,66.725,14.658,11.923,1.5,Medium
Edge,Air,NA,Peak,0.319,31.549,65.526,7.187,30.044,0.576,63.466,20.294,7.45,1.811,Low
Compute,Air,NA,Peak,0.41,29.427,86.442,6.192,26.797,0.822,68.854,26.18,8.547,1.449,Medium
Compute,Liquid,ME,Off-Peak,0.745,56.865,33.647,18.35,23.975,0.947,76.135,38.185,3.543,1.339,High
Compute,Air,EU,Off-Peak,0.649,56.921,92.389,24.452,23.836,0.721,64.335,11.418,11.64,1.463,Medium
GPU,Hybrid,APAC,Peak,0.163,26.909,62.579,15.935,21.719,0.826,97.474,60.838,7.604,1.685,Low
Storage,Hybrid,ME,Night,0.784,67.504,98.0,15.708,17.402,0.976,72.622,35.988,3.662,1.349,High
Compute,Air,ME,Night,0.336,27.156,87.042,10.708,16.922,0.67,67.559,35.983,3.446,1.354,Medium
Storage,Air,APAC,Peak,0.705,65.495,48.367,22.781,24.424,0.907,78.794,47.992,5.817,1.692,Low
Storage,Hybrid,NA,Off-Peak,0.211,19.225,91.39,24.325,17.355,0.877,31.364,12.717,3.548,1.407,Medium
Compute,Liquid,ME,Off-Peak,0.998,71.994,59.15,16.421,26.342,0.919,77.301,38.32,3.917,1.772,Low
GPU,Liquid,APAC,Peak,0.172,15.747,65.196,12.941,18.366,1.0,87.128,49.695,6.0,1.201,High
GPU,Air,APAC,Night,0.768,68.847,34.117,26.24,24.28,0.885,135.618,80.561,10.801,1.777,Low
Storage,Air,NA,Peak,0.587,45.439,77.681,12.345,20.578,0.994,61.107,22.054,6.742,1.577,Medium
Edge,Liquid,ME,Off-Peak,0.177,28.527,66.109,7.919,17.691,1.0,65.94,34.756,3.416,1.315,High
Storage,Hybrid,APAC,Off-Peak,0.124,20.592,82.848,5.235,20.35,0.983,48.491,27.523,3.874,1.145,High
Edge,Air,APAC,Off-Peak,0.426,34.478,73.544,17.75,22.055,0.931,57.701,33.833,4.573,1.622,Low
Storage,Hybrid,NA,Night,0.822,66.38,53.259,9.45,18.882,0.809,87.141,34.696,10.219,1.553,Low
Storage,Air,NA,Peak,0.137,17.93,69.414,11.879,27.851,0.833,63.026,25.398,6.818,1.629,Low
Compute,Hybrid,ME,Peak,0.734,54.064,61.992,12.431,28.025,0.632,77.114,39.4,4.441,1.851,Low
GPU,Liquid,EU,Off-Peak,0.69,56.915,98.0,9.863,19.784,0.947,109.417,25.873,19.814,1.571,Medium
Storage,Air,NA,Peak,0.339,28.697,68.852,18.59,24.41,0.862,57.42,22.353,7.041,1.515,Medium
Compute,Liquid,APAC,Peak,0.17,19.014,53.705,15.698,17.95,0.975,68.113,39.849,5.353,1.298,High
Compute,Air,NA,Off-Peak,0.924,73.871,90.344,11.504,22.639,0.876,76.461,31.106,9.464,1.744,Low
Storage,Air,EU,Peak,0.37,41.704,63.803,22.072,20.75,0.847,62.459,15.173,11.208,1.439,Medium
Storage,Air,NA,Peak,0.2,22.244,86.542,12.6,24.38,0.764,35.295,13.872,4.38,1.536,Low
GPU,Air,NA,Peak,0.713,65.733,52.273,13.606,32.245,0.866,106.92,44.799,11.555,1.611,Low
GPU,Air,NA,Peak,0.295,24.92,52.737,9.941,30.284,0.953,85.286,34.504,10.258,1.434,Medium
Compute,Liquid,NA,Off-Peak,0.528,41.508,80.675,16.658,20.002,0.877,93.31,40.084,10.697,1.517,Medium
GPU,Liquid,NA,Peak,0.145,19.231,52.089,21.403,24.1,0.968,85.092,32.598,10.74,1.562,Medium
Compute,Air,EU,Night,0.994,75.212,88.885,35.063,19.278,0.778,91.813,22.863,16.68,1.626,Low
GPU,Hybrid,ME,Peak,0.503,37.064,74.792,10.734,20.492,0.93,112.6,57.001,5.677,1.417,High
GPU,Liquid,EU,Off-Peak,0.999,83.784,62.904,16.418,16.544,0.721,127.682,32.133,22.811,1.407,Medium
Storage,Hybrid,NA,Night,0.447,38.502,69.255,17.061,18.401,0.763,69.155,26.556,7.898,1.446,Medium
GPU,Liquid,NA,Peak,0.413,40.116,61.326,6.948,24.129,1.0,100.832,39.81,12.325,1.564,Medium
Compute,Air,APAC,Off-Peak,0.923,72.885,64.421,15.513,19.623,0.976,92.016,55.643,6.654,1.533,Medium
Storage,Air,ME,Night,0.397,31.243,73.146,6.955,22.827,0.973,74.408,40.414,4.528,1.225,High
GPU,Liquid,NA,Peak,0.489,39.109,53.265,12.663,23.626,1.0,141.44,56.768,17.349,1.344,High
Storage,Air,NA,Night,0.17,17.213,59.969,2.193,21.68,0.81,32.947,14.727,3.523,1.435,Medium
Compute,Air,EU,Peak,0.96,73.306,98.0,12.22,23.014,0.772,90.308,24.297,15.36,1.576,Low
Storage,Air,APAC,Peak,0.177,20.726,61.932,10.939,26.275,0.781,36.062,21.878,3.285,1.754,Low
GPU,Air,EU,Off-Peak,0.794,1.054,62.546,9.234,23.576,0.954,138.654,37.866,25.838,1.121,High
Compute,Air,EU,Peak,0.585,46.465,44.321,16.598,27.199,0.856,59.879,15.713,10.219,1.487,Medium
Compute,Air,APAC,Off-Peak,0.155,15.908,34.89,12.901,26.588,0.939,43.577,28.576,2.551,1.477,Medium
GPU,Air,ME,Night,0.102,14.301,41.265,5.056,17.469,0.813,187.617,93.711,9.42,1.632,Low
GPU,Liquid,NA,Night,0.942,74.492,69.939,12.277,18.322,0.949,119.41,47.976,13.163,1.05,High
Compute,Liquid,ME,Off-Peak,0.768,59.472,33.877,17.117,20.832,1.0,177.211,88.606,8.861,1.207,High
Compute,Air,NA,Night,0.718,54.75,66.884,9.494,22.438,0.885,139.752,58.119,15.834,1.228,High
Compute,Air,APAC,Off-Peak,0.495,39.506,43.847,13.824,24.52,0.754,97.042,57.423,7.823,1.632,Low
Compute,Air,EU,Peak,0.315,40.644,59.559,11.307,23.989,0.757,87.599,24.929,15.917,1.694,Low
Storage,Air,EU,Off-Peak,0.712,58.359,68.285,17.338,19.842,0.868,85.15,23.222,15.412,1.479,Medium
GPU,Air,EU,Off-Peak,0.647,49.221,73.594,22.909,18.375,0.797,100.339,26.591,18.65,1.347,High
Storage,Air,NA,Off-Peak,0.754,62.635,70.136,32.021,26.155,0.821,65.772,28.559,7.913,1.635,Low
Storage,Liquid,NA,Off-Peak,0.429,31.691,52.54,15.727,19.056,0.877,42.097,19.738,5.361,1.489,Medium
Compute,Liquid,EU,Off-Peak,0.988,73.422,60.171,34.673,20.102,0.915,98.805,22.82,17.347,1.374,High
GPU,Air,EU,Off-Peak,0.16,20.947,37.692,5.945,23.5,0.851,100.459,25.446,17.737,1.644,Low
Storage,Air,NA,Night,0.172,16.446,78.35,12.656,20.494,0.755,66.611,24.545,8.204,1.385,Medium
Edge,Liquid,ME,Off-Peak,0.925,67.735,88.71,12.548,22.235,0.935,72.926,37.436,4.123,1.626,Low
Storage,Hybrid,NA,Peak,0.683,48.773,62.522,19.141,22.095,0.825,58.602,24.892,7.493,1.421,Medium
Compute,Liquid,EU,Off-Peak,0.394,38.596,63.255,16.744,21.189,1.0,74.951,19.291,13.403,1.246,High
Storage,Liquid,NA,Peak,0.786,0.508,69.636,15.45,20.714,1.0,81.089,33.586,9.509,1.402,High
Compute,Air,EU,Night,0.507,45.853,84.023,9.444,15.0,0.952,62.569,15.539,11.996,1.063,High
Storage,Air,NA,Peak,0.119,14.987,51.488,3.923,23.181,0.714,64.508,29.703,7.192,1.53,Low
Compute,Hybrid,EU,Peak,0.686,51.72,36.451,12.754,26.365,0.87,78.555,20.558,14.01,1.556,Medium
Compute,Air,NA,Peak,0.319,26.895,69.329,7.726,22.236,0.818,70.814,28.793,9.081,1.558,Low
GPU,Hybrid,NA,Peak,0.204,18.332,36.744,12.466,25.024,0.942,105.848,43.405,12.574,1.606,Low
Compute,Liquid,APAC,Off-Peak,0.303,26.742,77.098,20.897,20.037,0.831,63.551,37.023,4.888,1.23,High
GPU,Liquid,EU,Peak,0.529,48.386,50.536,21.521,21.283,0.895,101.507,21.254,17.578,1.375,High
Compute,Air,NA,Night,0.145,12.856,63.247,6.857,21.548,0.888,162.105,63.685,19.152,1.263,High
Storage,Liquid,NA,Off-Peak,0.895,80.12,69.013,11.763,20.892,1.0,102.949,40.049,12.327,1.619,Medium
Storage,Air,APAC,Peak,0.604,58.311,63.76,12.866,25.902,0.947,65.825,40.85,5.215,1.535,Medium
Storage,Air,NA,Off-Peak,0.364,35.596,71.262,13.639,19.93,0.906,60.313,23.711,7.678,1.184,High
Compute,Air,ME,Off-Peak,0.718,54.419,71.35,24.117,26.351,0.564,82.546,38.035,4.27,1.503,Low
Compute,Hybrid,EU,Off-Peak,0.824,59.207,65.294,15.9,26.669,0.688,73.706,19.059,12.75,1.712,Low
Compute,Liquid,NA,Off-Peak,0.653,0.331,63.303,11.09,15.017,0.779,66.762,24.26,7.648,1.475,Medium
Compute,Air,APAC,Peak,0.282,23.394,40.786,20.565,23.557,0.571,60.588,38.107,6.02,1.513,Low
Storage,Air,APAC,Off-Peak,0.199,23.301,61.182,17.779,27.873,0.863,76.031,48.002,6.197,1.562,Low
Edge,Liquid,NA,Peak,0.874,78.409,77.503,15.74,19.331,0.728,77.225,33.597,10.628,1.538,Low
GPU,Liquid,EU,Off-Peak,0.311,31.971,98.0,15.968,20.526,0.828,94.865,22.347,17.535,1.423,Medium
GPU,Liquid,EU,Night,0.118,28.125,59.753,3.508,16.666,1.0,95.841,23.965,16.609,1.158,High
GPU,Liquid,ME,Peak,0.679,0.635,66.764,41.802,25.154,0.903,99.147,50.138,2.981,1.368,High
Storage,Air,EU,Off-Peak,0.238,26.826,43.558,12.038,22.228,0.713,55.447,11.421,10.014,1.367,Medium
Compute,Liquid,NA,Peak,0.992,79.431,69.295,14.567,15.935,1.0,84.429,33.636,10.279,1.271,High
Edge,Air,NA,Peak,0.883,67.656,73.054,22.119,26.859,0.906,66.291,26.7,8.49,1.671,Low
Storage,Hybrid,NA,Off-Peak,0.648,57.588,53.264,17.635,24.41,0.775,70.789,29.077,8.467,1.677,Low
Storage,Liquid,NA,Off-Peak,0.85,66.535,82.213,11.571,20.244,1.0,76.261,32.057,10.181,1.256,High
Compute,Air,NA,Off-Peak,0.523,37.829,62.093,14.849,20.642,0.795,54.755,21.459,6.948,1.601,Low
Storage,Air,EU,Peak,0.81,63.01,80.927,17.458,24.185,0.956,80.274,20.429,14.488,1.748,Low
Storage,Hybrid,NA,Night,0.682,50.431,55.642,17.294,19.777,0.931,62.269,21.772,8.183,1.381,High
GPU,Air,NA,Peak,0.126,24.212,61.275,2.381,26.87,0.938,90.709,38.629,10.615,1.276,High
Storage,Air,EU,Peak,0.954,76.777,70.9,20.691,27.388,0.907,97.113,26.14,18.884,1.547,Medium
Compute,Liquid,NA,Night,0.875,66.057,91.729,22.634,16.495,0.877,71.566,28.498,8.274,1.339,High
Edge,Air,NA,Night,0.958,74.024,74.768,13.276,22.548,0.936,75.471,34.064,9.411,1.327,High
Compute,Liquid,NA,Off-Peak,0.758,65.841,51.224,17.552,16.908,1.0,103.935,38.813,13.067,1.319,High
Storage,Air,NA,Night,0.471,45.584,60.773,9.474,25.902,0.893,71.537,27.822,7.986,1.736,Low
Compute,Liquid,APAC,Peak,0.286,23.851,34.736,6.432,15.333,0.785,67.062,41.221,5.33,1.545,Low
GPU,Air,EU,Peak,0.262,32.021,64.734,20.724,30.597,0.706,108.985,24.848,19.695,1.572,Low
Edge,Air,NA,Night,0.23,25.593,80.419,15.156,16.509,0.886,51.756,23.083,5.695,1.303,High
Compute,Hybrid,NA,Night,0.299,29.748,64.536,30.759,17.505,0.798,56.099,21.533,6.828,1.398,Medium
GPU,Liquid,NA,Peak,0.596,49.073,71.006,11.077,16.298,0.81,115.366,45.872,13.528,1.346,High
Compute,Air,EU,Peak,0.715,58.797,75.087,8.916,26.596,0.683,110.001,29.666,20.28,1.699,Low
Edge,Air,EU,Peak,0.383,36.465,49.36,31.656,26.245,0.834,36.355,8.496,6.301,1.946,Low
GPU,Liquid,EU,Peak,0.594,42.564,55.52,15.051,19.206,0.948,98.235,21.636,17.218,1.12,High
GPU,Liquid,NA,Off-Peak,0.407,36.173,71.015,33.585,15.0,1.0,98.717,38.359,10.974,1.568,Medium
Compute,Hybrid,NA,Off-Peak,0.727,52.195,66.103,23.262,23.852,0.836,65.169,23.402,8.769,1.459,Medium
Edge,Hybrid,APAC,Off-Peak,0.99,73.805,98.0,14.107,20.227,0.683,68.644,39.043,4.294,1.457,Medium
GPU,Liquid,APAC,Off-Peak,0.72,58.027,91.072,8.824,19.213,0.802,155.208,91.816,12.649,1.489,Medium
Compute,Air,ME,Night,0.153,19.666,46.742,10.524,18.101,0.957,47.418,23.45,2.937,1.436,Medium
GPU,Air,NA,Peak,0.53,46.975,54.751,12.929,27.173,0.833,102.29,43.744,13.079,1.526,Medium
Compute,Liquid,APAC,Off-Peak,0.793,74.585,50.447,12.822,18.106,0.942,93.26,53.92,7.486,1.615,Low
GPU,Air,APAC,Night,0.588,44.559,55.367,8.686,21.838,0.888,96.964,59.42,7.677,1.489,Medium
Compute,Air,ME,Peak,0.956,70.694,70.294,12.22,22.878,0.731,96.686,47.14,4.624,1.44,Medium
GPU,Air,NA,Night,0.149,16.391,62.236,26.236,22.349,0.932,89.711,34.799,10.906,1.511,Medium
Storage,Air,APAC,Off-Peak,0.362,42.371,60.42,13.456,22.446,0.747,65.304,40.65,4.956,1.763,Low
Compute,Air,NA,Peak,0.299,34.931,91.643,3.85,19.754,0.902,76.779,25.763,9.473,1.405,Medium
Compute,Air,EU,Peak,0.791,60.048,84.791,13.468,26.039,0.812,96.465,22.833,16.772,1.676,Low
Compute,Liquid,NA,Off-Peak,0.571,44.284,73.828,18.501,20.896,0.844,70.928,30.016,8.58,1.592,Low
Storage,Air,APAC,Off-Peak,0.225,20.296,67.372,26.701,20.004,0.754,46.104,29.659,3.674,1.463,Medium
Compute,Air,APAC,Off-Peak,0.357,30.868,31.443,5.686,27.175,0.735,85.218,51.065,6.496,1.618,Low
Storage,Air,NA,Peak,0.57,45.049,31.265,9.974,21.911,0.948,47.527,18.62,5.371,1.388,High
Compute,Liquid,EU,Off-Peak,0.997,76.903,74.625,18.023,20.456,0.903,130.375,29.364,23.79,1.434,Medium
Compute,Air,NA,Peak,0.428,34.352,77.033,20.028,30.126,0.953,70.991,26.143,8.562,1.656,Low
GPU,Liquid,EU,Peak,0.241,30.752,52.118,5.594,26.896,0.796,89.49,24.34,16.279,1.598,Low
Compute,Hybrid,NA,Peak,0.547,46.898,71.75,23.557,19.746,0.838,61.334,27.447,7.334,1.622,Low
Edge,Air,NA,Off-Peak,0.379,39.496,73.733,18.696,25.375,0.953,64.394,25.517,7.758,1.548,Medium
GPU,Air,APAC,Peak,0.609,48.972,82.636,14.805,23.684,0.807,87.525,51.676,7.44,1.528,Medium
Storage,Air,NA,Peak,0.52,37.281,57.769,8.772,22.198,0.803,53.234,22.229,6.366,1.466,Medium
Storage,Hybrid,EU,Peak,0.721,58.414,66.252,21.807,23.764,0.875,72.085,17.492,12.87,1.311,High
GPU,Liquid,APAC,Peak,0.923,75.019,67.857,17.761,24.004,0.975,111.205,66.781,8.484,1.579,Medium
Compute,Hybrid,ME,Peak,0.28,38.045,49.934,10.978,22.682,0.886,56.277,27.982,2.768,1.411,Medium
Compute,Air,APAC,Off-Peak,0.839,61.376,74.102,14.393,18.519,0.905,91.292,53.623,7.089,1.335,High
Compute,Hybrid,NA,Off-Peak,0.954,69.241,57.31,43.817,17.109,0.693,74.538,30.499,9.492,1.353,Medium
GPU,Air,APAC,Off-Peak,0.436,33.757,83.683,10.085,25.259,0.746,91.642,53.822,7.197,1.569,Low
Compute,Air,NA,Off-Peak,0.202,32.358,57.534,12.727,24.517,0.795,108.681,43.317,13.415,1.281,High
Storage,Hybrid,ME,Peak,0.84,66.383,68.661,17.328,24.536,0.87,75.763,34.319,2.997,1.519,Medium
Edge,Hybrid,APAC,Night,0.731,61.183,44.555,26.224,15.157,0.767,50.816,30.567,4.072,1.627,Low
GPU,Air,APAC,Peak,0.291,24.025,41.914,7.995,23.054,0.645,86.854,52.79,7.102,1.42,Medium
Storage,Air,NA,Off-Peak,0.501,1.131,80.651,18.011,21.246,0.832,91.136,36.646,10.865,1.589,Low
Compute,Air,EU,Night,0.62,45.706,98.0,16.474,17.303,0.874,84.791,21.614,16.051,1.502,Medium
GPU,Air,APAC,Off-Peak,0.253,20.764,71.616,11.574,23.365,0.859,81.441,48.954,4.707,1.197,High
Storage,Air,APAC,Peak,0.743,73.358,65.804,12.033,22.802,0.745,122.097,74.831,9.887,1.616,Low
Compute,Hybrid,NA,Peak,0.721,55.34,59.569,20.147,22.311,0.946,83.027,33.427,10.123,1.515,Medium
Compute,Liquid,ME,Peak,0.898,71.246,55.702,25.311,18.561,0.966,86.431,38.782,5.228,1.226,High
Edge,Liquid,NA,Off-Peak,0.611,62.319,43.495,8.085,15.482,1.0,58.518,20.409,7.467,1.074,High
Storage,Liquid,EU,Off-Peak,0.617,49.121,72.334,33.898,15.337,0.963,62.61,17.791,11.074,1.287,High
GPU,Liquid,EU,Off-Peak,0.657,52.054,69.561,15.158,16.351,0.94,102.708,22.389,19.06,1.535,Medium
GPU,Liquid,NA,Peak,0.346,34.663,50.342,23.988,21.932,0.899,125.397,49.222,14.971,1.683,Low
Storage,Liquid,NA,Night,0.783,64.25,69.676,12.344,15.0,0.932,94.582,37.946,10.602,1.458,Medium
Storage,Air,APAC,Off-Peak,0.696,53.499,72.171,9.422,23.452,0.88,72.551,41.681,5.453,1.784,Low
Storage,Liquid,NA,Peak,0.855,75.917,46.054,12.613,24.468,0.863,81.351,30.239,9.118,1.503,Medium
Compute,Liquid,NA,Peak,0.792,57.05,85.9,35.12,21.124,0.826,73.614,28.739,8.151,1.451,Medium
Storage,Hybrid,APAC,Off-Peak,0.675,49.418,90.302,6.992,17.075,0.778,57.883,37.139,3.867,1.599,Low
GPU,Hybrid,APAC,Off-Peak,0.245,31.445,60.191,5.027,19.415,0.796,84.404,53.477,6.998,1.125,High
Storage,Air,EU,Peak,0.927,79.779,98.0,15.637,28.303,0.86,119.716,29.881,22.57,1.584,Low
GPU,Liquid,NA,Peak,0.43,44.983,72.753,9.088,21.014,1.0,107.029,41.159,12.692,1.123,High
Storage,Air,NA,Off-Peak,0.968,76.602,98.0,20.303,20.678,0.964,66.28,25.192,6.959,1.46,Medium
Storage,Liquid,APAC,Peak,0.462,42.178,61.445,6.576,19.375,1.0,51.537,30.793,3.685,1.563,Medium
Storage,Air,EU,Peak,0.231,27.646,74.765,4.488,29.188,0.742,47.712,10.419,9.263,1.582,Low
Storage,Air,EU,Night,0.896,68.918,77.169,11.346,24.041,0.874,93.981,23.823,16.878,1.532,Medium
GPU,Air,APAC,Off-Peak,0.816,69.117,59.433,20.551,22.676,0.8,117.421,71.414,9.552,1.252,High
Compute,Liquid,EU,Off-Peak,0.808,68.97,82.496,32.011,18.44,0.908,196.106,49.027,35.299,1.397,High
Storage,Air,NA,Off-Peak,0.18,22.606,74.61,4.256,24.084,0.92,52.728,18.175,6.482,1.563,Medium
Compute,Hybrid,ME,Off-Peak,0.891,68.794,73.872,17.872,19.041,0.977,123.466,59.544,6.626,1.275,High
Compute,Air,EU,Off-Peak,0.637,51.772,66.64,14.637,25.887,0.753,82.405,18.181,14.844,1.735,Low
Storage,Hybrid,EU,Night,0.523,51.638,82.653,8.336,19.209,0.81,108.112,28.404,20.147,1.468,Medium
Storage,Liquid,ME,Peak,0.922,70.636,58.016,28.097,17.48,0.871,76.818,36.548,3.724,1.53,Medium
Edge,Air,ME,Peak,0.699,62.159,59.065,20.286,37.396,0.813,87.164,45.734,5.039,1.373,Medium
Storage,Air,EU,Peak,0.22,15.583,53.667,14.788,22.303,0.673,41.51,5.317,7.487,1.519,Low
GPU,Liquid,NA,Off-Peak,0.568,54.248,61.436,17.92,15.0,1.0,108.501,48.126,12.265,1.182,High
Storage,Liquid,ME,Off-Peak,0.673,54.282,51.333,21.634,22.209,0.938,61.24,28.093,3.578,1.408,High
Storage,Liquid,EU,Peak,0.909,74.055,57.814,22.446,23.834,1.0,98.927,23.075,17.435,1.303,High
Compute,Air,EU,Peak,0.352,29.371,73.125,34.288,22.906,0.797,79.32,23.622,14.07,1.477,Medium
Compute,Air,EU,Peak,0.815,73.633,65.505,9.592,30.879,0.928,99.561,26.747,18.369,1.48,Medium
Compute,Hybrid,EU,Peak,0.82,63.858,44.922,24.034,25.659,0.751,87.628,24.543,16.041,1.67,Low
Storage,Air,APAC,Night,0.215,26.673,60.833,8.961,15.0,0.776,59.197,35.89,4.497,1.219,High
Compute,Air,EU,Off-Peak,0.116,13.941,66.946,19.654,20.618,0.818,47.182,13.595,9.144,1.413,Medium
Compute,Air,APAC,Peak,0.623,64.576,78.957,11.486,28.934,0.817,78.931,47.544,6.585,1.494,Medium
Compute,Liquid,APAC,Peak,0.811,68.543,98.0,16.385,27.53,1.0,80.102,47.541,6.473,1.484,Medium
Edge,Liquid,APAC,Peak,0.599,50.613,62.008,19.525,20.705,0.909,53.121,30.569,4.397,1.348,High
Compute,Air,APAC,Off-Peak,0.832,67.466,65.969,29.208,25.341,0.876,78.526,51.005,5.892,1.486,Medium
Storage,Air,APAC,Off-Peak,0.66,51.633,78.199,15.072,21.432,0.948,63.436,40.508,5.114,1.098,High
Compute,Air,NA,Night,0.688,51.594,69.441,22.215,22.321,0.709,85.556,31.812,10.262,1.541,Low
Storage,Air,NA,Off-Peak,0.125,17.193,54.797,13.283,21.956,0.971,194.69,77.876,23.363,1.359,High
Compute,Air,APAC,Off-Peak,0.18,13.22,59.634,15.709,18.093,0.822,53.306,29.218,4.064,1.178,High
Compute,Hybrid,EU,Night,0.753,57.136,77.488,11.353,18.488,0.966,78.655,22.81,14.397,1.296,High
Storage,Air,NA,Off-Peak,0.787,73.519,80.505,18.456,31.671,0.883,69.869,27.109,9.081,1.362,High
Compute,Air,NA,Peak,0.588,56.907,69.382,12.923,23.747,0.969,81.116,34.806,9.318,1.649,Low
Compute,Hybrid,NA,Off-Peak,0.631,46.218,44.685,20.373,21.389,0.595,86.575,35.402,11.347,1.503,Low
Compute,Air,APAC,Off-Peak,0.653,47.711,74.588,22.305,24.285,0.906,92.891,55.941,6.866,1.385,High
Compute,Liquid,APAC,Off-Peak,0.194,21.747,27.52,6.451,18.573,0.859,64.395,35.326,5.482,1.411,Medium
Compute,Air,NA,Peak,0.701,59.138,60.718,20.799,22.816,0.862,76.11,30.363,7.963,1.473,Medium
Compute,Air,APAC,Peak,0.531,46.122,58.549,6.784,26.143,0.792,77.564,48.468,6.024,1.614,Low
GPU,Hybrid,NA,Peak,0.642,51.558,59.621,21.308,24.601,0.825,111.489,48.989,13.543,1.358,High
Storage,Liquid,APAC,Peak,0.607,50.431,80.082,32.54,21.331,1.0,57.287,33.225,4.662,1.448,High
Storage,Air,EU,Night,0.787,63.828,58.67,21.43,19.22,0.947,82.812,21.474,15.387,1.247,High
Compute,Liquid,APAC,Off-Peak,0.387,35.472,84.174,5.224,18.064,1.0,63.154,34.389,4.581,1.334,High
Edge,Hybrid,NA,Off-Peak,0.436,33.583,48.677,10.102,18.736,0.813,40.479,17.044,4.986,1.343,High
Compute,Air,NA,Off-Peak,0.452,49.115,78.72,28.882,24.901,0.743,57.532,19.388,5.812,1.282,High
Compute,Liquid,APAC,Off-Peak,0.786,60.625,98.0,11.227,19.841,0.779,82.915,48.993,7.519,1.519,Low
Storage,Hybrid,NA,Night,0.488,37.285,46.488,24.136,19.34,0.962,60.696,21.081,5.923,1.588,Medium
Compute,Air,ME,Peak,0.259,22.052,54.112,4.357,35.001,0.961,46.343,21.302,3.153,1.656,Low
Compute,Liquid,EU,Off-Peak,0.985,75.685,74.402,19.356,15.261,0.781,92.314,26.436,16.524,1.274,High
Storage,Liquid,EU,Peak,0.544,46.328,72.235,6.308,20.6,0.798,60.083,14.585,10.312,1.193,High
GPU,Liquid,EU,Night,0.198,16.069,57.978,4.124,15.0,1.0,97.211,24.271,17.672,1.243,High
Storage,Air,NA,Night,0.703,62.492,70.86,11.073,22.412,0.819,70.061,25.334,8.139,1.709,Low
GPU,Air,EU,Night,0.765,60.223,74.588,12.935,20.305,0.883,98.216,21.617,17.88,1.67,Low
Edge,Liquid,ME,Peak,0.55,42.08,53.756,24.855,18.526,0.905,73.634,36.742,3.508,1.186,High
Compute,Air,NA,Peak,0.682,53.309,75.002,9.737,20.382,0.932,68.78,24.551,7.691,1.24,High
Compute,Air,APAC,Peak,0.255,32.868,73.896,17.765,25.236,0.948,79.923,45.532,6.334,1.189,High
Compute,Air,EU,Off-Peak,0.431,45.323,73.341,8.557,24.076,0.975,67.199,17.091,12.955,1.47,Medium
Storage,Air,EU,Off-Peak,0.246,26.22,81.679,17.802,33.559,0.786,56.169,8.808,10.14,1.434,Medium
Storage,Hybrid,NA,Peak,0.449,37.787,52.202,12.334,21.415,0.743,70.079,32.361,8.479,1.412,Medium
Edge,Air,EU,Off-Peak,0.607,43.46,85.774,8.557,27.169,0.903,68.952,18.161,11.784,1.445,Medium
GPU,Hybrid,ME,Peak,0.498,36.327,84.83,7.459,23.441,0.784,104.433,47.859,4.91,1.323,High
Storage,Air,NA,Night,0.634,48.128,59.843,22.872,21.574,0.816,84.299,32.488,10.488,1.256,High
Compute,Liquid,EU,Peak,0.552,44.802,66.686,6.318,26.66,1.0,71.276,17.775,12.641,1.677,Low
GPU,Air,EU,Peak,0.386,44.003,41.494,18.112,26.647,0.76,125.788,32.319,23.317,1.874,Low
Edge,Liquid,EU,Off-Peak,0.229,21.791,51.562,9.722,20.247,0.901,37.208,10.977,7.157,1.526,Medium
GPU,Liquid,EU,Off-Peak,0.327,30.123,54.037,4.858,17.385,1.0,108.886,24.75,19.0,1.287,High
Compute,Air,EU,Peak,0.281,25.829,63.66,16.346,21.214,0.932,57.205,11.328,9.79,1.504,Medium
Storage,Hybrid,NA,Night,0.737,52.24,53.598,21.502,20.348,0.679,69.984,26.001,7.623,1.691,Low
Compute,Air,ME,Off-Peak,0.838,67.312,58.156,19.848,24.211,0.888,93.242,48.853,4.366,1.596,Low
Compute,Liquid,APAC,Night,0.748,53.621,61.372,11.073,16.339,1.0,70.783,39.677,6.141,1.355,High
Compute,Hybrid,NA,Night,0.679,61.958,49.678,13.235,18.148,0.676,135.658,53.242,16.852,1.674,Low
Storage,Hybrid,EU,Off-Peak,0.377,33.271,50.601,23.888,16.967,0.772,47.373,12.832,8.126,1.56,Low
Storage,Hybrid,APAC,Night,0.74,67.048,96.78,31.608,17.554,0.724,103.426,61.909,8.567,1.361,Medium
Compute,Air,ME,Night,0.645,48.614,58.419,9.53,23.656,0.626,84.535,39.515,4.56,1.691,Low
Compute,Air,ME,Night,0.142,18.413,76.772,19.198,20.93,0.866,50.205,25.903,2.327,1.668,Low
Storage,Air,APAC,Night,0.917,68.67,77.705,12.718,17.226,0.763,60.857,38.28,5.787,1.487,Medium
Compute,Liquid,NA,Night,0.172,17.743,65.986,16.03,17.244,0.893,53.866,23.792,7.533,1.344,High
Compute,Liquid,ME,Off-Peak,0.552,47.89,61.595,33.708,25.544,0.878,88.165,41.852,4.789,1.688,Low
Storage,Air,APAC,Peak,0.562,58.965,47.352,22.861,31.127,0.889,72.875,41.117,6.702,1.949,Low
GPU,Liquid,NA,Night,0.853,64.815,97.971,28.282,15.0,0.939,107.179,43.85,13.606,1.261,High
Compute,Air,NA,Off-Peak,0.922,76.628,58.692,18.058,19.381,0.781,88.207,36.014,10.082,1.623,Low
Compute,Air,EU,Peak,0.946,68.82,77.894,34.281,23.178,0.705,78.85,19.584,14.03,1.52,Low
Compute,Liquid,EU,Peak,0.613,60.507,73.303,9.373,19.521,1.0,75.719,17.497,14.02,1.517,Medium
Edge,Air,NA,Off-Peak,0.711,55.354,40.415,16.516,22.089,0.779,52.223,22.964,6.625,1.478,Medium
Storage,Hybrid,NA,Off-Peak,0.18,19.055,40.396,9.16,16.296,0.726,59.658,25.244,7.221,1.268,High
Storage,Air,NA,Peak,0.539,48.21,74.806,9.774,25.928,0.828,65.049,22.026,7.432,1.574,Low
Compute,Liquid,EU,Peak,0.908,70.686,79.134,29.41,18.548,0.698,94.673,26.453,17.406,1.541,Low
Storage,Air,NA,Off-Peak,0.51,45.505,66.212,25.928,23.033,0.759,91.435,37.933,11.472,1.602,Low
Compute,Air,APAC,Peak,0.163,25.069,68.257,6.085,23.861,0.79,65.001,38.987,4.926,1.8,Low
Storage,Liquid,NA,Off-Peak,0.281,21.78,60.894,25.483,17.523,0.907,43.849,19.799,5.126,1.457,Medium
Edge,Hybrid,ME,Off-Peak,0.487,37.738,52.912,7.776,16.604,0.877,50.413,26.328,2.533,1.076,High
Storage,Air,APAC,Off-Peak,0.314,24.277,71.803,9.146,21.453,0.875,56.178,29.494,4.104,1.578,Low
GPU,Air,ME,Peak,0.453,46.975,41.212,8.394,21.488,0.709,105.186,53.344,4.801,1.834,Low
GPU,Liquid,APAC,Peak,0.4,38.58,53.892,19.477,17.313,0.973,107.602,64.112,7.963,1.626,Low
Compute,Air,NA,Off-Peak,0.387,33.624,76.691,20.457,19.247,0.884,62.441,26.211,8.301,1.694,Low
Edge,Hybrid,EU,Off-Peak,0.182,33.313,70.245,12.401,21.601,0.916,57.445,15.728,10.131,1.16,High
Compute,Liquid,NA,Peak,0.894,79.113,79.983,32.538,15.357,0.854,206.154,82.462,24.739,1.247,High
Storage,Air,ME,Peak,0.723,64.926,98.0,23.888,28.358,0.807,84.602,41.345,4.123,1.659,Low
Compute,Air,NA,Night,0.661,62.907,71.431,14.716,24.135,0.933,86.307,35.096,10.411,1.597,Low
Compute,Liquid,EU,Night,0.646,54.999,67.267,9.557,35.752,0.629,69.804,15.829,12.512,1.914,Low
Storage,Air,APAC,Off-Peak,0.457,44.094,85.829,22.196,19.919,0.794,60.979,36.702,4.968,2.316,Low
Compute,Liquid,ME,Peak,0.841,64.744,80.192,19.189,20.674,0.742,110.514,53.031,5.6,1.513,Low
Storage,Air,APAC,Peak,0.937,71.922,73.555,24.133,23.687,0.816,69.279,40.102,5.876,1.645,Low
Storage,Liquid,EU,Peak,0.105,13.719,66.018,12.766,18.07,0.969,56.084,17.329,9.592,1.625,Low
Compute,Air,EU,Peak,0.171,27.455,68.05,4.926,22.505,0.771,60.347,18.111,10.15,1.636,Low
Compute,Hybrid,EU,Off-Peak,0.707,53.068,62.948,8.748,24.632,0.769,76.91,19.966,14.111,1.533,Low
Storage,Air,NA,Off-Peak,0.312,23.304,45.41,15.792,25.666,0.824,35.339,13.208,4.408,1.664,Low
Compute,Air,APAC,Peak,0.921,71.347,70.873,23.105,23.001,0.762,76.502,48.269,6.939,1.85,Low
GPU,Hybrid,EU,Night,0.701,53.598,98.0,15.034,20.159,0.819,103.184,25.756,18.749,1.448,Medium
Storage,Air,NA,Off-Peak,0.431,42.057,95.856,24.043,24.924,0.939,222.207,88.883,26.665,1.695,Low
GPU,Air,ME,Off-Peak,0.474,45.327,56.618,25.486,18.674,0.627,98.071,54.119,4.607,1.42,Medium
Storage,Air,EU,Night,0.722,62.56,63.493,9.773,20.216,0.898,52.316,15.491,9.224,1.277,High
Storage,Air,APAC,Off-Peak,0.227,19.359,63.386,9.054,25.619,0.873,78.131,48.115,6.47,1.497,Medium
Storage,Hybrid,APAC,Night,0.895,65.093,68.646,31.106,15.0,0.728,87.735,50.75,5.814,1.744,Low
Compute,Liquid,APAC,Peak,0.104,20.559,83.054,4.936,19.928,0.884,58.223,33.582,4.586,1.319,High
Compute,Air,NA,Peak,0.981,71.164,74.735,13.764,25.144,0.912,92.852,37.75,10.47,1.721,Low
GPU,Liquid,NA,Off-Peak,0.251,18.477,55.98,3.999,17.589,0.991,82.22,34.492,9.291,1.441,High
Storage,Liquid,APAC,Off-Peak,0.768,68.94,53.069,16.646,17.118,1.0,70.143,38.319,5.312,1.317,High
GPU,Hybrid,APAC,Peak,0.136,17.024,86.328,9.653,24.296,0.866,95.212,55.461,7.716,1.14,High
GPU,Air,EU,Off-Peak,0.488,38.943,64.206,11.757,23.052,0.81,111.328,29.495,19.404,1.622,Low
GPU,Liquid,EU,Peak,0.667,61.058,74.16,11.948,15.0,0.903,110.197,31.389,19.438,1.322,High
Edge,Liquid,NA,Off-Peak,0.163,20.787,69.378,8.682,17.849,0.825,74.105,26.253,8.158,1.307,High
Storage,Air,ME,Off-Peak,0.499,35.833,66.205,13.146,18.268,0.632,50.258,23.583,1.943,1.648,Low
Compute,Air,NA,Off-Peak,0.373,36.915,57.239,8.243,23.328,0.935,84.571,34.073,10.284,1.349,High
Storage,Air,NA,Off-Peak,0.548,44.1,64.262,21.08,20.303,0.842,54.606,23.341,6.59,1.433,Medium
Compute,Liquid,EU,Night,0.554,44.091,76.998,9.559,18.376,1.0,73.357,17.144,12.942,1.431,High
Storage,Air,NA,Peak,0.807,70.367,83.675,16.396,17.86,0.867,95.529,36.756,10.385,1.537,Medium
GPU,Hybrid,ME,Night,0.211,15.94,21.697,15.862,18.128,0.763,84.247,40.351,4.732,1.63,Low
Storage,Air,NA,Peak,0.174,25.162,59.704,20.643,24.825,0.926,47.714,16.743,5.981,1.579,Medium
Compute,Liquid,NA,Off-Peak,0.462,37.158,70.928,13.205,15.0,0.915,67.832,26.991,8.457,1.189,High
Compute,Hybrid,EU,Off-Peak,0.899,65.317,90.794,18.17,22.654,0.856,79.227,19.951,14.268,1.357,High
Storage,Liquid,EU,Night,0.87,69.543,87.347,13.886,19.347,1.0,65.005,13.279,11.649,1.135,High
Compute,Hybrid,NA,Off-Peak,0.604,45.507,78.334,11.1,21.601,0.689,74.43,29.597,9.272,1.417,Medium
GPU,Hybrid,EU,Night,0.9,66.177,82.502,14.611,16.347,0.917,122.154,31.86,22.566,1.232,High
Compute,Air,EU,Peak,0.825,68.753,97.986,16.326,19.389,0.951,77.852,16.866,14.085,1.34,High
Compute,Liquid,APAC,Night,0.35,28.702,97.486,9.819,15.0,0.786,70.706,43.888,5.659,1.442,Medium
Compute,Air,NA,Peak,0.253,23.567,52.491,10.344,25.799,0.931,67.251,28.852,8.196,1.479,Medium
Storage,Liquid,ME,Peak,0.371,27.505,75.566,12.125,25.504,0.794,67.201,32.03,3.225,1.585,Low
Storage,Air,EU,Peak,0.304,32.42,41.548,5.899,26.249,0.729,62.456,18.117,10.731,1.438,Medium
Compute,Liquid,NA,Off-Peak,0.66,53.433,84.859,15.72,15.0,0.809,97.817,36.388,11.634,1.355,High
Compute,Liquid,NA,Off-Peak,0.626,57.417,61.654,12.437,18.676,1.0,78.334,32.875,9.122,1.501,Medium
Storage,Air,EU,Peak,0.639,53.782,90.625,9.403,25.589,0.913,63.701,14.497,11.655,1.671,Low
Compute,Air,NA,Peak,0.27,27.896,57.857,12.772,19.662,0.819,55.814,24.224,6.453,1.282,High
Storage,Hybrid,NA,Off-Peak,0.813,61.444,62.069,29.682,19.792,0.742,94.977,39.455,11.441,1.487,Medium
Storage,Air,NA,Night,0.49,41.096,54.005,19.512,23.644,0.904,77.769,33.672,9.212,1.45,Medium
Compute,Air,EU,Off-Peak,0.525,41.256,79.006,11.393,23.496,0.741,81.561,21.27,14.67,1.406,Medium
Compute,Air,EU,Off-Peak,0.997,79.045,76.313,30.253,19.686,0.837,80.828,21.832,14.528,1.384,Medium
Edge,Hybrid,NA,Off-Peak,0.354,31.211,69.025,8.678,22.654,0.914,48.077,21.482,6.237,1.517,Medium
Storage,Hybrid,EU,Off-Peak,0.455,36.674,51.192,12.187,20.692,0.89,76.032,20.533,12.459,1.331,High
Storage,Liquid,APAC,Night,0.709,58.158,72.112,12.378,20.687,0.894,67.373,40.496,5.511,1.576,Low
Compute,Hybrid,NA,Off-Peak,0.892,79.323,82.121,11.932,16.228,0.749,100.039,40.926,11.686,1.512,Low
Storage,Air,APAC,Off-Peak,0.214,19.144,94.658,18.335,21.437,0.944,70.748,39.992,5.838,1.43,Medium
Compute,Hybrid,EU,Night,0.762,58.292,49.766,18.358,15.0,0.881,83.569,19.655,14.858,1.31,High
Storage,Air,ME,Night,0.926,70.851,76.277,18.82,18.283,0.901,90.69,45.052,4.194,1.522,Medium
Edge,Air,NA,Peak,0.481,48.891,53.006,10.229,27.597,0.699,64.902,24.67,7.599,1.272,High
Compute,Air,ME,Off-Peak,0.358,28.258,63.332,17.368,26.058,0.861,129.569,68.174,5.424,1.651,Low
Compute,Liquid,EU,Off-Peak,0.71,51.645,75.728,15.795,24.994,0.82,77.219,20.047,15.204,1.588,Low
Compute,Liquid,EU,Off-Peak,0.321,41.789,80.454,27.853,16.896,0.964,78.912,21.061,14.695,1.343,High
Compute,Air,EU,Off-Peak,0.446,50.737,60.287,18.208,28.309,0.863,86.856,20.737,15.172,1.483,Medium
Compute,Hybrid,NA,Off-Peak,0.907,75.431,86.037,12.84,24.363,0.947,74.314,30.907,8.047,1.621,Low
Compute,Air,ME,Peak,0.631,60.048,87.594,20.774,24.073,0.718,96.371,48.285,4.497,1.49,Low
GPU,Air,EU,Peak,0.185,23.295,43.722,3.732,25.589,0.851,96.96,25.584,16.998,1.685,Low
Storage,Air,NA,Night,0.397,38.443,37.066,8.077,19.419,0.665,59.406,22.187,7.265,1.557,Low
Compute,Liquid,NA,Off-Peak,0.665,56.556,48.053,13.849,21.415,0.953,72.324,28.043,9.343,1.602,Medium
Edge,Hybrid,NA,Night,0.533,47.219,50.523,18.318,15.0,0.907,57.52,22.393,7.138,1.439,Medium
Compute,Air,EU,Night,0.694,66.194,67.552,23.643,18.681,0.804,96.564,25.535,17.543,1.549,Low
Edge,Liquid,EU,Off-Peak,0.785,67.015,77.411,17.537,19.514,1.0,54.662,10.225,10.847,1.113,High
Compute,Air,EU,Night,0.533,50.279,46.365,22.961,21.454,0.871,65.068,13.415,11.318,1.34,High
GPU,Liquid,NA,Peak,0.988,72.02,96.348,28.407,21.21,0.848,138.442,57.822,15.801,1.262,High
Storage,Hybrid,EU,Off-Peak,0.923,72.776,98.0,17.915,17.57,0.821,87.679,20.644,15.117,1.307,High
GPU,Air,EU,Off-Peak,0.154,16.491,53.683,9.214,19.498,0.863,105.098,27.216,17.852,1.473,Medium
Edge,Hybrid,NA,Off-Peak,0.34,40.136,41.312,6.158,19.698,0.887,68.818,29.351,8.55,1.347,High
Compute,Liquid,NA,Peak,0.37,34.251,76.047,25.575,15.0,0.797,67.023,26.601,7.708,1.43,Medium
Edge,Air,NA,Peak,0.266,26.136,62.273,6.166,27.586,0.849,72.591,32.145,8.234,1.442,Medium
Compute,Hybrid,ME,Peak,0.381,36.543,49.597,21.088,25.394,0.809,92.07,46.721,4.574,1.597,Low
Compute,Air,APAC,Off-Peak,0.482,45.278,90.616,29.559,24.535,0.896,66.029,41.273,5.983,1.323,High
Compute,Air,ME,Night,0.146,15.728,47.08,7.585,21.088,0.754,74.965,38.421,3.103,1.396,Medium
Storage,Air,NA,Night,0.215,25.075,74.437,12.997,20.101,0.803,43.945,18.084,5.138,1.605,Low
Compute,Air,APAC,Peak,0.187,19.461,52.371,19.91,19.738,0.807,80.862,49.016,5.916,1.711,Low
Storage,Hybrid,EU,Peak,0.142,27.827,71.066,7.49,25.339,0.875,47.502,10.992,8.345,1.641,Low
Storage,Liquid,EU,Peak,0.533,42.484,55.716,26.622,21.492,0.825,53.295,13.964,9.178,1.411,Medium
GPU,Hybrid,NA,Peak,0.4,32.99,76.411,8.745,27.746,0.717,109.072,43.367,12.586,1.667,Low
GPU,Air,APAC,Night,0.942,75.518,63.869,16.7,20.905,0.893,113.094,65.554,10.134,1.503,Medium
Storage,Air,ME,Night,0.192,20.349,82.755,15.318,20.406,0.914,89.516,42.704,5.326,1.432,Medium
Compute,Air,NA,Peak,0.933,74.284,77.553,13.779,22.425,0.926,94.773,37.807,11.519,1.402,High
Compute,Liquid,NA,Peak,0.178,24.755,37.645,13.593,22.465,0.937,54.938,22.288,5.819,1.357,High
Compute,Hybrid,EU,Peak,0.657,65.745,64.47,17.121,24.642,0.909,73.463,19.552,13.622,1.375,High
Compute,Liquid,ME,Peak,0.323,28.42,59.394,9.253,24.988,0.866,60.782,31.253,2.814,1.323,High
Compute,Air,APAC,Night,0.844,60.883,50.006,24.004,23.734,0.865,72.032,42.813,5.916,1.307,High
Compute,Hybrid,NA,Off-Peak,0.155,17.714,74.085,25.873,19.679,0.909,51.019,21.639,5.904,1.627,Low
Edge,Liquid,EU,Off-Peak,0.957,77.191,84.532,23.363,15.0,1.0,76.022,17.087,13.062,1.113,High
Storage,Air,NA,Off-Peak,0.143,21.42,34.208,38.605,25.999,0.847,48.407,18.132,5.756,1.49,Medium
Compute,Hybrid,APAC,Peak,0.317,23.733,69.488,16.542,21.659,0.848,56.977,36.832,3.887,1.338,High
Storage,Air,APAC,Peak,0.518,44.953,48.588,13.203,23.817,0.914,87.463,51.014,7.218,1.42,Medium
Compute,Air,EU,Peak,0.78,71.839,66.65,11.329,24.089,0.834,80.61,19.837,14.804,1.547,Low
Storage,Air,NA,Off-Peak,0.956,70.206,64.831,22.879,28.824,0.848,83.099,31.655,10.574,1.864,Low
Storage,Air,ME,Night,0.485,54.978,59.465,9.275,22.404,0.895,51.291,22.352,1.781,1.69,Low
Storage,Air,EU,Off-Peak,0.782,60.967,60.729,25.27,25.405,0.8,72.031,16.534,12.317,1.451,Medium
Storage,Air,ME,Peak,0.754,60.636,86.505,35.777,29.398,0.629,69.538,37.248,2.808,1.781,Low
Edge,Air,EU,Off-Peak,0.614,50.256,78.652,18.148,23.9,0.934,75.108,17.547,13.358,1.53,Medium
GPU,Liquid,APAC,Peak,0.722,61.433,75.972,26.495,19.42,0.92,126.555,76.398,10.558,1.379,High
Storage,Hybrid,APAC,Peak,0.134,25.343,48.262,2.715,19.038,0.977,81.535,49.845,6.031,1.268,High
Storage,Liquid,NA,Off-Peak,0.497,50.74,72.247,9.451,17.675,0.988,62.759,24.673,7.201,1.441,High
Storage,Air,ME,Off-Peak,0.807,61.863,71.151,14.843,23.892,0.878,56.891,28.399,2.747,1.511,Medium
Compute,Air,NA,Night,0.527,39.442,65.22,8.903,22.556,0.783,61.684,22.409,7.489,1.699,Low
Compute,Air,APAC,Off-Peak,0.886,64.482,79.641,12.387,22.039,0.781,78.966,48.656,5.659,1.563,Low
Compute,Air,ME,Peak,0.85,66.181,75.585,30.109,22.965,0.892,77.403,35.291,4.433,1.533,Medium
Storage,Liquid,NA,Peak,0.877,64.53,93.0,14.988,20.099,0.785,112.373,46.361,13.118,1.539,Low
Storage,Liquid,EU,Peak,0.217,27.242,70.678,8.601,33.778,0.817,57.445,14.882,10.043,1.685,Low
Compute,Liquid,EU,Peak,0.32,35.562,80.037,22.47,24.503,0.976,70.473,16.314,12.471,1.501,Medium
Edge,Liquid,APAC,Peak,0.127,21.544,49.264,2.18,24.436,1.0,48.594,29.977,3.356,1.322,High
Edge,Air,APAC,Off-Peak,0.985,90.748,98.0,17.43,24.273,0.992,79.867,50.292,7.011,1.436,High
GPU,Air,EU,Peak,0.313,31.635,58.222,10.484,23.369,0.749,83.715,24.176,15.671,1.707,Low
Storage,Liquid,APAC,Night,0.43,47.765,82.169,6.613,17.569,1.0,90.423,51.331,7.387,1.378,High
GPU,Air,NA,Off-Peak,0.347,31.839,72.628,11.397,26.228,0.822,139.07,53.071,16.679,1.873,Low
Compute,Air,NA,Peak,0.136,21.899,63.651,4.214,25.351,0.814,53.048,24.218,6.324,1.812,Low
GPU,Air,EU,Off-Peak,0.335,33.06,63.731,8.416,23.805,0.913,104.173,25.259,18.651,1.73,Low
Compute,Air,EU,Off-Peak,0.188,21.296,91.091,11.818,24.293,0.881,59.771,13.36,10.703,1.795,Low
GPU,Air,NA,Off-Peak,0.455,40.585,91.73,21.685,22.997,0.792,133.482,54.532,15.813,1.581,Low
Compute,Hybrid,EU,Peak,0.97,72.862,78.15,13.04,24.434,0.751,108.338,29.218,19.111,1.481,Medium
GPU,Hybrid,NA,Night,0.728,65.614,73.265,19.536,15.0,0.905,110.32,44.059,12.693,1.505,Medium
Edge,Air,APAC,Peak,0.736,63.338,58.684,13.656,23.572,0.967,90.263,52.224,7.439,1.395,High
Compute,Air,NA,Night,0.508,42.318,50.694,19.457,24.417,0.933,83.57,32.029,10.813,1.299,High
Storage,Liquid,EU,Peak,0.83,61.601,66.644,14.219,20.594,0.884,66.949,16.074,12.206,1.558,Medium
Edge,Air,EU,Off-Peak,0.917,65.561,73.273,14.096,25.312,0.822,59.992,16.278,10.849,1.658,Low
Storage,Air,ME,Off-Peak,0.965,69.472,87.463,34.944,21.486,0.895,99.063,46.587,5.993,1.277,High
GPU,Air,APAC,Off-Peak,0.189,19.709,89.402,8.181,34.055,0.897,86.36,50.138,6.492,1.551,Medium
Storage,Air,APAC,Peak,0.892,63.762,41.775,24.67,22.332,0.944,78.282,46.006,5.962,1.46,Medium
Compute,Liquid,ME,Peak,0.303,25.089,43.042,14.057,21.437,1.0,84.964,40.979,4.287,1.426,High
Compute,Hybrid,EU,Off-Peak,0.458,42.738,71.378,19.4,16.767,0.803,76.87,18.598,14.09,1.496,Medium
Compute,Air,NA,Night,0.411,36.97,40.965,10.422,25.122,0.725,64.655,27.026,7.783,1.81,Low
GPU,Air,APAC,Off-Peak,0.708,51.451,88.08,14.753,25.328,0.795,127.407,76.935,10.084,1.683,Low
Compute,Air,APAC,Peak,0.638,49.592,82.022,17.193,27.47,0.87,91.698,53.298,7.841,1.457,Medium
Storage,Air,EU,Peak,0.198,26.76,70.227,7.984,23.547,0.82,95.183,24.886,17.089,1.464,Medium
Storage,Hybrid,APAC,Off-Peak,0.805,58.424,50.865,19.612,21.218,0.951,86.291,54.396,6.553,1.453,Medium
Storage,Liquid,APAC,Peak,0.496,54.786,49.715,13.548,20.598,0.832,67.605,42.662,5.143,1.298,High
GPU,Liquid,ME,Peak,0.102,11.324,73.972,7.762,15.0,1.0,96.257,45.861,3.609,1.188,High
Edge,Liquid,ME,Off-Peak,0.473,38.628,36.009,15.769,16.694,0.866,74.672,35.972,3.736,1.33,High
Storage,Hybrid,NA,Off-Peak,0.565,45.529,71.48,9.005,19.983,0.925,72.605,30.545,8.923,1.32,High
GPU,Hybrid,EU,Peak,0.162,17.892,48.157,7.615,23.464,0.796,85.854,19.111,15.545,1.41,Medium
GPU,Air,NA,Peak,0.236,28.943,41.647,20.509,23.878,0.858,90.766,35.692,10.608,1.247,High
Storage,Air,NA,Off-Peak,0.994,76.037,71.971,14.432,24.735,0.928,96.669,40.357,11.587,1.396,High
Edge,Liquid,APAC,Peak,0.884,78.193,98.0,15.432,19.316,0.983,94.023,57.819,8.611,1.361,High
Compute,Air,NA,Night,0.22,31.541,64.595,16.219,23.985,0.783,81.156,34.567,10.492,1.785,Low
Compute,Hybrid,EU,Peak,0.622,54.178,78.472,13.808,24.053,0.792,83.389,20.201,15.075,1.589,Low
GPU,Liquid,EU,Peak,0.441,43.533,59.585,9.692,21.587,1.0,106.574,30.378,18.682,1.323,High
Storage,Hybrid,APAC,Off-Peak,0.589,48.329,82.382,15.374,17.829,0.665,62.567,38.23,4.747,2.504,Low
GPU,Air,NA,Off-Peak,0.523,43.837,84.536,14.787,25.288,0.877,121.29,47.485,15.585,1.358,High
GPU,Hybrid,NA,Peak,0.143,20.815,57.903,7.703,26.204,0.96,88.468,34.18,10.175,1.61,Low
Compute,Air,EU,Off-Peak,0.384,37.412,52.601,18.173,26.202,0.829,71.001,18.202,13.099,1.7,Low
GPU,Hybrid,NA,Peak,0.213,23.864,65.759,6.91,22.562,0.718,91.051,37.977,10.818,1.683,Low
Storage,Air,ME,Off-Peak,0.54,51.154,79.348,17.412,23.762,0.754,72.592,36.434,3.071,1.419,Medium
Storage,Liquid,APAC,Peak,0.917,79.954,81.221,12.136,21.324,0.957,77.734,48.09,6.152,1.386,High
Storage,Liquid,EU,Off-Peak,0.996,74.079,69.085,20.617,15.0,0.999,90.88,23.015,15.591,1.177,High
Edge,Air,APAC,Off-Peak,0.95,75.742,84.673,11.035,25.304,0.787,100.131,61.042,7.246,1.537,Low
Compute,Air,NA,Off-Peak,0.987,73.765,71.386,16.913,22.025,0.979,108.333,40.74,13.897,1.366,High
Storage,Hybrid,APAC,Off-Peak,0.114,12.034,79.615,16.65,21.208,0.925,44.484,25.513,3.529,1.459,Medium
Storage,Air,NA,Off-Peak,0.757,62.793,71.086,17.733,20.08,0.935,95.879,37.782,11.683,1.468,Medium
GPU,Liquid,APAC,Off-Peak,0.346,38.243,39.058,13.689,15.0,0.802,89.548,54.436,6.565,1.229,High
Storage,Air,EU,Peak,0.879,64.677,84.846,11.658,26.787,0.919,67.903,17.121,12.071,1.343,High
Compute,Hybrid,NA,Peak,0.832,71.302,76.121,9.017,25.42,0.907,99.383,43.377,12.097,1.486,Medium
Compute,Liquid,NA,Off-Peak,0.481,37.145,61.21,9.89,18.436,1.0,66.839,25.092,8.439,1.369,High
Compute,Air,EU,Off-Peak,0.526,50.872,65.027,10.304,23.948,0.891,71.731,19.601,12.592,1.246,High
GPU,Air,APAC,Peak,0.339,35.001,42.6,8.641,21.345,0.903,95.505,54.571,6.866,1.483,Medium
Compute,Liquid,NA,Night,0.36,29.581,48.631,7.937,16.895,0.799,67.443,24.272,9.087,1.059,High
Compute,Air,EU,Off-Peak,0.983,78.587,65.53,23.583,23.958,0.701,83.126,18.833,15.447,1.798,Low
Edge,Air,APAC,Off-Peak,0.9,69.726,83.93,16.424,26.898,0.772,70.45,46.191,5.71,1.603,Low
Compute,Liquid,EU,Peak,0.273,21.827,69.569,6.962,21.268,0.99,79.62,21.433,14.641,1.285,High
Edge,Air,APAC,Peak,0.348,45.509,42.777,19.43,21.052,0.824,56.257,38.438,4.74,1.365,High
Storage,Air,NA,Off-Peak,0.198,29.242,55.908,27.336,28.537,0.819,96.231,37.622,11.124,1.488,Medium
GPU,Liquid,EU,Peak,0.99,75.059,77.217,19.786,22.485,0.796,110.542,24.861,19.459,1.453,Medium
Compute,Air,ME,Off-Peak,0.916,71.022,86.146,19.314,24.432,0.855,77.899,40.615,3.912,1.534,Medium
Compute,Air,EU,Night,0.597,47.188,29.507,17.648,20.463,0.89,78.525,18.851,14.505,1.373,High
GPU,Air,EU,Off-Peak,0.724,56.785,48.32,13.217,18.86,0.881,114.195,29.212,20.157,1.404,Medium
GPU,Liquid,APAC,Off-Peak,0.773,63.824,60.417,10.536,19.09,0.954,124.864,73.534,9.978,1.308,High
GPU,Liquid,NA,Off-Peak,0.283,44.519,23.843,17.343,17.746,0.836,85.007,31.092,10.513,1.448,Medium
Compute,Liquid,APAC,Peak,0.941,73.561,93.189,22.992,23.529,1.0,102.852,61.82,7.876,1.611,Medium
GPU,Air,ME,Night,0.574,45.008,70.489,25.125,19.262,0.661,95.093,46.555,4.472,1.38,Medium
GPU,Air,NA,Night,0.183,23.11,69.29,13.473,18.156,0.843,85.982,33.434,11.007,1.568,Low
Storage,Air,APAC,Off-Peak,0.457,35.393,54.99,9.872,23.482,0.795,59.045,35.114,4.135,1.557,Low
GPU,Air,NA,Peak,0.641,57.324,71.979,8.589,23.848,0.679,123.0,49.395,14.552,1.729,Low
GPU,Hybrid,EU,Peak,0.418,33.411,67.255,10.313,21.771,0.859,95.813,21.547,17.327,1.544,Medium
Storage,Air,APAC,Peak,0.729,56.959,63.996,9.365,23.908,0.977,57.316,34.657,4.84,2.314,Low
Compute,Air,APAC,Off-Peak,0.894,67.901,88.629,60.309,25.643,0.818,120.406,72.632,10.426,1.533,Medium
Storage,Air,APAC,Peak,0.795,69.157,77.974,21.828,21.396,0.846,94.32,58.086,7.473,1.572,Low
Compute,Liquid,ME,Off-Peak,0.678,53.908,71.743,21.858,18.75,0.901,96.181,47.143,5.194,1.419,Medium
Storage,Liquid,EU,Off-Peak,0.561,39.877,62.427,15.763,16.878,0.899,49.746,12.876,8.92,1.479,Medium
Storage,Liquid,EU,Peak,0.329,28.465,50.928,10.659,18.846,0.98,39.214,7.768,6.688,1.414,High
Compute,Hybrid,NA,Off-Peak,0.509,42.35,65.855,10.189,18.288,0.965,61.217,29.514,6.843,1.451,Medium
Compute,Air,NA,Peak,0.364,38.819,68.829,12.33,29.396,0.903,65.651,23.167,8.222,1.458,Medium
Compute,Air,EU,Night,0.941,69.162,72.768,27.727,19.117,0.942,120.311,27.282,21.642,1.351,High
GPU,Air,APAC,Peak,0.917,74.747,95.175,16.182,25.303,0.727,111.155,66.221,9.153,1.679,Low
Edge,Liquid,EU,Peak,0.24,24.74,54.147,3.086,25.471,1.0,50.086,10.969,9.694,1.451,High
Compute,Liquid,APAC,Peak,0.84,66.097,82.735,19.005,21.826,0.874,123.444,77.782,9.582,1.462,Medium
Edge,Liquid,APAC,Night,0.733,59.319,51.54,8.637,15.0,0.98,67.473,39.868,6.03,1.073,High
Storage,Liquid,NA,Off-Peak,0.978,75.981,65.534,18.464,21.156,0.784,74.809,29.726,8.703,1.549,Low
Compute,Liquid,EU,Off-Peak,0.517,39.047,44.097,20.372,16.093,0.844,76.879,21.698,13.858,1.374,High
Compute,Hybrid,EU,Peak,0.75,62.483,62.273,18.627,17.2,0.835,100.182,22.899,17.215,1.205,High
Storage,Liquid,EU,Off-Peak,0.566,44.407,85.5,15.457,20.097,0.955,51.767,12.183,9.265,1.383,High
GPU,Liquid,APAC,Peak,0.162,24.821,42.113,8.574,20.652,0.973,90.954,50.922,7.775,1.44,High
GPU,Air,EU,Night,0.142,16.218,80.173,13.784,20.471,0.839,107.843,26.688,18.758,1.412,Medium
Compute,Liquid,APAC,Night,0.21,21.861,53.366,16.022,17.48,0.88,75.668,48.988,6.625,1.399,Medium
Compute,Hybrid,APAC,Off-Peak,0.367,32.897,45.267,25.894,19.464,0.973,96.906,57.456,7.419,1.148,High
Storage,Air,EU,Night,0.333,31.239,60.671,26.714,21.889,0.867,47.905,14.523,8.546,1.739,Low
Compute,Liquid,APAC,Peak,0.755,54.719,68.084,22.355,23.429,0.82,84.103,53.435,6.013,1.44,Medium
Compute,Liquid,NA,Peak,0.744,68.47,71.017,19.743,20.312,0.89,93.222,36.611,10.155,1.823,Low
Compute,Air,NA,Peak,0.974,75.566,53.609,20.306,23.794,0.849,156.703,62.006,18.709,1.435,Medium
GPU,Liquid,NA,Peak,0.379,30.442,61.31,12.988,18.487,0.815,89.661,37.277,10.084,1.222,High
Edge,Air,EU,Night,0.945,82.081,51.201,22.299,22.428,0.794,83.748,22.269,15.108,1.542,Low
Storage,Hybrid,NA,Peak,0.652,65.779,61.167,10.238,26.408,0.692,64.271,20.922,8.663,1.575,Low
Edge,Hybrid,ME,Night,0.546,56.468,54.825,17.054,18.261,0.949,76.793,40.424,3.752,1.156,High
Compute,Air,EU,Off-Peak,0.701,52.82,56.098,14.128,24.432,0.594,88.463,20.789,15.282,1.567,Low
Storage,Air,EU,Peak,0.732,53.904,80.904,24.626,23.44,0.885,72.43,18.483,12.846,1.336,High
Compute,Liquid,NA,Peak,0.255,22.648,80.657,13.764,20.242,0.776,47.269,19.653,5.925,1.365,Medium
Storage,Air,NA,Peak,0.777,63.483,74.94,51.224,28.887,0.973,68.381,26.932,9.031,1.652,Low
Edge,Air,NA,Peak,0.753,66.668,54.872,11.771,23.236,0.787,67.332,26.64,8.705,1.677,Low
Storage,Liquid,EU,Off-Peak,0.998,75.019,72.505,20.084,21.186,1.0,81.489,21.361,15.806,1.232,High
Compute,Air,EU,Off-Peak,0.921,69.819,91.184,13.03,21.39,0.708,84.085,18.058,14.875,1.557,Low
Storage,Air,EU,Off-Peak,0.716,51.841,79.283,26.528,17.291,0.989,81.185,19.063,14.19,1.158,High
Compute,Hybrid,EU,Off-Peak,0.741,56.633,98.0,11.169,23.988,0.847,106.347,23.534,19.494,1.585,Low
GPU,Hybrid,APAC,Peak,0.951,81.837,53.699,21.279,27.333,0.661,138.616,82.235,10.682,1.767,Low
Storage,Liquid,NA,Peak,0.97,76.461,59.845,14.927,19.692,0.749,231.667,92.667,27.8,1.581,Low
Storage,Hybrid,APAC,Night,0.844,65.725,83.978,9.038,22.439,0.882,83.158,47.978,6.393,1.414,Medium
Storage,Air,EU,Peak,0.791,69.507,74.224,22.82,22.081,0.926,60.557,17.233,11.207,1.563,Medium
Storage,Air,EU,Peak,0.2,16.798,43.846,11.765,28.788,0.825,48.576,13.165,7.853,1.613,Low
Compute,Air,NA,Off-Peak,0.847,64.907,61.132,14.144,22.005,0.775,77.114,26.934,9.651,1.686,Low
Storage,Liquid,EU,Night,0.328,26.015,64.382,15.815,15.0,0.926,49.407,14.42,9.549,1.078,High
Compute,Hybrid,NA,Night,0.607,59.629,71.299,9.665,15.966,0.835,86.345,31.166,11.369,1.218,High
GPU,Liquid,ME,Peak,0.465,37.251,71.877,9.98,26.01,0.929,101.457,50.327,5.032,1.61,Low
GPU,Hybrid,EU,Off-Peak,0.411,33.352,90.074,12.611,20.949,0.919,91.836,22.166,16.216,1.066,High
GPU,Liquid,ME,Peak,0.379,34.404,91.02,19.731,24.785,0.888,82.771,42.121,4.454,1.176,High
Storage,Air,EU,Night,0.87,61.823,57.041,19.543,20.412,0.804,67.168,16.754,11.861,1.761,Low
Storage,Air,NA,Peak,0.792,68.485,79.852,16.605,24.869,0.654,106.238,41.624,13.019,1.708,Low
Compute,Air,EU,Peak,0.571,48.736,58.387,10.295,21.689,0.66,79.928,17.158,14.163,1.549,Low
GPU,Air,NA,Night,0.698,66.894,91.463,16.039,25.729,0.873,115.063,52.385,14.067,1.537,Medium
Compute,Liquid,ME,Night,0.986,72.398,67.336,17.965,15.627,0.985,84.269,44.969,4.324,1.485,Medium
Storage,Air,APAC,Off-Peak,0.458,44.017,46.241,18.212,24.333,0.924,73.485,44.177,5.794,1.344,High
Compute,Liquid,APAC,Peak,0.596,46.111,82.854,9.406,16.943,0.802,84.539,54.267,6.666,1.41,Medium
Compute,Liquid,EU,Off-Peak,0.58,53.944,86.582,15.454,18.311,1.0,81.982,23.522,13.531,1.54,Medium
Storage,Air,EU,Night,0.942,72.733,61.763,31.339,21.91,0.961,75.818,17.846,13.087,1.552,Medium
Compute,Air,ME,Off-Peak,0.416,34.806,78.757,16.906,22.267,0.79,66.685,33.367,3.521,1.237,High
GPU,Air,NA,Peak,0.988,72.625,59.29,16.321,23.308,0.819,114.559,43.949,13.593,1.356,High
Compute,Air,APAC,Peak,0.374,36.91,52.518,15.706,18.309,0.737,64.353,36.886,4.827,1.793,Low
Compute,Hybrid,EU,Night,0.198,19.324,30.542,11.984,19.477,0.747,67.346,15.357,11.817,1.647,Low
Storage,Air,ME,Off-Peak,0.272,24.512,74.194,20.856,22.79,0.867,69.795,33.375,3.154,1.522,Medium
Compute,Liquid,APAC,Off-Peak,0.484,41.245,70.237,12.472,15.687,0.924,90.807,51.496,7.315,1.391,High
Compute,Hybrid,ME,Peak,0.685,49.173,61.975,15.103,23.757,0.771,91.219,45.556,4.467,1.447,Medium
GPU,Hybrid,EU,Off-Peak,0.565,52.447,61.29,18.683,24.674,0.568,111.8,28.62,20.3,1.666,Low
Compute,Hybrid,NA,Night,0.439,33.375,66.494,4.693,15.363,0.893,185.06,74.024,22.207,1.233,High
GPU,Air,EU,Peak,0.606,49.96,69.381,11.919,19.886,0.742,98.977,25.271,17.589,1.456,Medium
Compute,Air,APAC,Off-Peak,0.855,66.006,78.998,29.86,18.323,0.913,110.618,71.594,8.898,1.668,Low
Compute,Air,APAC,Peak,0.855,65.254,56.149,21.084,24.225,0.726,86.728,54.509,6.118,1.631,Low
GPU,Air,NA,Peak,0.754,57.341,79.529,10.063,22.203,0.97,102.485,40.93,12.365,1.46,Medium
Compute,Hybrid,EU,Off-Peak,0.957,76.464,75.033,11.38,24.292,0.763,89.024,21.427,16.3,1.512,Low
Compute,Liquid,NA,Night,0.631,58.614,45.196,22.059,15.0,0.786,78.867,32.318,9.534,1.512,Medium
Compute,Air,APAC,Off-Peak,0.107,23.366,85.776,2.099,23.665,0.658,68.238,42.721,4.942,1.601,Low
Compute,Air,NA,Peak,0.362,29.124,47.483,17.614,22.23,0.893,62.817,23.831,7.338,1.33,High
GPU,Air,EU,Peak,0.395,37.102,48.193,22.022,23.869,0.899,93.923,22.596,16.79,1.331,High
Compute,Liquid,NA,Night,0.593,44.728,54.384,11.449,15.0,0.848,106.477,40.487,14.265,1.283,High
GPU,Liquid,NA,Peak,0.914,67.299,63.131,18.9,22.389,0.845,123.449,47.66,15.049,1.56,Low
GPU,Hybrid,ME,Night,0.854,67.92,58.936,12.582,20.592,0.89,117.131,57.438,5.856,1.185,High
Storage,Hybrid,NA,Peak,0.309,25.62,54.119,6.777,24.683,0.903,51.138,16.95,6.838,1.783,Low
Edge,Air,NA,Night,0.567,43.627,76.145,34.314,20.149,0.872,182.669,73.068,21.92,1.327,High
Compute,Air,NA,Night,0.693,51.949,71.215,10.731,15.616,0.975,63.235,25.141,7.292,1.234,High
Edge,Air,EU,Peak,0.989,77.637,60.185,15.095,22.795,0.951,66.278,15.661,11.512,1.505,Medium
Compute,Air,EU,Off-Peak,0.128,19.217,66.486,2.019,28.335,0.85,58.776,15.405,11.099,1.452,Medium
Storage,Hybrid,NA,Peak,0.517,55.567,83.616,16.128,22.39,0.814,65.288,27.633,8.768,1.574,Low
Storage,Liquid,EU,Peak,0.989,71.672,69.962,27.957,19.845,0.862,89.885,22.933,15.788,1.371,High
Compute,Liquid,NA,Off-Peak,0.979,75.741,72.422,19.458,23.052,1.0,70.459,26.336,8.039,1.336,High
Storage,Air,APAC,Off-Peak,0.398,32.635,56.994,13.418,23.171,0.758,60.663,36.885,4.455,1.556,Low
GPU,Air,APAC,Peak,0.1,11.862,43.127,6.153,24.399,0.957,118.727,70.59,9.779,1.342,High
Compute,Air,ME,Off-Peak,0.628,60.635,34.716,13.33,24.425,0.889,73.151,35.948,3.195,2.31,Medium
Compute,Liquid,ME,Peak,0.88,74.526,67.908,11.924,25.543,0.899,86.283,40.15,3.921,1.616,Low
GPU,Liquid,NA,Peak,0.392,37.765,98.0,15.355,17.646,0.976,100.837,40.927,11.631,1.338,High
Storage,Air,NA,Off-Peak,0.941,69.859,69.489,15.659,19.143,0.927,84.306,32.875,9.351,1.46,Medium
Edge,Liquid,APAC,Off-Peak,0.399,50.153,45.41,12.219,17.115,0.943,54.142,30.955,4.862,1.51,Medium
GPU,Hybrid,NA,Off-Peak,0.649,60.395,77.409,17.688,21.068,0.71,110.881,42.788,12.64,1.58,Low
Edge,Air,NA,Off-Peak,0.75,54.282,67.121,18.25,24.518,0.804,49.105,19.647,6.134,1.773,Low
GPU,Liquid,NA,Night,0.411,45.273,72.212,8.087,20.952,1.0,127.373,49.948,15.48,1.628,Low
Compute,Air,EU,Off-Peak,0.417,39.431,69.306,21.713,21.051,0.901,67.091,14.423,12.987,1.641,Low
Compute,Liquid,EU,Peak,0.523,50.632,61.648,8.36,19.604,0.787,90.566,23.657,15.762,1.234,High
GPU,Liquid,NA,Off-Peak,0.852,77.905,73.838,15.316,22.525,0.99,138.385,51.689,16.258,1.533,Medium
Storage,Hybrid,NA,Off-Peak,0.191,23.839,81.617,20.708,21.979,0.716,47.279,21.994,5.123,1.565,Low
Compute,Air,APAC,Off-Peak,0.668,60.711,66.239,8.817,22.146,0.711,80.205,51.052,7.161,1.437,Medium
Compute,Air,NA,Off-Peak,0.71,56.81,91.111,26.264,22.432,0.925,105.631,42.776,12.573,1.465,Medium
Edge,Air,ME,Peak,0.602,56.83,74.794,8.924,29.123,0.834,56.306,28.426,3.201,1.76,Low
Storage,Air,NA,Peak,0.942,77.343,87.537,30.591,33.069,0.794,70.737,27.799,8.242,1.433,Medium
Storage,Liquid,EU,Off-Peak,0.642,55.462,78.439,10.281,23.901,0.856,58.612,15.873,10.72,1.279,High
Storage,Hybrid,EU,Peak,0.671,56.935,64.451,25.93,23.317,0.834,55.421,16.54,11.219,1.417,Medium
Compute,Air,NA,Off-Peak,0.64,50.02,87.632,10.68,24.131,0.723,64.409,24.85,7.952,1.741,Low
Compute,Air,EU,Off-Peak,0.75,56.664,76.907,20.04,25.712,0.678,99.806,20.881,17.591,2.497,Low
Compute,Air,EU,Off-Peak,0.222,18.685,51.719,15.071,18.633,0.89,59.396,12.287,10.564,1.406,Medium
Compute,Air,APAC,Off-Peak,0.905,79.334,53.596,23.728,22.206,0.874,82.004,48.873,6.192,1.397,Medium
GPU,Air,APAC,Peak,0.138,16.64,69.401,7.445,23.071,0.753,100.991,63.327,8.56,1.322,High
Storage,Air,NA,Night,0.677,59.08,45.125,7.811,22.138,0.81,76.118,28.141,8.203,1.471,Medium
GPU,Liquid,NA,Off-Peak,0.654,62.792,55.654,15.267,15.497,0.906,101.466,41.313,11.31,1.391,High
GPU,Air,NA,Off-Peak,0.287,29.346,42.127,15.472,28.28,0.841,86.737,33.122,10.228,1.452,Medium
Compute,Liquid,NA,Peak,0.137,13.694,70.634,8.554,21.747,0.904,68.556,27.964,8.373,1.564,Medium
Storage,Liquid,EU,Peak,0.225,28.465,66.503,12.537,35.385,0.986,53.334,15.286,9.555,1.424,High
Storage,Air,ME,Off-Peak,0.345,28.306,66.335,8.519,22.578,0.861,86.786,46.751,4.706,1.453,Medium
GPU,Liquid,EU,Peak,0.894,72.502,76.563,20.506,23.299,0.877,106.053,27.817,19.276,1.68,Low
Compute,Liquid,APAC,Peak,0.87,64.539,74.789,16.63,16.741,0.959,94.038,57.503,6.865,1.324,High
Storage,Liquid,EU,Peak,0.157,13.98,82.949,24.16,18.647,0.972,44.287,10.803,7.832,1.266,High
Storage,Air,APAC,Off-Peak,0.36,40.835,41.978,13.679,25.374,0.901,46.722,28.937,4.548,1.616,Low
Compute,Air,NA,Off-Peak,0.9,73.205,92.217,14.963,21.007,0.871,95.768,38.577,11.785,1.494,Medium
Compute,Hybrid,APAC,Off-Peak,0.313,27.41,59.797,26.45,24.405,0.741,118.543,68.627,9.935,1.477,Medium
Storage,Liquid,APAC,Night,0.996,84.865,98.0,25.928,16.446,0.755,96.556,59.962,9.2,1.334,Medium
GPU,Air,NA,Peak,0.331,25.145,69.465,5.389,24.483,0.866,83.776,35.556,10.813,1.661,Low
Compute,Air,NA,Off-Peak,0.765,59.309,84.722,23.659,21.328,0.831,104.014,40.977,13.224,1.383,Medium
Storage,Air,ME,Peak,0.475,38.38,69.72,15.744,27.02,0.885,225.417,112.708,11.271,1.423,Medium
Compute,Air,APAC,Off-Peak,0.223,19.267,44.707,7.294,24.113,0.847,72.492,40.776,5.272,1.551,Low
GPU,Liquid,NA,Off-Peak,0.33,39.094,62.66,12.707,18.186,1.0,84.611,35.983,9.713,1.5,Medium
Compute,Air,EU,Peak,0.708,61.045,70.326,22.869,27.602,0.913,77.374,21.391,13.921,1.557,Medium
GPU,Air,EU,Peak,0.403,37.86,72.487,12.563,21.258,0.827,87.597,18.819,16.463,1.679,Low
Compute,Liquid,EU,Night,0.644,50.095,78.041,21.245,15.391,0.919,112.233,27.945,19.602,1.371,High
Compute,Air,NA,Peak,0.285,24.406,76.758,26.964,23.402,0.808,62.918,24.25,8.084,1.436,Medium
Compute,Liquid,NA,Off-Peak,0.504,45.344,74.03,32.958,16.163,1.0,92.922,37.962,11.855,1.407,High
Compute,Liquid,EU,Night,0.561,51.634,64.864,12.025,17.611,0.944,100.285,26.429,16.896,1.671,Low
Storage,Air,APAC,Off-Peak,0.472,33.702,51.188,10.338,19.247,0.651,64.447,38.082,5.86,1.381,Medium
Compute,Liquid,APAC,Off-Peak,0.278,24.447,72.047,12.121,16.216,0.962,92.055,52.128,6.948,1.268,High
GPU,Liquid,NA,Night,0.515,49.841,47.582,23.302,16.689,0.826,133.336,51.81,16.256,1.671,Low
Compute,Air,APAC,Peak,0.724,58.178,76.082,14.73,21.456,0.77,72.602,41.221,5.846,1.51,Medium
Compute,Air,NA,Peak,0.968,80.323,90.018,25.458,26.924,0.832,121.028,44.496,15.18,1.661,Low
Compute,Liquid,EU,Off-Peak,0.811,59.601,77.59,23.818,23.316,0.94,79.212,19.296,13.866,1.752,Low
Compute,Hybrid,ME,Off-Peak,0.245,21.691,47.414,5.06,22.652,0.955,50.446,21.695,2.71,1.397,High
Compute,Liquid,EU,Peak,0.345,31.417,59.636,16.706,20.473,0.924,57.698,16.586,10.057,1.507,Medium
Storage,Air,NA,Peak,0.171,12.472,59.113,9.6,21.862,0.853,45.133,18.15,5.204,1.468,Medium
Storage,Liquid,NA,Peak,0.222,31.117,59.061,15.841,19.338,0.977,43.097,18.901,4.756,1.334,High
Storage,Air,EU,Night,0.326,36.958,66.432,46.268,18.269,0.684,48.864,11.34,7.356,1.382,Medium
Storage,Liquid,APAC,Off-Peak,0.28,27.788,72.471,5.355,22.661,0.993,52.089,29.25,4.453,1.588,Medium
Storage,Liquid,ME,Night,0.292,26.953,56.303,4.883,18.059,1.0,65.635,31.809,2.717,1.257,High
Compute,Liquid,APAC,Night,0.308,33.273,71.002,4.388,16.477,0.979,60.481,37.755,4.069,1.372,High
Storage,Hybrid,APAC,Off-Peak,0.371,37.43,70.251,7.884,23.04,0.854,74.037,44.55,5.478,1.449,Medium
Edge,Liquid,APAC,Off-Peak,0.213,38.95,73.169,12.987,15.0,1.0,47.172,31.443,3.711,1.092,High
Storage,Liquid,APAC,Peak,0.35,29.882,56.179,12.357,20.388,0.859,57.899,34.444,5.161,1.407,Medium
Storage,Air,NA,Peak,0.72,56.433,72.68,12.526,31.46,0.763,112.327,46.969,13.244,1.962,Low
Compute,Hybrid,ME,Off-Peak,0.313,26.827,54.931,27.773,22.28,0.77,73.273,36.723,3.281,1.448,Medium
GPU,Hybrid,NA,Peak,0.255,28.179,57.976,18.779,17.296,0.862,105.714,43.415,13.097,1.338,High
GPU,Air,ME,Peak,0.161,15.933,51.25,16.469,23.678,0.932,71.269,34.987,3.346,1.373,High
Storage,Air,NA,Off-Peak,0.55,51.241,55.342,10.003,22.714,0.778,97.76,40.55,11.234,1.554,Low
Edge,Air,APAC,Off-Peak,0.858,67.086,94.276,23.833,25.304,0.663,93.357,53.987,8.419,1.716,Low
Compute,Liquid,APAC,Off-Peak,0.153,26.314,65.356,5.786,15.0,0.982,89.078,56.737,7.176,1.24,High
Compute,Liquid,ME,Peak,0.588,54.555,51.992,8.434,21.187,0.876,77.12,37.676,3.799,1.329,High
GPU,Air,APAC,Peak,0.686,50.774,66.74,21.81,23.603,0.761,93.874,57.911,7.374,1.549,Low
GPU,Hybrid,NA,Off-Peak,0.633,50.056,53.179,13.895,21.644,0.73,122.72,47.751,13.941,1.542,Low
Compute,Air,EU,Night,0.89,76.299,74.087,16.431,23.312,0.957,83.597,18.39,14.469,1.222,High
Compute,Liquid,NA,Night,0.88,0.925,69.075,12.48,18.797,0.825,87.035,33.196,10.827,1.444,Medium
Compute,Air,NA,Peak,0.152,18.672,60.26,8.595,26.082,0.753,51.135,21.514,6.393,1.751,Low
Compute,Air,NA,Peak,0.425,37.053,35.408,28.132,37.761,0.812,77.604,29.28,9.658,1.26,High
GPU,Air,NA,Night,0.704,55.015,44.391,17.57,35.462,0.775,96.817,40.172,11.174,1.401,Medium
Storage,Air,EU,Peak,0.957,76.484,72.177,17.346,21.743,0.872,83.062,20.329,14.426,1.491,Medium
Compute,Liquid,ME,Peak,0.824,61.924,83.276,23.611,27.804,0.869,93.081,46.601,5.327,1.441,Medium
Compute,Liquid,ME,Peak,0.259,20.851,61.34,6.583,22.171,0.986,68.81,37.46,3.701,1.222,High
Compute,Air,NA,Off-Peak,0.351,28.817,50.546,10.806,21.815,0.987,56.15,24.094,6.78,1.324,High
Compute,Air,NA,Off-Peak,0.787,67.827,57.261,10.473,24.808,0.663,82.889,30.013,10.466,1.54,Low
Storage,Air,NA,Peak,0.524,44.004,84.136,7.308,22.729,0.751,86.804,33.506,10.408,1.649,Low
Edge,Liquid,NA,Off-Peak,0.593,47.565,52.747,18.558,19.221,0.767,52.091,22.008,6.465,1.173,High
GPU,Liquid,NA,Peak,0.648,60.519,72.009,23.546,23.953,0.751,151.547,62.475,18.179,1.686,Low
Compute,Air,NA,Off-Peak,0.193,26.672,40.839,18.905,25.068,0.715,61.78,21.094,6.872,1.47,Medium
GPU,Liquid,EU,Off-Peak,0.87,70.252,68.379,28.147,24.997,0.994,132.145,33.127,23.438,1.531,Medium
GPU,Air,EU,Off-Peak,0.877,62.833,85.113,13.427,23.779,0.839,109.227,26.704,19.461,1.709,Low
GPU,Hybrid,EU,Peak,0.521,45.449,45.241,24.805,23.33,0.878,99.391,24.519,17.079,1.836,Low
Storage,Hybrid,NA,Off-Peak,0.664,60.031,56.16,12.023,26.849,0.892,68.232,26.367,8.058,1.496,Medium
Compute,Liquid,APAC,Off-Peak,0.694,55.668,85.189,7.654,17.355,0.955,115.016,68.703,10.09,1.342,High
Compute,Hybrid,APAC,Off-Peak,0.271,30.973,80.505,9.339,28.911,0.881,103.541,64.908,7.744,1.486,Medium
Compute,Hybrid,NA,Off-Peak,0.201,21.193,75.777,4.826,20.393,0.76,71.798,25.903,9.242,1.51,Low
Compute,Hybrid,NA,Off-Peak,0.119,17.875,63.259,9.948,21.123,0.875,55.475,23.432,6.951,1.551,Medium
Compute,Liquid,NA,Peak,0.922,67.585,46.984,25.17,21.869,0.977,75.622,31.191,9.451,1.146,High
Storage,Air,NA,Peak,0.411,45.858,51.544,6.793,20.546,0.821,85.664,34.033,10.373,1.642,Low
GPU,Air,EU,Peak,0.177,28.26,65.288,4.854,24.288,0.763,188.803,47.201,33.984,1.556,Low
Storage,Air,NA,Off-Peak,0.519,45.721,48.891,11.119,20.319,0.949,72.577,24.279,8.714,1.176,High
Compute,Liquid,EU,Off-Peak,0.168,28.355,41.883,10.641,20.901,1.0,105.466,26.964,19.09,1.51,Medium
Edge,Air,NA,Off-Peak,0.177,22.961,76.554,12.348,21.679,0.715,72.459,32.555,8.497,1.779,Low
Edge,Air,APAC,Off-Peak,0.54,48.293,51.552,8.767,22.925,0.849,85.993,53.212,6.511,1.64,Low
GPU,Air,NA,Night,0.558,50.707,90.126,18.767,20.379,0.853,108.332,45.211,12.573,1.582,Low
Edge,Air,EU,Peak,0.622,56.711,77.716,17.237,22.636,0.895,53.327,11.782,9.68,1.272,High
Storage,Liquid,NA,Peak,0.691,52.081,77.955,19.699,23.681,0.715,55.717,22.869,6.308,1.652,Low
Edge,Hybrid,NA,Night,0.701,55.713,69.277,28.538,22.554,0.728,68.177,28.616,8.172,1.511,Low
Compute,Liquid,APAC,Peak,0.49,42.398,98.0,10.058,17.064,1.0,87.051,50.947,7.175,1.245,High
Compute,Liquid,EU,Off-Peak,0.679,56.89,75.903,15.469,18.079,1.0,70.9,17.266,12.801,1.413,High
Compute,Liquid,NA,Peak,0.374,29.959,57.749,10.04,20.818,0.947,74.735,29.707,8.679,1.336,High
Compute,Air,EU,Night,0.497,39.609,62.778,7.604,15.167,0.961,81.137,17.227,14.02,1.274,High
Compute,Air,EU,Off-Peak,0.454,45.518,69.06,20.59,23.445,0.746,97.442,24.131,17.914,1.699,Low
Storage,Hybrid,EU,Peak,0.396,1.21,67.332,7.092,24.425,0.766,62.696,15.716,11.184,1.807,Low
GPU,Air,EU,Off-Peak,0.315,29.234,66.739,9.398,23.748,0.711,106.254,24.64,18.669,1.579,Low
Storage,Air,APAC,Peak,0.171,25.473,64.745,20.278,24.084,0.572,45.489,28.23,3.235,1.699,Low
Compute,Liquid,NA,Night,0.555,56.137,73.942,9.683,18.745,0.973,92.347,35.064,12.521,1.205,High
GPU,Air,NA,Peak,0.584,42.555,42.437,6.81,25.993,0.817,103.921,41.651,12.607,1.54,Low
Storage,Air,NA,Off-Peak,0.403,33.715,69.971,8.309,18.311,0.878,64.718,21.956,7.466,1.774,Low
Compute,Air,APAC,Peak,0.978,76.06,91.94,25.635,27.744,0.771,100.844,62.883,8.276,1.657,Low
Storage,Air,ME,Night,0.601,54.579,68.42,17.041,21.759,0.768,55.477,29.896,2.719,1.622,Low
Compute,Air,APAC,Night,0.9,67.922,76.602,11.24,24.413,0.832,83.994,50.565,7.463,1.438,Medium
Compute,Air,APAC,Off-Peak,0.613,45.779,68.527,14.715,22.164,0.809,68.433,39.736,6.428,1.847,Low
Edge,Liquid,ME,Night,0.271,19.016,60.573,32.896,22.604,0.649,59.268,31.379,3.158,1.486,Low
Compute,Hybrid,EU,Peak,0.977,78.098,82.208,24.421,24.478,0.979,76.311,19.305,13.736,1.338,High
Storage,Air,APAC,Night,0.897,73.659,73.503,10.361,24.584,0.898,84.314,49.118,7.012,1.395,High
GPU,Hybrid,ME,Off-Peak,0.524,39.608,65.909,11.736,20.092,0.955,106.374,48.091,5.384,1.465,Medium
GPU,Air,NA,Night,0.319,30.468,57.224,6.287,23.365,0.992,120.518,46.564,14.872,1.175,High
Compute,Air,EU,Off-Peak,0.3,26.774,49.465,7.603,24.225,0.888,73.634,17.901,13.188,1.56,Medium
Compute,Air,APAC,Peak,0.825,69.371,48.17,15.112,26.474,0.921,89.743,53.433,6.895,1.561,Medium
Compute,Liquid,ME,Off-Peak,0.162,26.83,54.853,7.164,21.714,1.0,57.652,30.185,3.648,1.239,High
Storage,Air,APAC,Peak,0.674,54.5,62.559,30.157,24.06,0.936,63.352,39.543,5.999,1.347,High
Storage,Liquid,APAC,Off-Peak,0.676,59.36,93.597,10.754,15.0,1.0,71.142,44.445,6.085,1.157,High
Compute,Liquid,ME,Off-Peak,0.264,33.627,68.175,21.11,22.779,0.96,85.221,41.454,3.879,1.597,Medium
Edge,Liquid,EU,Peak,0.734,66.108,67.383,15.147,19.676,0.852,58.621,16.987,10.124,1.84,Low
Storage,Liquid,NA,Night,0.735,61.536,73.225,24.348,16.279,0.885,66.668,26.445,7.843,1.314,High
Compute,Hybrid,NA,Night,0.415,39.217,66.521,12.003,19.272,0.79,136.898,58.246,15.704,1.603,Low
Storage,Air,EU,Night,0.535,52.232,79.085,10.169,20.609,0.836,80.24,16.423,14.345,1.539,Medium
Storage,Air,EU,Off-Peak,0.849,64.658,64.932,31.033,34.488,0.821,68.431,13.671,12.82,1.36,High
Compute,Liquid,EU,Off-Peak,0.571,42.809,76.384,23.516,15.0,0.852,85.218,19.417,15.175,1.254,High
Compute,Liquid,EU,Off-Peak,0.656,52.432,56.38,11.15,20.388,0.819,114.468,27.227,20.408,1.529,Medium
GPU,Air,ME,Peak,0.471,44.784,60.728,12.185,28.004,0.893,129.502,65.9,6.58,1.77,Low
Storage,Air,NA,Night,0.235,32.408,45.056,6.754,21.11,0.873,53.109,18.517,6.16,1.464,Medium
Storage,Air,APAC,Night,0.998,74.577,54.802,18.245,23.086,0.832,75.89,46.34,6.542,1.592,Low
Storage,Air,ME,Off-Peak,0.578,52.664,96.956,25.578,22.07,0.626,77.149,39.996,4.495,1.7,Low
Compute,Air,EU,Night,0.403,41.033,68.504,15.524,18.634,0.755,91.212,25.276,16.88,1.248,High
Compute,Hybrid,EU,Off-Peak,0.742,58.807,71.259,15.855,22.223,0.772,74.503,17.755,14.152,1.128,High
Storage,Liquid,APAC,Off-Peak,0.659,48.265,59.559,14.623,17.21,0.906,71.465,43.092,5.379,1.44,Medium
Compute,Air,APAC,Night,0.31,26.841,77.09,13.606,18.936,0.796,58.172,32.82,4.167,1.575,Low
Compute,Liquid,NA,Off-Peak,0.889,64.827,77.778,14.191,18.843,1.0,90.088,39.22,10.417,1.146,High
GPU,Hybrid,NA,Off-Peak,0.164,16.653,55.712,4.08,17.833,0.966,88.6,32.898,10.796,1.66,Low
Edge,Air,NA,Peak,0.645,48.093,50.092,9.576,26.824,0.738,59.556,26.911,6.413,1.595,Low
GPU,Air,NA,Off-Peak,0.53,45.274,83.576,9.147,23.216,0.894,122.463,48.018,15.356,1.566,Medium
GPU,Liquid,NA,Off-Peak,0.386,34.397,61.394,9.901,23.592,1.0,122.294,50.195,14.424,1.447,High
Compute,Liquid,NA,Off-Peak,0.844,75.202,61.77,18.817,15.381,1.0,100.089,39.46,11.678,1.427,High
Edge,Air,EU,Off-Peak,0.691,57.838,65.496,17.946,23.883,0.675,49.849,10.946,9.684,1.557,Low
Compute,Hybrid,ME,Peak,0.784,60.072,95.625,24.552,22.762,0.715,79.354,40.405,4.232,1.63,Low
Edge,Air,EU,Off-Peak,0.473,41.097,80.065,25.947,26.153,0.759,40.413,9.189,6.477,1.411,Medium
Edge,Air,ME,Night,0.948,72.662,69.06,14.139,25.002,0.937,72.008,38.663,2.499,1.504,Medium
GPU,Air,APAC,Peak,0.41,32.226,98.0,7.556,23.811,0.767,78.27,45.27,6.679,1.42,Medium
Edge,Air,APAC,Peak,0.578,50.623,69.519,25.643,25.06,0.892,50.102,28.508,3.453,1.743,Low
Storage,Liquid,EU,Peak,0.94,71.765,51.824,22.978,19.454,0.92,76.364,23.032,14.097,1.606,Low
Compute,Hybrid,NA,Night,0.175,17.409,59.584,23.298,21.658,0.808,62.182,23.178,7.907,1.403,Medium
Storage,Air,APAC,Off-Peak,0.198,14.318,51.407,13.487,24.982,0.792,60.172,40.614,5.101,1.682,Low
Storage,Hybrid,ME,Night,0.995,73.716,84.344,15.043,17.964,0.765,74.204,40.097,2.975,1.354,Medium
Compute,Hybrid,EU,Off-Peak,0.974,85.898,74.257,35.357,17.743,0.913,118.515,32.631,21.737,1.331,High
Storage,Air,NA,Off-Peak,0.795,58.845,61.163,23.715,21.477,0.869,64.403,28.14,6.121,1.257,High
Edge,Liquid,APAC,Off-Peak,0.536,46.201,73.329,6.664,23.808,0.836,77.409,46.285,6.251,1.199,High
Compute,Air,NA,Peak,0.555,59.28,44.136,35.24,23.288,0.838,89.878,34.797,9.802,1.567,Low
GPU,Liquid,NA,Peak,0.331,33.498,65.056,20.069,19.503,0.989,92.101,37.882,11.515,1.31,High
Edge,Air,APAC,Off-Peak,0.489,42.148,98.0,8.181,20.759,0.803,63.127,38.484,5.133,1.398,Medium
Edge,Liquid,EU,Peak,0.488,46.818,81.952,18.108,22.467,1.0,83.325,23.238,14.595,1.368,High
Edge,Air,EU,Peak,0.132,9.926,40.183,10.88,22.514,0.954,58.848,16.031,11.631,1.329,High
Storage,Hybrid,ME,Peak,0.508,40.319,87.397,16.028,25.372,0.83,76.726,39.57,3.675,1.568,Low
Edge,Hybrid,EU,Peak,0.532,40.657,67.748,20.084,23.72,0.821,52.443,12.917,9.773,1.316,High
GPU,Air,EU,Peak,0.699,64.809,59.422,21.029,25.455,0.712,108.704,23.047,19.613,1.617,Low
Compute,Air,NA,Off-Peak,0.565,39.858,67.466,10.674,25.435,0.901,66.28,27.953,8.348,1.538,Medium
Storage,Air,NA,Peak,0.876,66.691,89.269,16.266,24.323,0.905,68.604,27.665,8.184,1.503,Medium
GPU,Liquid,APAC,Peak,0.431,0.319,55.775,26.749,25.108,0.98,99.121,59.198,7.525,1.368,High
Compute,Air,EU,Peak,0.469,38.775,41.743,5.932,24.524,0.932,58.377,12.808,11.512,1.477,Medium
Storage,Liquid,NA,Off-Peak,0.614,58.707,54.34,18.001,15.576,0.986,53.681,21.553,6.25,1.289,High
Storage,Air,NA,Off-Peak,0.282,25.729,61.913,24.743,22.562,0.798,55.511,19.865,6.789,1.549,Low
Compute,Air,EU,Night,0.454,43.546,49.857,8.427,17.333,0.915,100.535,23.313,18.241,1.429,Medium
Storage,Air,EU,Night,0.718,67.037,71.83,17.58,24.55,0.748,78.988,19.791,14.091,1.342,Medium
GPU,Air,EU,Peak,0.471,41.269,58.529,9.708,25.651,0.978,112.28,28.58,20.68,1.529,Medium
Storage,Liquid,EU,Peak,0.916,73.399,55.6,26.916,19.177,1.0,81.961,16.918,14.547,1.231,High
Compute,Hybrid,NA,Peak,0.654,55.676,75.883,15.408,25.16,0.934,86.524,32.014,9.948,1.534,Medium
Compute,Air,EU,Night,0.238,21.887,66.986,19.745,21.397,0.803,228.768,57.192,41.178,1.529,Low
Compute,Liquid,ME,Off-Peak,0.539,40.879,70.442,19.357,18.578,0.831,64.907,32.774,3.832,1.387,Medium
Edge,Air,NA,Peak,0.788,67.852,44.038,14.926,22.503,0.851,88.06,33.65,11.195,1.386,Medium
Compute,Liquid,EU,Peak,0.679,57.624,50.827,10.774,20.726,1.0,83.203,23.166,14.774,1.186,High
Storage,Air,EU,Off-Peak,0.897,69.423,82.844,12.898,18.28,0.915,77.705,20.673,14.229,1.29,High
Compute,Liquid,APAC,Peak,0.775,58.691,66.307,10.95,25.411,0.907,105.348,67.086,7.597,1.338,High
Compute,Hybrid,NA,Night,0.155,25.796,69.264,3.707,15.0,0.81,63.901,27.999,8.243,1.257,High
GPU,Air,ME,Off-Peak,0.201,14.914,44.79,14.749,25.296,0.791,93.329,46.388,3.828,1.292,High
GPU,Liquid,EU,Off-Peak,0.685,52.357,52.902,19.978,16.684,0.823,97.001,25.463,17.004,1.28,High
Compute,Air,APAC,Off-Peak,0.315,32.803,53.426,12.842,22.842,0.775,72.521,44.103,5.893,1.446,Medium
Storage,Air,NA,Peak,0.629,54.042,67.345,13.262,27.713,0.816,76.564,29.819,9.046,1.504,Medium
Compute,Air,APAC,Off-Peak,0.813,62.426,77.996,18.366,26.468,0.873,86.76,49.863,7.157,1.419,Medium
Storage,Air,APAC,Off-Peak,0.619,44.161,69.663,27.796,29.179,0.873,72.105,45.016,5.534,1.808,Low
Storage,Air,NA,Peak,0.474,36.677,71.8,14.095,28.833,0.896,49.2,19.861,4.684,1.713,Low
Compute,Air,NA,Off-Peak,0.682,62.888,76.059,12.507,21.413,0.574,83.778,29.95,9.183,1.441,Low
Compute,Air,EU,Night,0.229,22.831,49.952,13.637,19.162,0.883,55.716,14.112,10.61,1.337,High
Compute,Air,NA,Peak,0.751,63.457,88.448,15.057,26.575,0.873,108.646,44.461,13.741,1.839,Low
Edge,Liquid,APAC,Off-Peak,0.727,52.791,60.739,28.417,19.474,0.973,52.865,30.617,4.868,1.179,High
Edge,Hybrid,NA,Peak,0.563,48.681,51.574,7.336,22.376,0.895,57.387,24.667,6.585,1.554,Medium
Compute,Air,NA,Off-Peak,0.351,29.03,66.473,5.592,19.559,0.952,66.23,26.562,8.244,1.323,High
GPU,Air,EU,Peak,0.818,58.667,67.203,13.36,25.739,0.715,120.181,29.037,21.838,1.557,Low
Compute,Air,NA,Off-Peak,0.559,43.256,85.495,11.431,22.092,0.977,63.854,21.613,7.426,1.329,High
Compute,Hybrid,ME,Peak,0.153,23.557,53.178,10.271,26.363,0.752,72.034,38.612,3.801,1.78,Low
GPU,Liquid,APAC,Peak,0.927,74.174,62.259,15.414,25.428,1.0,120.33,70.585,9.948,1.367,High
Edge,Air,EU,Off-Peak,0.791,70.42,64.181,11.414,19.293,0.968,57.339,10.884,10.339,1.563,Medium
Edge,Air,APAC,Off-Peak,0.626,54.59,71.694,10.251,22.734,0.775,57.75,30.531,4.612,1.634,Low
Storage,Air,APAC,Night,0.493,45.002,70.029,9.834,20.249,0.971,59.523,32.482,4.195,1.219,High
Compute,Air,NA,Off-Peak,0.964,71.368,58.8,26.806,23.547,0.81,87.959,35.638,9.83,1.429,Medium
GPU,Hybrid,APAC,Off-Peak,0.798,65.897,73.257,20.025,20.02,0.867,107.168,66.585,8.496,1.424,Medium
Compute,Hybrid,NA,Off-Peak,0.581,50.881,59.845,8.285,23.286,0.834,107.437,42.186,13.121,1.378,Medium
Storage,Air,EU,Peak,0.688,57.396,66.247,21.037,23.467,0.972,64.023,13.047,12.715,1.584,Medium
Compute,Liquid,EU,Peak,0.353,30.218,58.374,6.807,23.87,0.853,98.957,23.551,17.87,1.56,Low
Storage,Air,APAC,Peak,0.276,25.602,66.164,25.289,24.394,0.749,75.206,46.388,6.597,1.539,Low
Compute,Air,NA,Peak,0.346,37.642,72.394,8.589,26.937,0.791,70.621,28.692,8.893,1.811,Low
Compute,Hybrid,NA,Peak,0.364,28.841,62.828,10.707,19.458,0.694,57.939,22.58,7.171,1.45,Medium
Edge,Liquid,EU,Night,0.766,64.404,92.099,15.145,16.585,0.935,74.504,16.467,13.401,1.462,Medium
Compute,Air,NA,Night,0.226,36.177,81.318,3.271,22.744,0.837,81.094,32.691,9.863,1.39,Medium
Storage,Air,APAC,Night,0.8,65.033,78.704,13.941,21.565,0.934,83.439,48.137,6.822,1.336,High
Compute,Hybrid,EU,Night,0.571,52.585,79.684,19.194,15.407,0.741,72.668,19.418,12.524,1.484,Medium
Compute,Liquid,NA,Off-Peak,0.446,41.55,48.073,28.754,19.751,0.828,76.743,31.362,9.034,1.355,High
Compute,Air,NA,Peak,0.37,27.919,61.81,6.242,16.565,0.936,120.305,43.731,14.063,1.255,High
Compute,Air,EU,Off-Peak,0.562,0.914,46.062,26.768,17.819,0.78,85.145,21.865,16.488,1.52,Low
GPU,Air,EU,Night,0.386,32.794,62.504,3.881,20.466,0.804,99.651,25.712,18.282,1.562,Low
Compute,Hybrid,NA,Off-Peak,0.487,40.543,58.385,6.734,17.457,0.919,73.704,31.437,8.367,1.351,High
Edge,Liquid,NA,Off-Peak,0.765,66.87,70.194,20.071,19.147,1.0,59.838,22.611,7.042,1.131,High
Storage,Air,NA,Peak,0.663,49.295,61.008,25.515,20.46,0.872,63.038,21.496,8.315,1.587,Low
Storage,Liquid,NA,Off-Peak,0.773,60.848,68.056,26.525,24.991,1.0,88.292,35.528,11.343,1.249,High
Storage,Liquid,EU,Peak,0.742,62.541,76.492,10.64,34.526,0.888,58.219,14.491,10.346,1.688,Low
Storage,Air,APAC,Peak,0.834,66.746,59.565,13.077,28.758,0.972,75.369,45.332,5.548,1.762,Low
GPU,Air,EU,Night,0.282,26.21,61.432,10.537,21.314,0.922,75.765,18.066,13.41,1.663,Low
Compute,Liquid,APAC,Peak,0.996,74.783,80.812,13.726,21.135,0.937,104.283,64.434,8.241,1.383,High
Compute,Liquid,NA,Night,0.528,41.042,59.362,8.986,16.176,0.812,86.001,35.676,9.832,1.527,Medium
GPU,Liquid,EU,Peak,0.746,61.604,53.337,14.611,23.845,1.0,119.255,33.122,20.853,1.733,Low
Edge,Hybrid,EU,Night,0.71,67.183,70.512,19.518,21.014,0.743,87.452,22.045,17.036,1.616,Low
GPU,Air,EU,Off-Peak,0.61,50.413,80.056,17.213,22.853,0.883,99.48,25.009,18.033,1.48,Medium
Storage,Air,EU,Off-Peak,0.996,79.664,81.679,25.579,23.417,0.85,76.562,20.046,13.458,1.506,Medium
GPU,Hybrid,APAC,Peak,0.296,22.472,51.261,24.403,27.109,0.756,100.756,61.63,7.353,1.715,Low
Storage,Air,EU,Off-Peak,0.48,33.697,57.49,10.482,23.073,0.917,77.368,22.873,14.318,1.338,High
Storage,Liquid,NA,Night,0.215,18.47,51.345,6.586,16.86,1.0,38.509,16.516,3.951,1.323,High
Compute,Liquid,EU,Peak,0.264,29.648,39.578,6.997,17.892,0.921,61.533,18.069,10.691,1.168,High
Storage,Liquid,APAC,Peak,0.742,56.366,98.0,31.209,21.366,0.804,73.919,42.28,6.195,1.227,High
Compute,Air,ME,Peak,0.104,11.899,60.337,3.245,25.167,0.918,44.649,21.471,2.036,1.465,Medium
Compute,Liquid,EU,Peak,0.901,66.924,86.282,15.586,24.397,1.0,75.438,16.597,13.285,1.415,High
GPU,Hybrid,EU,Peak,0.67,59.182,66.798,15.289,24.4,0.832,96.433,24.241,17.317,1.608,Low
Compute,Liquid,EU,Off-Peak,0.497,0.218,44.857,9.067,20.694,1.0,76.262,18.899,14.642,1.341,High
Compute,Air,APAC,Peak,0.398,39.922,73.116,15.731,28.722,0.644,76.459,46.805,6.025,1.608,Low
Compute,Air,ME,Off-Peak,0.214,34.794,82.263,12.169,19.942,0.911,78.233,40.563,3.321,1.387,High
Edge,Air,APAC,Night,0.929,73.274,58.682,18.023,22.798,0.972,79.455,46.871,6.141,1.512,Medium
Storage,Air,EU,Off-Peak,0.741,66.091,46.353,12.057,18.386,0.751,81.671,23.973,13.553,1.464,Medium
Storage,Air,NA,Peak,0.403,40.215,66.637,12.193,19.715,0.946,56.641,24.203,7.083,1.205,High
GPU,Hybrid,APAC,Off-Peak,0.164,23.405,89.513,14.895,19.228,0.804,93.83,54.461,7.361,1.384,Medium
GPU,Liquid,APAC,Peak,0.393,35.783,64.194,8.22,20.019,1.0,97.971,59.511,7.044,1.341,High
Compute,Liquid,APAC,Peak,0.266,43.427,48.66,7.984,15.643,0.983,69.37,37.895,6.057,1.377,High
Storage,Liquid,NA,Peak,0.808,70.593,91.119,19.766,18.506,0.927,110.702,44.364,14.816,1.442,Medium
GPU,Air,EU,Night,0.748,64.789,67.086,23.008,19.657,0.927,213.371,53.343,38.407,1.358,High
Storage,Hybrid,NA,Off-Peak,0.548,45.16,58.268,25.579,18.573,0.766,64.668,21.035,8.016,1.521,Low
Compute,Air,APAC,Peak,0.897,71.8,81.497,18.14,28.013,0.892,75.44,46.887,6.747,1.768,Low
GPU,Air,NA,Off-Peak,0.263,34.528,74.828,17.928,25.347,0.696,88.959,33.307,10.689,1.785,Low
Storage,Air,EU,Peak,0.507,45.927,41.41,12.901,24.261,0.769,54.042,15.379,9.714,1.429,Medium
Compute,Hybrid,NA,Night,0.74,62.855,77.126,13.953,20.653,0.76,79.894,28.285,9.211,2.366,Medium
Storage,Hybrid,NA,Night,0.161,19.983,42.022,21.636,19.625,0.898,70.76,27.466,7.684,1.306,High
Compute,Air,EU,Peak,0.435,41.804,48.89,11.307,19.987,0.825,63.971,17.084,11.683,1.228,High
Compute,Hybrid,NA,Peak,0.614,51.443,78.677,23.299,26.516,0.802,75.891,31.062,9.355,1.554,Low
GPU,Air,EU,Off-Peak,0.43,44.356,60.557,9.017,24.808,0.715,129.749,29.169,23.389,1.578,Low
Compute,Air,ME,Off-Peak,0.532,47.403,53.1,29.334,21.458,0.752,90.377,47.041,3.982,1.495,Medium
Storage,Hybrid,ME,Peak,0.647,52.435,81.781,8.906,29.079,0.967,71.733,37.753,3.727,1.35,High
Storage,Hybrid,NA,Off-Peak,0.432,44.696,72.396,24.236,18.945,0.638,70.195,26.019,8.148,1.405,Medium
Compute,Liquid,APAC,Peak,0.195,20.963,59.546,4.58,18.413,0.961,49.74,30.353,4.164,1.505,Medium
Edge,Liquid,NA,Off-Peak,0.226,26.712,51.425,6.53,21.468,1.0,46.786,18.293,6.047,1.368,High
Compute,Hybrid,ME,Peak,0.574,48.172,58.481,23.619,21.175,0.747,67.759,36.982,3.125,1.456,Medium
Compute,Liquid,APAC,Off-Peak,0.257,23.083,36.998,10.528,20.349,0.932,60.757,34.929,5.521,1.385,High
Compute,Hybrid,NA,Off-Peak,0.901,71.505,98.0,26.469,15.0,0.834,85.734,34.358,10.92,1.381,Medium
Compute,Liquid,EU,Off-Peak,0.851,64.874,75.16,9.299,19.808,0.896,78.12,19.882,13.199,1.254,High
Compute,Hybrid,NA,Off-Peak,0.414,41.955,47.528,10.763,21.15,0.784,61.921,26.961,6.568,1.316,High
GPU,Hybrid,APAC,Off-Peak,0.848,63.583,98.0,19.958,23.757,0.929,102.933,66.595,8.312,1.435,Medium
Edge,Air,EU,Peak,0.58,50.313,63.138,22.526,21.69,0.853,54.725,12.104,8.598,1.106,High
Compute,Hybrid,EU,Peak,0.243,27.784,70.329,5.716,25.03,0.906,53.719,12.929,9.029,1.214,High
Storage,Air,EU,Peak,0.653,62.614,59.523,11.015,24.53,0.894,109.267,25.826,20.325,1.462,Medium
GPU,Air,ME,Peak,0.712,54.362,67.537,22.815,26.446,0.983,89.563,45.829,5.569,1.571,Medium
GPU,Liquid,ME,Off-Peak,0.176,13.593,57.052,4.727,18.494,1.0,137.762,67.839,6.907,1.431,High
Storage,Air,EU,Peak,0.383,40.257,69.94,21.489,24.281,0.694,85.527,18.135,15.66,1.736,Low
Compute,Liquid,APAC,Peak,0.105,20.141,74.04,28.136,20.637,0.965,68.088,41.6,4.408,1.259,High
Compute,Hybrid,APAC,Night,0.385,29.23,56.935,5.646,18.717,0.883,73.392,40.992,6.411,1.091,High
GPU,Air,APAC,Off-Peak,0.402,38.697,61.157,8.355,17.084,0.63,129.988,77.533,10.091,1.28,Medium
GPU,Air,NA,Off-Peak,0.667,48.389,90.203,8.212,22.722,0.825,112.363,44.826,13.345,1.732,Low
Compute,Hybrid,NA,Peak,0.279,33.294,67.82,17.813,20.509,0.923,67.852,27.981,8.569,1.56,Medium
Compute,Air,NA,Peak,0.127,16.762,56.729,7.987,24.967,0.87,62.465,24.491,7.651,1.724,Low
Edge,Air,EU,Off-Peak,0.384,44.16,78.417,27.093,28.322,0.979,71.842,19.054,13.563,1.548,Medium
GPU,Air,NA,Night,0.843,67.122,67.881,23.984,24.596,0.895,171.278,67.962,20.04,1.502,Medium
Edge,Liquid,EU,Peak,0.459,33.976,57.231,25.753,22.336,1.0,68.346,12.992,12.455,1.522,Medium
GPU,Liquid,EU,Off-Peak,0.474,43.174,68.831,35.05,15.0,0.913,98.246,26.715,18.181,1.34,High
Compute,Hybrid,EU,Night,0.522,37.179,66.888,8.664,16.471,0.799,60.742,17.409,11.667,1.268,High
Storage,Air,EU,Off-Peak,0.777,60.785,64.099,18.756,21.559,0.829,88.12,22.068,15.964,1.388,Medium
Storage,Hybrid,NA,Off-Peak,0.532,48.469,70.577,14.987,23.757,0.935,60.185,23.197,7.332,1.201,High
Compute,Liquid,APAC,Off-Peak,0.182,14.848,34.975,4.82,20.485,0.863,68.404,34.689,6.087,1.418,Medium
Storage,Air,ME,Night,0.286,29.774,52.786,6.727,25.161,0.918,51.661,27.402,2.378,1.474,Medium
GPU,Liquid,EU,Off-Peak,0.269,24.255,39.735,8.395,20.5,0.965,111.561,25.366,20.358,1.05,High
Compute,Liquid,APAC,Night,0.557,54.84,48.617,18.909,19.091,0.958,223.49,134.094,17.879,1.498,Medium
GPU,Liquid,NA,Off-Peak,0.127,22.327,32.754,7.22,20.054,0.913,94.073,38.081,11.369,1.475,Medium
Storage,Air,APAC,Night,0.355,29.101,59.966,10.221,21.705,0.776,46.458,28.082,3.751,1.766,Low
Edge,Air,NA,Night,0.646,49.354,59.451,19.899,16.055,0.824,106.211,44.811,12.131,1.213,High
Compute,Air,EU,Off-Peak,0.419,39.732,68.882,22.4,21.699,0.885,64.171,16.964,11.235,1.526,Medium
Compute,Air,NA,Off-Peak,0.737,66.572,76.178,17.686,25.47,0.885,91.019,35.42,10.354,1.34,High
Storage,Liquid,EU,Off-Peak,0.452,53.182,83.219,14.062,23.577,1.0,70.478,15.707,13.051,1.309,High
Compute,Air,NA,Off-Peak,0.981,76.585,63.519,19.472,21.842,0.839,89.165,37.442,9.976,1.55,Low
GPU,Liquid,EU,Night,0.969,72.926,77.555,24.213,19.973,0.909,126.349,29.798,22.458,1.547,Medium
GPU,Air,NA,Peak,0.82,63.541,67.238,25.912,23.373,0.763,111.208,48.235,12.699,1.474,Medium
Compute,Air,APAC,Off-Peak,0.959,1.019,79.775,18.697,21.871,0.779,112.41,69.994,9.602,1.41,Medium
Storage,Liquid,EU,Off-Peak,0.284,24.362,64.435,12.3,15.0,0.902,59.074,15.34,10.167,1.185,High
Storage,Air,NA,Off-Peak,0.776,66.034,65.613,18.759,26.817,0.738,64.34,26.039,7.026,1.891,Low
Compute,Hybrid,NA,Off-Peak,0.389,36.33,61.763,13.316,22.0,0.854,65.92,26.064,7.597,1.505,Medium
Edge,Air,APAC,Peak,0.753,60.611,48.865,15.4,22.969,0.922,187.184,112.31,14.975,1.616,Low
GPU,Air,NA,Off-Peak,0.437,36.957,71.481,7.034,28.29,0.753,106.897,41.967,13.308,1.663,Low
Storage,Hybrid,EU,Night,0.36,39.863,33.303,39.509,18.709,0.839,73.175,20.308,13.017,1.226,High
GPU,Liquid,EU,Night,0.963,69.248,81.207,19.081,21.233,1.0,109.371,29.536,19.336,1.326,High
Storage,Air,NA,Peak,0.289,27.208,39.75,18.213,20.892,0.818,65.41,24.157,7.809,1.57,Low
Edge,Air,NA,Off-Peak,0.783,63.836,81.391,11.389,26.599,0.9,80.997,33.925,9.672,1.721,Low
Storage,Liquid,EU,Night,0.707,64.669,75.791,8.377,19.9,1.0,80.713,22.811,14.076,1.292,High
GPU,Hybrid,NA,Off-Peak,0.373,29.903,53.204,7.186,20.761,0.75,123.816,51.366,13.961,1.484,Medium
GPU,Hybrid,NA,Off-Peak,0.513,42.443,36.124,17.051,19.818,0.812,107.644,44.453,12.875,1.335,High
Compute,Air,NA,Peak,0.229,21.653,65.768,10.126,37.206,0.975,87.793,33.324,10.83,1.418,High
GPU,Hybrid,NA,Off-Peak,0.929,73.556,52.067,13.315,24.349,0.87,120.915,48.683,14.527,1.358,High
Compute,Air,NA,Off-Peak,0.971,76.208,87.357,35.16,20.956,0.874,101.568,42.711,12.0,1.326,High
Compute,Air,ME,Off-Peak,0.759,65.986,49.809,12.535,16.135,0.631,111.203,56.962,5.965,1.684,Low
Compute,Hybrid,EU,Off-Peak,0.864,69.824,50.187,14.174,24.572,0.862,69.922,15.292,13.936,1.55,Medium
Edge,Air,APAC,Off-Peak,0.174,20.242,53.658,13.844,23.908,0.729,32.159,19.267,2.446,1.756,Low
GPU,Air,NA,Night,0.446,38.631,41.573,11.451,20.298,0.765,135.084,50.768,16.129,1.479,Medium
GPU,Air,NA,Off-Peak,0.398,34.044,59.347,6.553,22.05,0.741,89.115,34.059,11.209,1.531,Low
GPU,Air,APAC,Off-Peak,0.608,60.154,40.54,13.55,30.292,0.745,120.922,74.287,9.713,1.74,Low
Storage,Liquid,EU,Night,0.265,32.545,63.71,15.857,16.194,0.944,75.283,20.208,13.671,1.162,High
Edge,Liquid,NA,Night,0.607,49.93,54.537,23.638,15.941,0.944,52.555,21.734,6.546,1.365,High
Storage,Air,EU,Night,0.689,56.646,98.0,9.804,20.073,0.879,69.526,16.162,12.042,1.555,Medium
Compute,Liquid,EU,Off-Peak,0.219,17.067,61.22,11.675,16.951,1.0,65.934,14.869,11.823,1.321,High
Compute,Hybrid,APAC,Off-Peak,0.219,23.628,63.152,10.768,19.912,0.927,62.082,41.487,6.201,1.688,Low
GPU,Hybrid,NA,Peak,0.132,13.135,58.426,6.883,23.961,0.898,86.107,35.707,9.98,1.584,Low
GPU,Air,EU,Peak,0.785,59.941,43.702,9.116,23.63,0.843,147.67,35.949,26.558,1.714,Low
Compute,Hybrid,APAC,Off-Peak,0.398,29.936,66.109,27.471,15.532,0.911,67.61,42.384,5.318,1.424,Medium
Compute,Liquid,ME,Off-Peak,0.303,23.928,27.667,8.731,15.0,0.932,66.213,30.858,3.103,1.05,High
GPU,Air,APAC,Peak,0.8,66.456,98.0,18.369,26.782,0.762,117.907,69.662,9.176,1.434,Medium
Compute,Air,NA,Night,0.229,18.009,30.95,10.473,17.442,0.76,133.068,49.404,15.45,1.431,Medium
GPU,Air,APAC,Off-Peak,0.484,46.479,43.622,22.509,36.83,0.896,89.915,58.128,7.161,1.667,Low
Edge,Liquid,APAC,Off-Peak,0.77,60.191,79.381,24.136,22.725,1.0,57.986,33.641,4.577,1.398,High
Storage,Air,APAC,Off-Peak,0.616,50.76,78.919,12.237,24.645,0.951,66.848,37.746,5.41,1.24,High
Compute,Liquid,APAC,Peak,0.599,56.586,87.121,8.609,21.371,1.0,69.042,41.752,4.835,1.269,High
GPU,Air,ME,Night,0.242,28.519,79.824,14.062,21.176,0.847,93.545,47.632,4.402,1.601,Low
GPU,Hybrid,NA,Peak,0.263,22.408,45.398,8.699,23.374,0.802,100.246,42.093,12.204,1.145,High
Storage,Air,NA,Off-Peak,0.624,45.883,37.113,21.072,22.799,0.93,64.287,26.239,8.541,1.308,High
Edge,Hybrid,APAC,Off-Peak,0.121,10.816,61.295,2.872,17.469,0.837,30.609,18.465,2.646,1.362,High
Compute,Hybrid,NA,Off-Peak,0.882,73.868,55.617,13.175,20.529,0.814,84.652,32.718,10.547,1.495,Medium
Storage,Air,NA,Off-Peak,0.415,37.267,55.368,7.511,25.659,0.846,47.562,19.26,6.6,1.455,Medium
GPU,Air,EU,Peak,0.475,39.42,63.035,10.19,28.24,0.839,96.622,26.736,16.599,1.845,Low
GPU,Air,APAC,Peak,0.333,34.508,81.965,13.088,24.32,0.741,150.657,89.364,11.945,1.586,Low
Compute,Hybrid,NA,Off-Peak,0.889,68.772,81.163,16.571,22.463,0.866,98.121,38.039,11.313,1.22,High
GPU,Liquid,EU,Off-Peak,0.678,51.704,61.135,7.599,20.229,1.0,108.481,26.679,19.316,1.456,Medium
Storage,Air,NA,Off-Peak,0.505,41.664,50.888,9.252,23.345,0.732,50.473,20.094,6.551,1.516,Low
Compute,Air,NA,Peak,0.627,47.706,49.331,11.219,25.483,0.796,57.247,21.098,6.131,1.482,Medium
Compute,Air,NA,Peak,0.442,37.598,98.0,21.101,25.557,0.895,63.597,25.29,6.953,1.421,Medium
GPU,Hybrid,NA,Off-Peak,0.519,45.594,59.723,12.983,20.782,0.924,98.179,37.594,11.75,1.319,High
Compute,Liquid,APAC,Off-Peak,0.422,40.974,70.826,19.117,18.946,1.0,78.497,46.189,6.824,1.54,Medium
Compute,Hybrid,APAC,Peak,0.47,40.029,81.259,10.656,25.212,0.809,73.636,44.404,6.813,1.517,Medium
Compute,Air,APAC,Off-Peak,0.383,36.774,64.318,5.524,20.555,0.906,73.825,42.541,5.924,1.381,High
GPU,Air,NA,Peak,0.17,14.967,71.981,36.358,21.06,0.983,92.696,36.249,10.788,1.185,High
Storage,Hybrid,EU,Off-Peak,0.134,13.278,51.777,28.354,18.893,0.894,37.056,7.784,6.547,1.617,Low
GPU,Air,NA,Peak,0.257,19.011,77.301,19.455,24.334,0.644,80.32,30.409,8.964,1.88,Low
Compute,Hybrid,NA,Night,0.326,30.147,79.59,14.681,19.09,0.851,82.523,32.932,10.088,1.292,High
Storage,Air,EU,Peak,0.901,65.406,58.888,14.66,25.64,0.84,76.701,21.739,13.552,1.608,Low
Storage,Air,APAC,Off-Peak,0.65,52.807,65.515,13.928,21.166,0.886,73.774,42.49,4.817,1.483,Medium
GPU,Liquid,NA,Night,0.962,79.475,81.822,25.187,22.337,0.994,110.212,43.174,12.429,1.431,High
Edge,Hybrid,NA,Peak,0.406,42.527,68.622,8.138,24.706,0.793,40.746,12.32,5.141,1.52,Medium
Compute,Hybrid,ME,Off-Peak,0.462,35.605,64.406,8.743,19.917,0.919,69.355,39.189,4.494,1.371,High
Storage,Air,EU,Peak,0.748,62.815,81.646,14.389,23.877,0.945,60.251,11.541,10.86,1.491,Medium
Compute,Air,ME,Peak,0.62,51.959,90.388,29.237,24.531,0.73,103.631,50.506,5.14,1.665,Low
Storage,Liquid,ME,Off-Peak,0.575,46.366,39.997,16.194,21.043,0.99,74.253,38.291,2.901,1.324,High
Compute,Liquid,EU,Night,0.618,50.632,55.014,16.892,21.227,0.9,64.954,18.905,11.655,1.647,Low
Compute,Liquid,NA,Off-Peak,0.626,56.304,44.114,16.754,23.823,0.88,124.426,49.267,14.847,1.74,Low
Compute,Air,APAC,Off-Peak,0.789,69.023,90.211,14.326,25.216,0.777,85.378,52.454,6.735,1.691,Low
Storage,Hybrid,NA,Off-Peak,0.701,72.064,71.363,10.043,18.493,0.772,79.769,29.758,9.823,1.335,High
Compute,Liquid,NA,Off-Peak,0.962,80.203,70.636,10.953,23.227,0.964,97.007,39.045,11.245,1.592,Medium
GPU,Hybrid,APAC,Off-Peak,0.953,75.387,69.895,20.431,20.452,0.593,120.44,71.761,9.556,1.522,Low
Storage,Liquid,EU,Peak,0.48,44.554,45.026,7.392,34.194,0.956,79.344,22.353,14.226,1.126,High
Compute,Air,NA,Peak,0.132,17.316,63.989,7.251,25.218,0.85,81.243,32.641,10.806,1.635,Low
GPU,Hybrid,EU,Off-Peak,0.11,26.921,79.422,9.109,19.061,0.585,86.052,21.707,14.986,1.752,Low
Compute,Liquid,APAC,Night,0.211,23.688,70.316,4.479,16.776,0.911,56.022,33.976,5.056,1.173,High
Storage,Hybrid,NA,Peak,0.167,12.638,48.167,10.874,20.733,0.701,42.975,18.451,4.552,1.4,Medium
Storage,Hybrid,NA,Off-Peak,0.436,42.155,48.251,16.959,24.357,0.909,51.592,19.063,6.488,1.665,Low
Compute,Liquid,NA,Peak,0.148,15.677,66.218,24.982,17.376,0.916,63.099,25.767,7.955,1.261,High
Compute,Liquid,NA,Peak,0.662,51.868,53.668,10.659,25.611,0.938,75.444,27.977,8.702,1.693,Low
Compute,Air,APAC,Off-Peak,0.271,21.097,53.265,11.228,24.723,0.749,68.922,40.436,5.668,1.454,Medium
Edge,Air,APAC,Off-Peak,0.563,55.107,51.727,10.037,23.557,0.826,60.609,34.112,5.465,1.436,Medium
Storage,Air,EU,Off-Peak,0.193,25.608,62.592,25.198,20.981,0.842,58.325,9.955,10.679,1.567,Low
Storage,Air,NA,Peak,0.845,63.121,50.592,13.517,30.36,0.84,80.634,33.729,9.256,1.42,Medium
Storage,Air,NA,Night,0.802,64.172,98.0,16.242,26.284,0.882,65.599,24.921,8.272,1.687,Low
Compute,Air,NA,Peak,0.448,44.415,51.023,9.079,25.617,0.766,85.058,29.348,9.729,1.634,Low
Storage,Air,NA,Off-Peak,0.92,71.479,52.992,14.3,20.221,0.979,83.149,36.108,9.975,1.566,Medium
GPU,Air,NA,Off-Peak,0.267,26.699,93.357,4.291,21.187,0.747,94.871,35.651,10.858,1.268,High
Compute,Air,EU,Off-Peak,0.833,68.374,60.078,10.805,22.877,0.802,73.317,14.319,13.268,1.749,Low
Compute,Air,NA,Night,0.591,47.927,68.665,18.559,18.723,0.908,79.096,30.803,9.719,1.543,Medium
Compute,Liquid,APAC,Off-Peak,0.397,36.82,85.482,24.764,18.742,0.956,65.909,36.915,4.791,1.342,High
Storage,Liquid,APAC,Peak,0.176,24.485,46.114,18.876,18.345,0.81,44.428,26.219,4.037,1.633,Low
Edge,Air,EU,Peak,0.254,24.407,40.013,24.147,23.839,0.836,54.447,14.364,9.1,1.247,High
Compute,Liquid,NA,Peak,0.877,67.181,61.617,16.203,22.047,0.858,84.67,33.526,9.728,1.416,Medium
Storage,Hybrid,APAC,Peak,0.646,54.143,53.654,26.917,21.997,0.767,66.816,40.418,4.825,1.343,Medium
Compute,Air,ME,Night,0.313,33.392,98.0,19.65,19.505,0.906,66.112,36.083,3.824,1.541,Medium
Edge,Liquid,NA,Peak,0.546,52.592,74.609,11.277,20.326,1.0,52.882,21.417,6.3,1.171,High
Compute,Hybrid,APAC,Off-Peak,0.197,31.43,59.575,10.962,18.928,0.692,114.105,68.478,8.917,1.664,Low
Storage,Hybrid,APAC,Off-Peak,0.189,27.378,64.004,10.291,19.18,0.827,56.307,30.82,4.054,1.648,Low
GPU,Air,EU,Night,0.917,75.906,57.642,22.417,28.101,0.894,103.458,24.369,19.201,1.506,Medium
GPU,Liquid,NA,Off-Peak,0.512,44.714,66.385,7.106,17.129,0.906,147.647,60.169,16.459,1.508,Medium
Storage,Air,EU,Off-Peak,0.425,41.157,59.862,11.941,24.086,0.779,66.359,17.571,11.995,1.553,Low
Compute,Liquid,EU,Peak,0.954,78.749,82.309,13.163,18.202,0.881,91.623,27.155,16.097,1.393,High
Compute,Hybrid,EU,Off-Peak,0.459,40.146,56.069,7.772,15.62,0.75,70.415,16.031,12.746,1.444,Medium
Compute,Liquid,ME,Peak,0.403,0.851,53.213,7.313,18.737,0.889,60.045,28.707,3.377,1.387,High
Compute,Hybrid,APAC,Night,0.346,38.83,39.009,8.582,18.789,0.9,73.527,44.1,5.614,1.471,Medium
Storage,Air,NA,Peak,0.609,53.548,98.0,25.07,22.761,0.781,57.376,23.253,7.135,1.486,Medium
Compute,Hybrid,EU,Peak,0.603,52.486,72.272,18.625,17.997,0.731,86.025,22.955,15.147,1.541,Low
Compute,Liquid,EU,Off-Peak,0.115,20.227,44.904,19.313,17.652,1.0,92.801,25.313,16.841,1.239,High
Storage,Air,NA,Off-Peak,0.689,51.222,61.525,44.135,23.139,0.778,63.548,26.328,6.755,1.477,Medium
Edge,Liquid,NA,Off-Peak,0.809,62.605,58.092,13.268,21.1,0.925,58.464,23.486,6.913,1.588,Low
Storage,Air,ME,Peak,0.654,50.132,98.0,7.175,24.736,0.775,81.501,41.146,2.969,1.855,Low
Compute,Air,EU,Peak,0.883,75.378,73.517,24.662,22.581,0.854,76.463,19.175,14.943,1.587,Low
Compute,Hybrid,NA,Peak,0.349,36.616,51.662,18.734,26.397,0.856,69.998,26.317,7.659,1.519,Medium
Edge,Air,NA,Off-Peak,0.273,30.788,77.648,4.676,28.689,0.797,45.598,17.617,4.116,1.638,Low
Compute,Liquid,EU,Off-Peak,0.728,56.499,23.776,18.386,34.059,0.987,96.769,23.05,16.69,1.411,High
Compute,Air,EU,Off-Peak,0.27,27.812,59.388,26.363,27.271,0.651,71.004,15.187,12.535,1.794,Low
Storage,Air,NA,Off-Peak,0.182,24.431,44.018,4.247,25.143,0.881,65.862,24.883,7.687,1.622,Low
Storage,Hybrid,EU,Off-Peak,0.187,22.032,49.949,12.964,26.792,0.861,67.169,18.264,11.756,1.514,Medium
Storage,Air,NA,Night,0.792,56.529,76.701,18.233,21.421,0.894,77.138,30.531,8.674,1.662,Low
Compute,Liquid,NA,Peak,0.126,23.478,40.457,12.202,23.65,0.979,74.885,31.113,9.622,1.52,Medium
Compute,Liquid,EU,Off-Peak,0.361,31.076,68.756,7.354,23.028,0.828,83.383,19.383,15.059,2.297,Low
Edge,Liquid,NA,Off-Peak,0.216,28.468,44.11,9.049,19.179,0.98,68.066,27.541,8.556,1.378,High
Compute,Hybrid,APAC,Peak,0.779,58.997,49.439,15.154,25.173,0.77,78.068,49.953,6.247,1.659,Low
Storage,Liquid,NA,Off-Peak,0.553,47.38,54.735,13.075,19.29,0.888,70.567,28.629,8.532,1.292,High
GPU,Air,EU,Peak,0.285,25.664,71.591,14.027,23.029,0.898,102.127,28.21,17.43,1.377,High
Storage,Hybrid,NA,Peak,0.775,60.161,79.618,10.612,18.814,0.64,65.599,28.652,7.771,1.49,Low
Compute,Air,NA,Off-Peak,0.775,58.643,64.688,16.068,26.665,0.874,84.118,33.046,9.645,1.674,Low
Compute,Liquid,APAC,Peak,0.571,45.071,67.067,19.65,25.66,0.956,82.907,44.723,7.511,1.421,High
Storage,Hybrid,EU,Peak,0.348,27.697,87.403,8.907,22.531,0.894,71.34,14.513,13.363,1.647,Low
GPU,Liquid,APAC,Off-Peak,0.628,60.788,83.014,24.191,16.521,0.919,128.11,76.352,10.677,1.31,High
Edge,Hybrid,EU,Off-Peak,0.94,77.04,64.05,28.998,22.683,0.991,73.066,19.496,12.921,1.449,High
Compute,Liquid,EU,Peak,0.146,19.812,29.544,12.936,22.221,0.842,57.401,9.764,10.414,1.41,Medium
Compute,Hybrid,APAC,Peak,0.34,30.245,72.278,12.659,18.472,0.744,44.266,23.867,4.009,1.607,Low
Edge,Hybrid,EU,Off-Peak,0.356,34.766,55.494,39.038,25.27,0.861,61.279,18.032,11.526,1.557,Low
GPU,Air,EU,Off-Peak,0.669,50.952,39.62,24.204,21.131,0.851,96.596,27.384,17.42,1.434,Medium
GPU,Air,APAC,Night,0.686,54.759,70.952,25.009,20.104,0.69,92.742,51.5,8.444,1.378,Medium
Compute,Air,ME,Peak,0.286,21.08,67.702,10.356,22.952,0.832,70.035,35.226,3.807,1.454,Medium
Storage,Liquid,NA,Peak,0.294,34.58,46.07,12.971,17.94,1.0,70.802,29.493,8.534,1.231,High
GPU,Air,EU,Peak,0.935,68.973,97.211,16.444,19.159,0.755,126.574,26.996,22.948,1.598,Low
Storage,Air,NA,Off-Peak,0.781,67.716,69.63,9.109,23.492,0.917,80.495,30.55,9.219,1.409,High
Storage,Air,NA,Off-Peak,0.941,78.931,78.86,14.242,19.583,0.905,79.202,33.078,9.617,1.643,Low
Compute,Hybrid,EU,Off-Peak,0.847,63.005,54.03,19.753,22.912,0.897,83.428,17.45,15.07,1.524,Medium
Storage,Liquid,APAC,Off-Peak,0.462,36.929,64.898,8.419,18.944,0.88,69.323,42.933,5.545,2.444,Medium
Compute,Air,EU,Off-Peak,0.21,21.374,51.778,14.4,22.62,0.85,71.635,18.771,12.726,1.432,Medium
Storage,Air,APAC,Night,0.667,53.441,98.0,18.114,20.17,0.728,66.403,41.646,4.357,1.416,Medium
Edge,Air,NA,Peak,0.417,41.922,55.146,18.272,26.519,0.882,53.044,21.051,5.976,1.567,Low
Compute,Air,EU,Peak,0.483,39.319,61.478,14.904,25.317,0.729,72.02,14.77,13.486,1.743,Low
GPU,Air,ME,Peak,0.483,46.622,45.209,9.215,28.934,0.801,93.344,46.509,3.872,1.599,Low
Compute,Hybrid,NA,Peak,0.943,68.639,95.438,22.153,20.549,0.803,74.573,27.814,9.166,1.627,Low
Storage,Hybrid,NA,Night,0.162,16.332,49.909,4.703,25.085,0.882,44.118,16.407,4.954,1.401,Medium
Edge,Air,EU,Peak,0.274,24.533,38.572,8.71,29.718,0.832,45.335,11.789,8.379,1.612,Low
Compute,Air,APAC,Off-Peak,0.647,55.21,77.251,16.062,26.495,0.932,85.692,52.78,6.691,1.555,Medium
Compute,Air,EU,Peak,0.895,69.018,82.901,23.562,24.295,0.668,66.388,13.99,11.685,1.902,Low
Storage,Air,EU,Peak,0.926,76.237,63.001,18.96,27.672,0.905,89.141,20.835,16.211,1.42,Medium
Compute,Air,EU,Peak,0.603,43.588,47.656,27.782,26.699,0.609,83.43,20.768,15.585,1.863,Low
GPU,Air,NA,Peak,0.131,26.949,55.24,30.798,22.844,0.858,80.13,30.704,9.657,1.521,Medium
Edge,Air,APAC,Off-Peak,0.427,42.84,54.897,19.009,20.504,0.762,54.467,30.783,4.484,1.273,High
Storage,Liquid,NA,Night,0.927,70.982,66.759,22.956,16.541,0.924,57.579,21.207,7.169,1.384,High
Compute,Liquid,NA,Off-Peak,0.55,46.155,72.234,10.249,15.0,0.96,85.468,30.85,11.001,1.224,High
Storage,Liquid,EU,Off-Peak,0.754,73.639,78.917,15.381,16.86,0.845,91.63,25.37,16.331,1.547,Medium
GPU,Air,APAC,Peak,0.342,26.359,61.667,10.856,23.717,0.816,94.584,55.942,7.702,1.617,Low
Compute,Hybrid,APAC,Night,0.123,24.538,38.536,2.206,20.125,0.898,60.207,36.306,5.607,1.468,Medium
Storage,Hybrid,APAC,Peak,0.621,53.032,34.839,11.445,24.037,0.889,96.467,58.117,7.564,1.781,Low
Storage,Air,NA,Night,0.851,68.624,70.463,17.06,15.878,0.801,82.729,34.94,10.216,1.415,Medium
Storage,Air,NA,Off-Peak,0.991,76.771,42.724,17.574,27.472,0.914,211.135,84.136,25.586,1.518,Medium
Compute,Liquid,NA,Peak,0.862,62.893,60.152,9.046,17.014,0.899,119.357,49.53,14.374,1.617,Low
GPU,Air,APAC,Off-Peak,0.599,56.09,69.818,15.159,18.061,0.806,110.455,65.739,8.742,1.612,Low
Compute,Air,APAC,Night,0.648,57.028,70.504,9.963,22.998,0.915,66.851,39.315,5.33,1.434,Medium
Compute,Liquid,ME,Peak,0.842,65.467,67.977,12.281,24.492,0.925,96.519,46.895,5.176,1.452,Medium
GPU,Liquid,NA,Peak,0.118,13.651,57.255,16.789,21.287,0.868,92.592,34.669,11.233,1.491,Medium
GPU,Air,EU,Peak,0.956,75.537,79.736,12.894,26.478,0.876,117.27,27.915,20.689,1.594,Low
Compute,Liquid,EU,Off-Peak,0.578,54.347,44.654,10.98,21.16,0.718,70.489,21.784,13.128,1.517,Low
Compute,Hybrid,APAC,Peak,0.957,70.79,57.439,23.307,23.102,0.942,78.331,48.167,6.713,1.318,High
Compute,Air,EU,Off-Peak,0.788,59.847,77.233,10.132,24.086,0.852,85.305,25.553,14.858,1.44,Medium
Compute,Liquid,APAC,Night,0.237,30.764,63.361,11.422,15.595,0.78,64.031,40.566,5.537,1.245,High
Compute,Air,NA,Night,0.249,20.796,53.422,10.841,20.339,0.896,103.035,40.996,13.586,1.373,High
Compute,Air,NA,Peak,0.418,39.051,76.188,10.652,27.188,0.706,103.754,42.49,12.486,1.85,Low
Storage,Liquid,NA,Off-Peak,0.338,27.373,81.392,10.6,22.716,0.899,66.431,25.793,6.983,1.457,Medium
GPU,Air,NA,Peak,0.495,46.079,52.855,18.723,24.363,0.944,133.308,57.386,15.276,1.093,High
Storage,Air,NA,Off-Peak,0.644,47.311,80.694,18.117,20.408,0.819,73.652,31.495,9.272,1.223,High
Storage,Air,NA,Night,0.493,50.984,58.206,33.254,29.01,0.865,180.141,72.057,21.617,1.555,Medium
Compute,Liquid,NA,Off-Peak,0.151,12.537,29.913,11.849,19.837,0.869,52.929,22.726,6.137,1.179,High
Edge,Liquid,EU,Night,0.978,72.951,75.818,20.087,15.0,0.934,75.917,21.175,12.956,1.432,Medium
GPU,Air,APAC,Night,0.483,37.311,78.662,12.476,19.411,0.889,90.872,55.152,6.941,1.611,Low
GPU,Liquid,APAC,Peak,0.866,68.486,61.778,26.311,15.0,0.835,147.204,85.414,11.778,1.442,Medium
GPU,Air,NA,Off-Peak,0.167,32.666,75.382,13.921,23.537,0.763,113.378,45.777,13.534,1.541,Low
Edge,Liquid,NA,Peak,0.829,67.504,67.29,10.533,21.544,0.9,63.964,26.296,7.858,1.423,Medium
Storage,Air,NA,Peak,0.256,26.334,69.676,6.024,25.112,0.891,63.399,27.767,7.701,1.468,Medium
Compute,Liquid,ME,Peak,0.711,60.143,79.23,22.968,19.831,0.931,71.804,38.562,3.262,1.414,High
Storage,Hybrid,EU,Night,0.696,57.613,68.815,14.018,18.778,0.679,52.364,13.938,9.068,1.782,Low
GPU,Hybrid,NA,Off-Peak,0.919,68.754,98.0,16.005,22.852,0.849,105.894,42.843,13.483,1.592,Low
GPU,Air,APAC,Off-Peak,0.389,31.733,82.991,6.332,25.936,0.836,104.835,65.934,8.946,1.415,Medium
Storage,Hybrid,NA,Off-Peak,0.198,22.476,31.405,4.781,20.285,0.881,56.669,20.081,7.111,1.562,Medium
Compute,Air,APAC,Off-Peak,0.878,65.693,40.295,21.423,23.923,0.935,72.397,44.665,6.016,1.647,Low
Compute,Hybrid,NA,Off-Peak,0.398,44.619,68.811,13.513,23.242,0.825,72.053,29.289,7.755,1.558,Low
Edge,Air,NA,Peak,0.309,25.502,26.908,9.105,28.665,0.988,64.686,27.129,7.999,1.545,Medium
Storage,Air,EU,Off-Peak,0.538,39.479,64.027,16.959,21.378,0.657,83.217,23.067,15.009,1.583,Low
Storage,Air,APAC,Off-Peak,0.232,18.605,74.495,7.94,28.261,0.768,56.178,32.742,5.156,1.757,Low
Compute,Air,APAC,Off-Peak,0.367,30.162,69.352,12.255,25.76,0.808,74.658,47.461,5.881,1.532,Low
Compute,Liquid,EU,Peak,0.447,37.207,54.484,11.324,20.952,0.836,66.223,16.082,11.018,1.239,High
GPU,Hybrid,NA,Peak,0.35,30.441,79.011,16.493,22.837,0.821,102.106,40.407,12.244,1.525,Medium
Storage,Liquid,EU,Night,0.505,38.265,60.721,26.021,17.592,1.0,56.412,15.84,10.619,1.286,High
GPU,Liquid,ME,Peak,0.446,39.331,64.008,11.433,17.902,1.0,103.664,50.982,5.223,1.37,High
Storage,Liquid,EU,Off-Peak,0.797,64.263,65.389,8.317,16.653,0.848,65.355,18.567,11.364,1.319,High
Storage,Air,APAC,Peak,0.927,66.683,81.609,15.7,21.375,0.902,91.969,56.539,6.905,1.796,Low
Compute,Air,EU,Peak,0.191,15.814,41.323,11.977,26.663,0.761,62.963,14.617,11.027,1.684,Low
GPU,Air,EU,Peak,0.841,75.339,68.853,24.576,24.401,0.872,230.681,57.67,41.522,1.275,High
Storage,Air,EU,Off-Peak,0.939,70.833,81.17,21.468,24.132,0.817,83.439,18.789,15.854,1.583,Low
Storage,Air,APAC,Night,0.718,65.296,98.0,12.425,23.752,0.845,59.146,30.873,4.247,1.629,Low
Storage,Air,APAC,Peak,0.997,81.514,83.468,48.314,27.824,0.943,102.005,59.268,8.611,1.656,Low
Edge,Air,EU,Peak,0.402,34.031,30.248,11.256,19.268,0.923,40.982,8.929,6.96,1.354,High
Compute,Air,EU,Off-Peak,0.847,66.95,79.343,25.237,22.184,0.814,83.542,20.188,15.22,1.612,Low
GPU,Hybrid,NA,Peak,0.706,51.739,60.236,14.124,18.952,0.718,98.78,39.75,12.21,1.624,Low
Compute,Air,NA,Night,0.391,37.051,73.498,9.131,19.106,0.968,80.523,28.595,9.895,1.639,Low
Storage,Liquid,ME,Peak,0.734,74.842,47.962,30.248,15.0,1.0,102.207,54.241,5.903,1.555,Medium
Compute,Liquid,NA,Off-Peak,0.559,49.118,51.299,14.345,21.651,0.85,73.754,34.03,8.72,1.612,Low
Compute,Liquid,APAC,Off-Peak,0.27,28.256,55.819,9.012,15.0,0.821,88.975,52.71,6.842,1.483,Medium
Storage,Air,APAC,Off-Peak,0.256,19.857,56.413,9.572,19.918,0.803,52.315,32.797,4.345,1.605,Low
Compute,Air,APAC,Off-Peak,0.742,56.745,80.697,12.124,20.269,0.899,83.419,48.337,6.762,1.27,High
Storage,Air,ME,Peak,0.741,53.225,79.707,23.987,27.9,0.9,52.126,23.156,2.094,1.558,Medium
Edge,Air,EU,Peak,0.578,52.576,50.485,28.706,25.326,0.716,53.688,11.721,10.472,1.869,Low
Compute,Air,APAC,Night,0.551,45.45,85.893,21.784,19.133,0.768,77.86,47.873,5.543,1.384,Medium
GPU,Liquid,NA,Night,0.262,31.257,62.948,17.972,15.0,0.965,118.512,46.642,13.917,1.268,High
Storage,Liquid,EU,Peak,0.486,42.124,48.627,8.092,22.062,0.914,73.683,17.157,12.603,1.575,Medium
Storage,Liquid,APAC,Night,0.884,67.972,38.622,14.568,15.0,0.944,93.953,55.468,6.957,1.466,Medium
Compute,Air,NA,Off-Peak,0.869,73.113,91.316,13.4,20.391,0.603,89.351,35.904,10.508,1.363,Medium
Compute,Air,APAC,Off-Peak,0.695,63.367,59.945,16.5,28.277,0.742,77.127,45.218,5.226,1.634,Low
Compute,Hybrid,APAC,Peak,0.998,74.855,64.168,28.881,25.965,0.871,187.298,112.379,14.984,1.375,High
Compute,Air,APAC,Off-Peak,0.904,75.483,83.523,16.887,18.679,0.89,96.568,58.917,7.467,1.276,High
Compute,Liquid,NA,Peak,0.231,21.301,40.388,17.42,24.886,0.992,225.016,90.007,27.002,1.348,High
Storage,Liquid,EU,Off-Peak,0.459,36.976,56.422,11.126,18.98,1.0,70.418,15.443,12.797,1.456,Medium
GPU,Air,NA,Peak,0.219,27.131,49.067,22.129,27.303,0.665,84.241,36.47,10.071,1.262,High
GPU,Air,APAC,Off-Peak,0.519,40.023,63.573,16.934,24.211,0.933,108.423,68.445,9.14,1.466,Medium
Storage,Air,EU,Peak,0.799,59.753,78.065,41.381,24.431,0.767,60.445,18.503,11.193,1.731,Low
Compute,Air,EU,Peak,0.24,1.444,71.418,9.803,25.562,0.964,52.306,16.209,9.813,1.573,Medium
Compute,Air,EU,Peak,0.892,66.982,80.865,12.585,28.641,0.985,82.529,20.182,14.583,1.693,Low
Compute,Air,NA,Peak,0.612,52.048,86.6,24.656,29.942,0.738,76.6,29.9,9.092,1.772,Low
Compute,Air,NA,Off-Peak,0.774,65.402,58.939,21.045,23.832,0.91,70.492,28.045,8.658,1.513,Medium
Storage,Liquid,NA,Peak,0.141,16.279,62.705,3.934,18.484,1.0,56.35,21.443,6.601,1.222,High
Storage,Hybrid,EU,Night,0.184,22.096,51.072,10.744,18.885,0.822,48.402,10.036,9.316,1.51,Medium
Compute,Air,APAC,Off-Peak,0.659,52.085,66.019,14.366,29.427,0.715,73.612,40.965,6.399,1.517,Low
Compute,Hybrid,NA,Off-Peak,0.854,74.261,69.67,9.791,23.211,0.887,83.666,32.657,9.905,1.722,Low
GPU,Hybrid,NA,Peak,0.886,81.505,51.146,17.448,25.365,0.939,125.796,51.758,15.107,1.52,Medium
GPU,Hybrid,EU,Off-Peak,0.72,55.789,72.205,11.397,21.798,0.657,142.195,37.906,26.107,1.535,Low
Compute,Hybrid,APAC,Peak,0.281,29.019,61.629,18.109,25.401,0.888,52.427,33.48,3.094,1.266,High
Edge,Air,NA,Off-Peak,0.276,33.314,60.382,45.803,22.085,0.825,46.491,18.557,5.092,1.517,Medium
Edge,Air,NA,Peak,0.893,74.741,67.823,12.616,26.158,0.675,104.759,40.883,12.46,1.519,Low
Compute,Liquid,NA,Off-Peak,0.202,19.35,26.327,17.736,16.21,0.895,67.019,23.792,7.764,1.475,Medium
Compute,Liquid,NA,Peak,0.717,63.786,71.042,20.862,17.118,1.0,74.229,29.939,9.044,1.479,Medium
Storage,Hybrid,NA,Night,0.58,43.83,74.934,12.554,16.085,0.666,92.963,36.861,11.26,1.485,Low
Edge,Hybrid,NA,Peak,0.479,40.139,89.854,18.18,26.751,0.795,50.834,21.364,5.176,1.598,Low
GPU,Liquid,APAC,Peak,0.496,49.999,70.401,11.749,17.246,0.872,105.88,63.135,8.303,1.21,High
Compute,Air,EU,Off-Peak,0.951,70.17,98.0,14.46,29.182,0.958,93.914,28.019,16.614,1.489,Medium
Compute,Air,NA,Night,0.875,65.972,72.775,38.247,23.752,0.804,91.479,37.288,11.562,1.502,Medium
Storage,Air,EU,Off-Peak,0.878,72.333,75.961,30.313,25.966,0.824,64.09,17.376,12.011,1.348,High
Storage,Liquid,EU,Peak,0.466,43.687,61.131,11.165,17.096,0.735,80.293,21.464,13.708,1.568,Low
Compute,Liquid,ME,Off-Peak,0.196,25.228,51.259,7.945,17.479,0.981,92.743,43.869,4.547,1.478,Medium
GPU,Hybrid,NA,Night,0.998,70.632,83.631,13.303,19.955,0.813,110.241,41.554,12.196,1.353,High
Storage,Liquid,APAC,Peak,0.231,22.378,78.561,19.268,21.153,0.915,36.556,22.086,2.724,1.788,Low
GPU,Hybrid,APAC,Peak,0.564,46.73,74.203,18.711,27.061,0.818,116.715,72.159,9.676,1.692,Low
GPU,Liquid,NA,Night,0.338,34.911,65.218,22.614,15.776,0.907,114.977,45.993,13.198,1.415,Medium
GPU,Hybrid,ME,Night,0.56,39.786,60.778,32.48,21.85,0.829,100.423,49.983,5.112,1.408,Medium
Storage,Air,EU,Off-Peak,0.374,31.304,61.855,31.807,26.154,0.848,75.451,16.699,13.323,1.459,Medium
Storage,Hybrid,EU,Night,0.907,86.14,72.797,15.997,19.661,0.985,86.847,22.358,15.146,1.481,Medium
Compute,Liquid,NA,Peak,0.972,82.278,78.178,17.194,20.847,0.934,113.36,44.539,12.833,1.706,Low
Storage,Air,NA,Off-Peak,0.469,37.204,66.029,10.743,18.536,0.953,110.426,44.907,12.516,1.328,High
Compute,Air,EU,Off-Peak,0.163,20.127,44.616,5.946,23.805,0.754,52.324,12.002,9.192,1.861,Low
Storage,Hybrid,NA,Off-Peak,0.697,53.268,90.324,27.975,23.676,0.702,67.821,26.699,9.368,1.389,Medium
Compute,Air,EU,Off-Peak,0.439,47.412,93.762,11.738,35.663,0.783,84.313,21.941,14.767,1.593,Low
Compute,Air,NA,Night,0.987,75.95,74.189,14.918,17.355,0.818,117.523,48.453,13.731,1.408,Medium
Compute,Air,EU,Peak,0.18,15.996,60.048,20.531,23.23,0.719,47.275,14.215,8.767,1.525,Low
Compute,Liquid,EU,Peak,0.207,21.053,68.202,2.407,20.319,0.948,47.87,14.407,8.294,1.558,Medium
GPU,Hybrid,NA,Peak,0.729,62.053,58.378,15.393,24.806,0.612,108.894,45.636,13.123,1.779,Low
GPU,Air,EU,Off-Peak,0.783,66.681,78.448,8.934,23.384,0.889,108.815,30.263,20.272,1.668,Low
Storage,Air,EU,Peak,0.524,43.202,58.468,12.914,22.588,0.747,74.479,17.302,13.505,1.514,Low
Compute,Hybrid,NA,Night,0.35,36.515,56.829,29.677,15.0,0.748,79.282,31.959,9.167,1.425,Medium
Compute,Liquid,NA,Peak,0.379,32.105,43.921,17.961,25.232,0.956,65.167,26.895,8.591,1.429,High
Compute,Hybrid,NA,Peak,0.404,47.675,56.835,8.62,18.586,0.688,63.602,26.336,8.211,1.631,Low
Compute,Air,NA,Off-Peak,0.303,31.329,64.419,5.48,22.156,0.792,52.55,19.92,6.622,1.203,High
GPU,Air,ME,Off-Peak,0.866,68.106,98.0,10.931,22.628,0.779,112.27,56.584,6.001,1.411,Medium
Compute,Air,EU,Peak,0.159,13.666,54.434,4.502,19.341,0.83,63.511,16.894,11.601,1.424,Medium
Compute,Liquid,NA,Off-Peak,0.467,47.384,56.623,12.876,15.0,1.0,70.711,27.068,8.169,1.447,High
Compute,Air,NA,Off-Peak,0.773,77.262,77.141,10.655,16.113,0.971,85.811,35.405,10.927,1.251,High
Compute,Air,NA,Peak,0.103,9.601,74.67,12.803,27.588,0.961,60.798,24.9,6.935,1.433,High
Storage,Air,EU,Peak,0.89,66.345,93.544,15.519,24.04,0.73,75.24,17.807,12.433,1.498,Low
Storage,Air,NA,Off-Peak,0.736,58.766,48.251,11.952,22.476,0.868,69.882,29.967,8.855,1.283,High
Compute,Hybrid,EU,Peak,0.166,18.006,59.788,27.042,22.955,0.865,98.581,23.639,17.118,1.697,Low
Compute,Air,NA,Night,0.905,71.33,98.0,18.183,15.655,0.985,131.13,50.49,14.947,1.253,High
Compute,Liquid,APAC,Off-Peak,0.539,47.421,47.088,13.968,15.0,0.916,106.778,61.629,8.168,1.351,High
Compute,Hybrid,NA,Peak,0.687,67.123,72.049,17.226,23.719,0.875,89.454,38.031,11.444,2.5,Medium
Compute,Air,EU,Peak,0.894,64.931,77.117,12.696,24.076,0.919,78.622,19.753,13.93,1.182,High
Edge,Liquid,APAC,Peak,0.893,79.066,52.399,13.24,15.445,1.0,86.855,52.162,7.141,1.37,High
Storage,Hybrid,EU,Off-Peak,0.468,37.216,72.447,29.753,21.407,0.836,64.233,17.29,12.466,1.273,High
Storage,Hybrid,APAC,Off-Peak,0.314,37.034,70.397,3.552,21.64,0.875,81.744,49.644,6.116,1.088,High
Storage,Air,EU,Off-Peak,0.332,29.718,53.404,10.916,24.86,0.659,83.362,22.416,15.158,1.604,Low
Storage,Air,EU,Peak,0.789,64.981,52.887,30.022,26.228,0.751,66.999,16.606,12.19,1.624,Low
Storage,Air,EU,Peak,0.936,71.32,94.465,28.894,26.078,0.849,84.749,20.362,15.59,1.357,High
Storage,Liquid,ME,Peak,0.165,14.353,41.621,6.105,20.474,0.978,63.621,32.24,3.531,1.62,Low
GPU,Liquid,EU,Peak,0.114,16.628,79.146,9.635,23.733,0.981,74.641,17.795,13.345,1.583,Medium
Compute,Liquid,ME,Off-Peak,0.841,66.947,77.483,36.013,21.027,0.711,67.851,31.306,2.902,1.482,Low
Storage,Air,NA,Night,0.448,42.205,61.491,11.088,19.744,0.921,84.016,38.192,10.29,1.596,Low
Storage,Air,EU,Off-Peak,0.349,35.247,82.683,5.355,15.967,0.873,60.5,13.929,9.857,1.473,Medium
GPU,Liquid,ME,Off-Peak,0.27,31.09,56.489,16.829,16.901,0.847,120.991,62.137,6.682,1.256,High
Storage,Air,NA,Peak,0.412,45.99,63.041,23.864,21.474,0.783,63.32,25.433,7.682,1.2,High
Storage,Liquid,ME,Peak,0.974,75.673,85.23,21.716,29.168,0.8,78.073,39.007,4.028,1.382,Medium
Compute,Air,NA,Peak,0.979,72.035,64.633,19.753,21.58,0.832,98.984,38.138,11.714,1.423,Medium
Storage,Air,ME,Peak,0.398,40.153,66.651,5.688,27.793,0.906,97.502,48.311,4.657,1.588,Low
Compute,Air,EU,Off-Peak,0.967,79.584,56.877,18.314,18.169,0.896,92.137,23.94,16.917,1.325,High
Compute,Air,NA,Peak,0.37,40.34,71.753,26.494,20.189,0.829,84.69,33.276,9.879,1.462,Medium
Compute,Air,APAC,Night,0.869,69.386,61.991,15.411,24.074,0.975,66.311,37.864,4.975,1.608,Medium
Storage,Air,NA,Night,0.291,26.558,65.257,10.364,19.131,0.733,52.574,20.857,6.463,1.467,Medium
Compute,Air,NA,Peak,0.844,70.122,98.0,25.588,31.929,0.883,94.802,37.711,11.185,1.656,Low
Compute,Air,NA,Off-Peak,0.418,33.164,51.543,17.675,27.651,0.813,45.659,19.892,5.165,1.698,Low
GPU,Air,EU,Off-Peak,0.276,22.566,84.929,6.287,21.672,0.831,90.736,24.908,16.507,1.715,Low
Compute,Liquid,ME,Peak,0.941,74.013,72.259,18.953,16.478,0.966,132.034,68.423,7.473,1.292,High
Storage,Air,NA,Night,0.293,37.697,73.138,9.284,23.069,0.973,60.137,22.003,8.188,1.508,Medium
Storage,Liquid,EU,Peak,0.993,81.932,90.001,22.512,20.212,0.97,78.856,20.763,13.886,1.244,High
Compute,Liquid,NA,Off-Peak,0.198,27.172,70.432,4.391,22.214,0.916,49.562,20.777,5.997,1.677,Low
GPU,Liquid,APAC,Peak,0.109,10.308,60.916,9.295,25.915,0.72,94.188,56.605,7.521,1.6,Low
Compute,Hybrid,NA,Peak,0.884,72.491,44.751,11.977,21.244,0.951,87.371,35.652,10.368,1.432,Medium
Storage,Air,NA,Off-Peak,0.628,50.898,81.484,16.257,24.522,0.958,57.145,21.486,7.117,1.583,Medium
Storage,Liquid,NA,Night,0.479,40.24,65.44,12.954,15.019,0.817,53.713,20.121,6.61,1.253,High
Storage,Hybrid,EU,Peak,0.174,16.78,48.001,4.263,26.119,0.618,47.096,15.1,8.653,1.563,Low
Storage,Hybrid,APAC,Peak,0.617,55.411,58.987,10.735,20.061,0.866,57.902,36.131,4.491,1.662,Low
Compute,Air,EU,Off-Peak,0.454,47.939,43.948,9.118,25.577,0.915,73.076,21.568,13.321,1.387,High
Compute,Air,NA,Peak,0.535,51.388,67.873,7.042,25.985,0.868,62.39,26.181,7.267,1.571,Low
GPU,Air,EU,Off-Peak,0.667,49.127,61.422,23.922,18.598,0.898,134.351,32.812,23.783,1.56,Medium
Storage,Liquid,APAC,Off-Peak,0.676,56.617,63.514,17.277,15.0,0.822,92.209,51.555,8.537,1.328,High
GPU,Liquid,NA,Night,0.965,82.088,85.359,22.435,16.45,0.87,111.173,45.272,14.279,1.454,Medium
GPU,Air,NA,Off-Peak,0.69,48.596,64.376,11.584,21.057,0.692,121.671,44.036,14.638,1.649,Low
GPU,Liquid,NA,Night,0.405,29.803,66.711,7.709,15.0,1.0,90.186,39.702,11.465,1.232,High
Storage,Liquid,APAC,Off-Peak,0.397,28.601,57.033,8.958,15.0,1.0,70.314,43.499,5.599,1.341,High
Compute,Air,EU,Night,0.529,40.219,68.722,15.029,17.001,0.774,73.447,22.249,12.826,1.415,Medium
GPU,Hybrid,EU,Peak,0.333,29.432,50.183,20.322,24.797,0.966,85.89,23.272,15.471,1.443,Medium
Storage,Liquid,NA,Off-Peak,0.439,33.531,43.941,11.891,18.557,1.0,92.941,33.048,11.186,1.113,High
Compute,Air,NA,Night,0.858,65.412,66.786,18.824,17.936,0.809,99.53,42.95,11.717,1.333,High
GPU,Liquid,ME,Off-Peak,0.874,66.961,66.632,17.835,17.353,0.936,120.036,58.729,5.301,1.345,High
GPU,Air,NA,Night,0.665,55.612,59.612,17.837,23.699,0.746,114.289,44.25,13.565,1.477,Medium
Storage,Liquid,ME,Peak,0.625,52.661,71.767,20.352,25.37,0.846,54.078,25.893,2.632,1.313,High
Compute,Hybrid,EU,Night,0.484,39.466,84.273,19.8,15.0,0.895,63.285,18.561,10.92,1.137,High
Compute,Hybrid,NA,Off-Peak,0.672,52.846,46.654,13.667,18.954,0.933,73.638,30.236,8.222,1.418,High
GPU,Air,EU,Peak,0.825,75.27,81.706,12.691,26.186,0.881,116.684,27.348,20.709,1.503,Medium
Edge,Air,ME,Peak,0.764,58.747,93.961,15.012,23.889,0.971,74.917,39.631,4.052,1.347,High
Compute,Air,EU,Peak,0.132,20.785,68.632,24.56,28.593,0.901,55.594,11.224,9.948,1.484,Medium
Compute,Liquid,APAC,Night,0.758,71.226,73.286,16.869,15.0,0.806,83.356,49.034,6.59,1.309,High
GPU,Air,NA,Off-Peak,0.748,65.178,75.108,12.613,21.464,0.929,99.115,40.49,11.918,1.628,Low
Compute,Liquid,EU,Night,0.189,19.722,69.481,5.524,17.516,0.857,57.931,15.227,10.113,1.331,High
Storage,Air,APAC,Off-Peak,0.235,23.855,12.71,22.314,22.863,0.991,71.717,42.67,6.044,1.508,Medium
Edge,Air,ME,Night,0.809,65.609,40.472,10.31,19.814,0.78,55.152,27.254,3.052,1.397,Medium
Compute,Air,EU,Off-Peak,0.603,44.396,69.203,13.473,23.618,0.931,68.62,17.515,12.277,1.52,Medium
Storage,Hybrid,EU,Peak,0.839,65.071,72.5,9.957,24.89,0.888,84.361,21.751,15.264,1.6,Low
Compute,Liquid,NA,Peak,0.266,26.792,80.642,17.926,19.278,0.913,62.395,25.181,7.424,1.343,High
Compute,Air,NA,Night,0.128,16.452,56.471,15.527,20.525,0.745,48.641,20.513,6.249,1.268,High
GPU,Air,NA,Peak,0.246,27.069,49.495,18.204,21.186,0.869,92.79,37.284,10.397,1.623,Low
Storage,Liquid,NA,Peak,0.507,43.956,43.036,14.245,18.19,1.0,79.387,27.984,9.682,1.452,High
Edge,Air,NA,Peak,0.571,45.282,59.918,7.57,22.212,0.832,59.245,27.379,6.921,1.489,Medium
Storage,Liquid,NA,Peak,0.872,72.925,61.245,23.085,21.054,0.994,81.618,34.479,9.874,1.342,High
Compute,Hybrid,ME,Night,0.745,61.974,74.257,19.368,18.57,0.825,76.055,37.313,3.665,1.515,Medium
Compute,Liquid,EU,Off-Peak,0.991,74.739,84.536,17.12,22.282,1.0,79.222,16.634,14.268,1.504,Medium
Compute,Liquid,EU,Off-Peak,0.171,27.278,41.081,14.854,16.28,0.829,73.042,17.712,13.25,1.509,Medium
Compute,Liquid,ME,Night,0.217,27.539,71.397,24.518,15.081,0.725,73.651,32.941,3.537,1.385,Medium
Compute,Hybrid,NA,Off-Peak,0.176,19.704,20.54,6.836,19.007,0.705,51.237,18.689,6.682,1.482,Low
Compute,Hybrid,EU,Night,0.585,44.62,85.727,16.833,27.289,0.919,91.577,20.958,16.65,1.633,Low
Storage,Liquid,EU,Peak,0.34,42.104,48.545,14.424,23.83,0.913,122.082,30.074,22.124,1.67,Low
GPU,Air,NA,Night,0.715,63.345,85.253,18.487,18.311,0.786,116.911,50.257,13.878,1.269,High
Storage,Air,APAC,Peak,0.219,22.936,48.587,5.725,22.136,0.85,69.835,46.214,5.179,1.354,High
GPU,Air,NA,Off-Peak,0.193,18.023,61.978,21.321,19.109,0.926,84.834,32.515,11.304,1.482,Medium
Compute,Liquid,NA,Off-Peak,0.514,49.08,57.16,23.258,20.867,1.0,72.438,28.499,9.586,1.348,High
Compute,Liquid,NA,Peak,0.438,35.502,73.806,41.539,26.229,0.903,67.206,28.141,7.691,1.301,High
Storage,Air,ME,Peak,0.846,67.309,57.139,21.368,26.275,0.793,77.322,39.409,2.958,1.516,Medium
Storage,Air,EU,Peak,0.854,68.489,49.479,26.927,24.363,0.865,89.598,17.563,16.505,1.517,Medium
Compute,Air,EU,Peak,0.206,23.863,67.818,10.545,22.077,0.908,59.444,14.751,10.786,2.374,High
GPU,Hybrid,EU,Off-Peak,0.831,69.32,63.355,20.503,24.234,0.734,106.615,26.461,18.729,1.625,Low
GPU,Liquid,NA,Night,0.608,46.821,92.576,17.386,15.76,1.0,100.431,39.981,11.393,1.352,High
Storage,Liquid,EU,Off-Peak,0.553,42.091,73.242,6.775,21.402,0.8,67.34,14.34,11.369,1.834,Low
Compute,Air,EU,Off-Peak,0.185,21.803,75.969,8.475,28.035,0.885,53.801,15.926,9.391,1.73,Low
GPU,Liquid,NA,Peak,0.766,61.734,88.756,18.981,17.944,1.0,111.208,46.451,13.655,1.111,High
Storage,Air,EU,Peak,0.154,22.793,51.276,11.338,29.0,0.797,43.024,10.095,8.232,2.005,Low
GPU,Liquid,NA,Off-Peak,0.35,37.905,61.971,13.889,19.449,0.906,114.07,45.691,14.285,1.379,High
GPU,Air,NA,Night,0.186,21.37,63.579,12.763,22.037,0.964,86.871,36.51,10.471,1.576,Medium
GPU,Air,APAC,Night,0.578,51.937,54.776,11.148,23.885,0.975,93.643,56.994,7.274,1.443,Medium
Storage,Air,EU,Peak,0.681,54.925,59.39,14.724,19.11,0.88,80.039,18.843,13.649,1.441,Medium
Compute,Air,EU,Off-Peak,0.902,66.065,73.638,15.691,25.038,0.691,84.971,23.733,16.386,1.588,Low
Storage,Hybrid,EU,Off-Peak,0.76,60.129,88.127,11.626,21.669,0.89,66.776,17.873,11.821,1.412,Medium
Storage,Air,NA,Off-Peak,0.965,79.342,75.201,12.121,25.521,0.897,68.428,28.467,8.06,1.329,High
GPU,Air,EU,Off-Peak,0.785,55.925,75.641,21.529,23.594,0.832,99.694,22.697,17.447,1.521,Medium
Compute,Liquid,APAC,Off-Peak,0.368,27.095,72.166,19.993,17.475,1.0,60.012,36.614,4.726,1.147,High
Compute,Hybrid,EU,Peak,0.593,55.849,84.342,16.847,21.637,0.798,64.951,15.092,11.298,1.569,Low
GPU,Air,ME,Night,0.512,40.441,75.811,17.454,33.947,0.915,100.776,51.284,4.425,1.379,High
GPU,Liquid,ME,Peak,0.609,54.549,63.271,33.577,22.816,0.903,100.417,47.611,4.545,1.525,Medium
Edge,Hybrid,EU,Off-Peak,0.615,54.049,62.664,11.791,25.749,0.961,66.813,14.678,11.468,1.367,High
GPU,Air,APAC,Night,0.732,63.585,26.122,22.348,16.348,0.91,111.041,66.883,9.019,1.329,High
Storage,Air,EU,Off-Peak,0.175,16.548,45.821,20.837,20.088,0.871,51.163,15.068,8.102,1.419,Medium
Storage,Air,EU,Peak,0.772,59.235,78.807,9.899,23.266,0.902,50.68,17.003,8.984,1.557,Medium
GPU,Hybrid,NA,Peak,0.229,36.825,44.774,4.17,17.018,0.785,96.729,37.996,11.549,1.243,High
Storage,Air,EU,Off-Peak,0.124,15.585,44.276,9.991,19.492,0.726,59.701,13.552,10.371,1.429,Medium
Storage,Air,ME,Peak,0.567,54.892,80.223,7.971,22.986,0.886,71.505,36.735,3.594,1.72,Low
Compute,Liquid,APAC,Off-Peak,0.623,52.857,50.839,11.178,19.521,0.878,226.622,135.973,18.13,1.586,Low
Storage,Liquid,APAC,Peak,0.131,17.463,44.81,8.018,21.83,0.687,63.086,37.75,4.681,1.624,Low
GPU,Air,NA,Night,0.564,46.32,53.605,18.275,18.541,0.845,110.182,42.919,13.291,1.643,Low
Compute,Liquid,NA,Peak,0.581,0.197,45.891,12.976,27.061,0.821,77.236,30.691,9.644,1.743,Low
Compute,Air,NA,Off-Peak,0.147,27.857,46.662,8.111,21.638,0.842,50.729,18.545,5.229,1.463,Medium
Compute,Air,NA,Off-Peak,0.74,58.432,27.783,15.127,35.115,0.863,98.132,38.365,11.035,1.603,Low
Compute,Liquid,EU,Off-Peak,0.289,26.834,96.514,9.548,19.5,0.966,71.474,20.58,12.635,1.133,High
Compute,Hybrid,NA,Peak,0.815,63.481,66.703,17.043,24.312,0.974,69.84,31.602,8.32,1.361,High
Storage,Air,EU,Off-Peak,0.38,32.746,63.304,17.686,25.961,0.731,60.64,14.757,10.576,1.342,Medium
Edge,Hybrid,EU,Off-Peak,0.53,45.859,33.227,12.321,20.739,0.737,79.796,20.983,14.589,1.556,Low
Storage,Liquid,NA,Peak,0.903,72.309,59.151,26.014,23.564,0.88,77.295,29.67,9.523,1.409,Medium
Compute,Air,NA,Night,0.826,66.822,71.721,14.605,23.287,0.784,84.465,29.343,9.441,1.52,Low
Compute,Liquid,APAC,Night,0.804,69.679,49.918,18.411,18.876,1.0,92.361,56.007,8.248,1.165,High
Storage,Air,NA,Peak,0.244,21.218,72.224,10.54,25.67,0.838,50.003,19.942,6.472,1.51,Medium
Compute,Hybrid,NA,Off-Peak,0.143,12.804,59.907,17.962,17.671,0.817,51.079,18.67,6.705,1.453,Medium
GPU,Hybrid,APAC,Off-Peak,0.645,56.575,61.619,14.293,18.307,0.709,112.087,70.525,9.224,1.45,Medium
Storage,Air,ME,Peak,0.47,38.211,63.221,11.163,19.682,0.921,62.925,35.64,2.347,1.311,High
GPU,Air,APAC,Peak,0.918,69.058,64.258,17.182,28.136,0.903,120.936,74.084,9.554,1.359,High
Compute,Air,NA,Night,0.415,30.672,33.273,23.029,21.161,0.958,55.368,20.196,6.959,1.503,Medium
Storage,Air,NA,Off-Peak,0.469,39.323,66.888,15.791,26.31,0.8,58.927,21.318,7.114,1.55,Low
Compute,Air,ME,Night,0.573,47.881,45.342,8.841,17.17,0.889,79.59,40.547,4.146,1.536,Medium
Edge,Air,APAC,Off-Peak,0.817,73.039,70.781,34.562,23.058,0.822,79.014,47.759,6.433,1.333,High
Storage,Liquid,EU,Peak,0.341,28.883,77.466,28.425,19.108,0.82,58.153,11.361,11.347,1.4,Medium
Compute,Air,NA,Peak,0.948,78.196,71.352,19.765,22.381,0.774,87.814,32.509,11.101,1.459,Medium
Compute,Hybrid,NA,Off-Peak,0.586,44.812,68.107,25.274,18.425,0.796,88.637,36.57,10.095,1.447,Medium
Compute,Hybrid,NA,Off-Peak,0.857,62.25,55.374,11.542,29.394,0.79,69.093,25.25,8.169,1.577,Low
Storage,Air,EU,Peak,0.573,48.318,43.794,11.947,27.548,0.664,66.342,18.582,11.765,1.535,Low
Compute,Hybrid,NA,Off-Peak,0.795,58.07,85.54,9.012,19.137,0.757,78.759,32.548,10.235,1.398,Medium
Storage,Air,ME,Night,0.146,22.889,70.663,11.36,17.621,0.615,86.663,41.298,4.474,1.5,Low
Compute,Air,NA,Off-Peak,0.819,72.389,89.741,15.536,21.346,0.791,101.861,39.089,12.182,1.784,Low
Storage,Liquid,APAC,Peak,0.572,50.494,98.0,14.312,25.966,0.962,50.54,30.195,3.767,1.421,High
GPU,Air,NA,Peak,0.504,46.933,56.77,16.792,22.914,0.75,98.37,39.712,11.679,1.581,Low
GPU,Liquid,EU,Night,0.2,22.406,63.983,10.427,15.0,0.887,99.872,21.945,17.488,1.165,High
GPU,Hybrid,NA,Night,0.767,61.117,87.203,18.108,15.548,0.858,113.927,44.731,14.285,1.388,Medium
Compute,Hybrid,APAC,Peak,0.218,19.809,88.847,7.38,26.102,0.805,60.123,33.269,5.067,1.35,High
Compute,Liquid,EU,Night,0.273,0.711,77.167,19.251,15.0,0.701,78.507,21.59,14.249,1.721,Low
Storage,Liquid,NA,Peak,0.214,25.494,45.425,12.758,24.882,0.849,41.403,15.489,5.997,1.409,Medium
Compute,Air,APAC,Peak,0.106,26.437,82.228,4.532,25.452,0.776,65.645,39.15,5.654,1.123,High
Storage,Air,EU,Peak,0.696,62.165,82.013,31.009,27.603,0.743,65.179,18.228,10.702,1.628,Low
Compute,Liquid,ME,Peak,0.344,26.056,66.003,25.148,25.127,0.82,62.571,29.359,3.891,1.672,Low
Compute,Air,ME,Night,0.235,29.153,52.329,9.351,19.126,0.956,114.508,58.729,6.486,2.529,High
Compute,Air,ME,Off-Peak,0.388,40.044,86.138,10.39,25.296,0.649,85.359,40.161,3.806,1.545,Low
GPU,Air,NA,Peak,0.549,40.162,98.0,12.647,24.902,0.723,86.683,34.477,10.571,1.79,Low
Compute,Liquid,NA,Night,0.553,44.818,63.679,32.712,17.92,0.902,88.672,34.167,10.432,1.452,Medium
Storage,Air,ME,Night,0.43,37.455,66.254,9.122,28.165,0.866,48.342,23.744,2.729,1.817,Low
Compute,Liquid,EU,Peak,0.545,43.798,73.75,14.581,20.859,0.851,70.739,13.733,12.727,1.05,High
Storage,Air,NA,Off-Peak,0.485,51.652,48.732,8.162,25.912,0.631,80.463,32.033,9.919,1.646,Low
Compute,Air,APAC,Off-Peak,0.84,70.898,72.17,19.278,28.399,0.808,107.23,65.933,8.906,1.566,Low
GPU,Air,NA,Off-Peak,0.127,22.739,67.095,29.861,21.24,0.893,97.83,40.922,11.567,1.506,Medium
GPU,Air,APAC,Off-Peak,0.881,64.932,98.0,18.67,20.341,0.745,98.612,56.796,6.879,1.257,High
Compute,Hybrid,APAC,Peak,0.32,26.82,58.763,16.883,22.537,0.93,65.377,40.541,5.345,1.208,High
Edge,Air,APAC,Peak,0.75,71.218,77.311,15.992,22.172,0.832,62.705,37.903,5.031,1.695,Low
Edge,Air,NA,Night,0.465,45.606,54.395,8.46,19.635,0.956,41.979,15.135,5.255,1.235,High
GPU,Liquid,EU,Night,0.365,30.258,75.742,21.889,15.677,1.0,87.655,21.533,15.816,1.123,High
GPU,Air,EU,Peak,0.654,50.452,66.103,18.961,24.421,0.682,106.292,25.637,19.573,1.846,Low
Compute,Air,EU,Peak,0.792,61.661,84.931,17.397,22.1,0.795,101.848,27.326,18.387,1.595,Low
Storage,Air,NA,Night,0.505,43.892,54.674,13.355,21.762,0.929,111.189,45.856,13.389,1.353,High
Compute,Hybrid,EU,Peak,0.52,52.015,41.848,7.395,21.647,0.667,86.635,22.946,16.745,1.638,Low
Compute,Liquid,EU,Peak,0.153,14.622,46.404,5.916,20.105,0.921,193.08,48.27,34.754,1.525,Medium
Edge,Air,EU,Peak,0.932,76.494,96.767,27.159,26.917,0.74,62.406,19.041,11.443,1.52,Low
Compute,Air,APAC,Off-Peak,0.862,65.212,69.77,19.539,23.905,0.884,85.735,52.617,6.786,1.588,Low
GPU,Air,EU,Peak,0.458,40.987,62.517,6.436,28.454,0.834,99.961,22.103,17.053,1.88,Low
GPU,Air,NA,Off-Peak,0.788,62.037,75.276,9.133,26.756,0.831,105.608,41.963,13.362,1.44,Medium
GPU,Liquid,EU,Peak,0.382,36.364,63.8,8.866,19.868,0.734,92.782,21.27,16.272,1.649,Low
Edge,Hybrid,APAC,Night,0.757,56.156,77.679,18.194,19.459,0.85,98.082,60.416,7.13,1.477,Medium
Compute,Air,NA,Night,0.565,44.597,68.572,15.513,22.026,0.841,73.131,25.916,8.285,1.534,Medium
Compute,Hybrid,EU,Night,0.515,42.343,98.0,20.406,17.223,0.694,85.616,20.969,15.624,1.632,Low
Storage,Air,NA,Night,0.151,18.115,78.346,12.84,18.155,0.959,56.671,24.226,6.696,1.421,High
Compute,Air,NA,Off-Peak,0.969,75.003,88.213,16.978,25.294,0.798,90.004,36.427,10.616,1.299,High
Compute,Air,ME,Peak,0.854,62.907,84.331,17.972,28.47,0.782,94.864,48.377,4.913,1.469,Medium
Compute,Air,ME,Peak,0.814,61.976,77.711,10.385,22.573,0.802,85.722,42.317,4.574,1.52,Medium
GPU,Hybrid,EU,Peak,0.374,35.339,57.972,8.032,23.737,0.941,103.272,23.333,18.999,1.308,High
Storage,Air,APAC,Peak,0.361,27.559,72.764,13.046,23.091,0.832,56.042,31.986,5.141,1.845,Low
Compute,Air,APAC,Off-Peak,0.616,52.048,48.236,14.027,21.295,0.862,67.373,38.977,5.679,1.35,High
Storage,Hybrid,ME,Night,0.862,67.938,54.673,13.235,17.871,0.968,80.402,38.516,3.519,1.173,High
Compute,Hybrid,EU,Off-Peak,0.941,78.25,68.867,23.553,23.256,0.906,103.173,26.522,18.318,1.353,High
Compute,Liquid,EU,Off-Peak,0.342,30.615,67.667,7.508,20.338,0.872,78.926,20.27,13.303,1.348,High
GPU,Hybrid,EU,Off-Peak,0.647,67.29,57.111,8.071,23.731,0.91,130.265,32.949,22.653,1.47,Medium
Storage,Air,NA,Peak,0.752,58.648,77.684,16.207,25.26,0.871,73.986,30.674,9.373,1.465,Medium
GPU,Hybrid,EU,Night,0.304,34.652,40.198,20.539,15.0,0.67,105.22,25.902,18.675,1.481,Low
Compute,Liquid,APAC,Off-Peak,0.467,52.11,60.209,11.934,22.763,1.0,73.228,45.787,6.191,1.226,High
GPU,Hybrid,APAC,Peak,0.269,35.838,36.932,2.846,25.717,0.919,98.042,56.06,7.932,1.712,Low
Storage,Liquid,APAC,Night,0.729,60.742,72.511,28.577,15.0,1.0,98.876,63.054,8.014,1.257,High
Storage,Air,NA,Off-Peak,0.877,71.017,97.792,15.45,22.177,0.857,69.189,27.092,8.562,1.406,Medium
Storage,Liquid,EU,Off-Peak,0.89,73.179,73.946,11.074,18.672,0.888,91.98,25.148,17.134,1.402,Medium
GPU,Air,NA,Off-Peak,0.703,58.784,85.305,17.629,24.782,0.836,97.803,35.98,10.976,1.459,Medium
Storage,Air,NA,Off-Peak,0.412,31.354,78.842,13.204,25.626,0.797,58.328,20.813,7.786,1.568,Low
Storage,Air,ME,Peak,0.695,63.386,65.415,13.718,26.496,0.994,115.674,58.465,5.568,1.642,Low
Edge,Hybrid,EU,Night,0.878,70.856,82.272,13.151,18.802,0.807,74.219,17.824,13.192,1.162,High
GPU,Air,APAC,Night,0.663,57.287,49.172,23.396,17.16,0.877,101.443,57.391,8.991,1.467,Medium
Storage,Liquid,NA,Off-Peak,0.472,40.307,61.491,7.71,25.36,0.996,62.768,23.068,7.567,1.651,Low
GPU,Air,EU,Off-Peak,0.928,70.48,74.108,23.55,27.73,0.64,131.869,36.351,23.815,1.754,Low
Compute,Hybrid,EU,Night,0.852,66.534,58.25,24.084,22.358,0.847,82.166,18.836,14.401,1.501,Medium
Compute,Air,NA,Peak,0.894,68.937,74.666,13.865,29.565,0.776,74.032,28.656,7.974,1.803,Low
Storage,Liquid,NA,Night,0.913,67.982,62.968,22.857,15.0,1.0,88.692,40.303,10.303,1.139,High
Edge,Hybrid,NA,Off-Peak,0.454,43.291,78.361,6.901,23.168,0.86,58.616,21.524,7.63,2.596,Medium
Edge,Air,EU,Off-Peak,0.874,63.049,53.877,23.229,25.434,0.854,73.424,19.167,13.924,1.158,High
Compute,Air,ME,Off-Peak,0.613,46.754,55.579,15.493,17.389,0.831,73.108,34.828,3.283,1.627,Low
Storage,Liquid,APAC,Off-Peak,0.134,25.948,57.7,11.737,20.541,1.0,42.345,28.054,3.945,1.36,High
Compute,Hybrid,ME,Peak,0.672,49.298,53.19,15.393,20.66,0.617,87.458,45.835,4.039,1.617,Low
Edge,Liquid,APAC,Off-Peak,0.524,40.456,91.209,15.67,20.532,0.722,64.549,42.787,4.741,1.503,Low
Edge,Air,APAC,Off-Peak,0.348,26.983,27.798,7.266,25.427,0.779,48.661,29.073,4.168,1.178,High
Storage,Hybrid,EU,Off-Peak,0.973,85.009,63.343,13.558,21.009,0.853,78.691,21.668,15.35,1.459,Medium
GPU,Air,EU,Peak,0.15,15.087,61.396,6.689,28.048,0.857,86.194,21.875,15.595,1.613,Low
GPU,Liquid,EU,Off-Peak,0.951,72.583,98.0,13.108,22.079,0.829,134.833,29.267,24.714,1.461,Medium
Storage,Hybrid,APAC,Off-Peak,0.243,31.731,35.866,17.465,18.082,0.668,75.99,43.672,5.864,1.699,Low
Compute,Air,NA,Night,0.439,38.567,48.596,18.877,15.813,0.648,68.261,23.139,8.305,1.5,Low
Storage,Liquid,NA,Night,0.476,44.589,55.804,9.15,15.0,1.0,53.468,19.881,6.436,1.169,High
Storage,Liquid,ME,Night,0.758,58.274,93.078,11.239,22.734,0.856,70.646,37.655,2.484,1.401,Medium
Storage,Hybrid,NA,Peak,0.294,24.222,72.035,17.927,19.598,0.945,71.339,30.584,9.45,1.608,Low
Compute,Air,ME,Night,0.987,80.823,62.714,13.79,20.151,0.847,80.278,40.09,4.002,1.294,High
Edge,Air,APAC,Peak,0.774,57.421,87.778,21.783,25.282,0.805,77.632,45.704,6.558,1.57,Low
Compute,Hybrid,NA,Peak,0.811,65.64,75.851,14.819,19.974,0.864,68.038,29.688,7.475,1.25,High
Storage,Air,EU,Peak,0.196,36.125,60.855,19.67,24.243,0.926,71.783,21.371,12.94,1.536,Medium
Storage,Air,APAC,Night,0.529,46.423,71.709,8.904,15.0,0.807,62.072,37.432,4.544,1.248,High
Storage,Hybrid,NA,Peak,0.951,74.105,60.194,18.045,26.492,0.901,72.748,33.108,9.035,1.512,Medium
Storage,Air,APAC,Peak,0.343,30.287,66.996,16.426,26.911,0.766,67.269,38.805,5.473,1.517,Low
Compute,Hybrid,APAC,Peak,0.231,27.934,55.362,7.904,27.488,0.83,59.092,37.187,4.065,1.725,Low
Compute,Air,NA,Off-Peak,0.537,47.506,98.0,7.292,21.893,0.859,80.27,35.784,9.317,1.695,Low
Storage,Air,NA,Night,0.937,81.784,98.0,18.452,19.987,0.737,98.577,36.258,12.003,1.455,Medium
Storage,Liquid,NA,Off-Peak,0.538,49.871,62.847,6.63,36.508,1.0,49.849,20.122,5.621,1.234,High
Compute,Liquid,NA,Off-Peak,0.464,48.957,70.695,22.055,17.674,1.0,86.264,37.177,10.626,1.257,High
GPU,Liquid,NA,Peak,0.685,64.818,53.45,16.153,18.958,1.0,113.079,44.419,13.659,1.363,High
Storage,Liquid,APAC,Peak,0.943,76.02,78.968,21.386,15.257,1.0,89.008,54.87,7.028,1.261,High
Storage,Hybrid,NA,Peak,0.144,13.571,40.527,7.935,28.605,0.96,44.288,14.427,5.514,1.552,Medium
GPU,Air,APAC,Off-Peak,0.238,22.156,51.981,24.051,20.457,0.783,104.841,62.803,7.647,1.492,Medium
Compute,Air,NA,Off-Peak,0.219,20.44,68.255,8.099,22.599,0.804,63.575,23.016,7.756,1.424,Medium
Compute,Air,EU,Peak,0.177,23.057,42.099,15.564,23.747,0.739,60.737,12.442,10.695,1.64,Low
GPU,Liquid,EU,Night,0.372,31.96,47.651,22.037,16.555,1.0,98.767,22.898,17.741,1.282,High
Storage,Air,APAC,Night,0.306,25.772,48.446,11.326,18.634,0.869,43.319,24.598,4.437,1.606,Low
Storage,Air,EU,Peak,0.594,56.069,65.114,9.816,23.918,0.67,61.302,17.117,11.378,1.557,Low
GPU,Air,NA,Peak,0.395,35.312,83.62,14.349,30.68,0.811,109.78,42.871,13.247,1.885,Low
GPU,Air,APAC,Off-Peak,0.465,41.264,81.889,8.887,25.208,0.606,102.639,61.969,8.462,1.745,Low
Edge,Air,NA,Peak,0.948,74.822,67.254,22.558,21.271,0.814,82.028,35.366,9.383,1.407,Medium
Storage,Liquid,NA,Peak,0.24,30.51,80.171,12.361,19.497,1.0,74.552,31.094,9.455,1.465,Medium
Storage,Air,EU,Peak,0.45,42.892,63.262,10.063,21.31,0.919,62.835,11.872,10.852,1.504,Medium
Storage,Hybrid,APAC,Night,0.331,25.99,64.032,13.26,15.0,0.939,67.965,43.239,5.956,1.409,High
Compute,Liquid,NA,Off-Peak,0.594,56.82,65.94,9.4,21.874,0.762,84.746,37.799,9.897,1.278,High
Storage,Air,EU,Peak,0.763,58.751,80.638,22.425,24.429,0.95,92.359,24.129,16.393,1.383,High
Compute,Liquid,EU,Peak,0.835,63.75,58.594,20.127,24.972,0.949,200.2,50.05,36.036,1.687,Low
Edge,Air,ME,Peak,0.564,48.111,59.076,15.434,22.348,0.95,53.265,27.508,2.233,1.691,Low
Storage,Liquid,NA,Peak,0.869,79.889,89.127,16.895,24.33,1.0,83.06,32.804,10.394,1.213,High
Storage,Hybrid,NA,Off-Peak,0.807,71.522,64.708,9.529,21.073,0.798,84.243,32.758,9.679,1.612,Low
Compute,Liquid,EU,Night,0.241,22.589,49.798,21.692,16.875,0.759,71.816,17.028,12.537,1.513,Low
Compute,Liquid,NA,Peak,0.321,24.202,38.657,23.605,24.02,0.876,54.298,19.856,5.844,1.392,High
Compute,Air,APAC,Peak,0.705,62.473,76.941,10.244,25.841,0.903,86.055,50.619,7.538,1.692,Low
Storage,Air,EU,Peak,0.977,77.01,58.336,26.134,25.741,0.763,78.994,18.665,13.018,1.666,Low
Compute,Hybrid,APAC,Peak,0.439,33.299,88.001,17.059,25.007,0.801,67.332,39.758,5.978,1.552,Low
Storage,Air,APAC,Night,0.307,1.18,69.393,14.073,15.0,0.814,65.979,38.494,4.749,1.139,High
GPU,Air,ME,Peak,0.882,68.456,52.615,15.397,26.844,0.745,133.083,65.12,6.924,1.672,Low
GPU,Air,EU,Peak,0.28,29.141,63.495,21.462,23.399,0.875,96.545,24.124,17.176,1.708,Low
Storage,Liquid,ME,Peak,0.728,55.144,59.643,26.474,17.584,1.0,73.229,35.675,3.355,1.097,High
Compute,Air,NA,Off-Peak,0.131,22.645,67.774,4.98,21.234,0.877,48.193,20.835,5.288,1.462,Medium
GPU,Hybrid,APAC,Night,0.117,17.131,52.99,6.015,16.676,0.688,77.343,46.275,6.115,1.423,Medium
GPU,Air,EU,Peak,0.506,42.941,98.0,24.69,29.716,0.956,100.005,20.383,17.709,1.485,Medium
Compute,Air,APAC,Off-Peak,0.691,50.69,98.0,21.888,20.425,0.93,87.23,54.618,6.895,1.385,High
GPU,Liquid,EU,Peak,0.228,26.84,51.653,8.839,22.58,0.899,98.268,25.622,17.628,1.355,High
Compute,Air,APAC,Off-Peak,0.787,68.532,68.6,12.665,24.7,0.938,98.25,62.729,7.327,1.425,Medium
GPU,Liquid,ME,Off-Peak,0.216,18.196,71.266,5.532,17.767,1.0,121.201,61.858,5.749,1.169,High
Edge,Air,APAC,Off-Peak,0.58,43.101,57.971,18.89,21.005,0.941,215.947,129.568,17.276,1.567,Medium
Compute,Air,APAC,Off-Peak,0.377,37.207,54.132,12.078,22.903,0.828,78.539,48.198,5.123,1.675,Low
GPU,Air,NA,Night,0.777,57.658,47.464,16.238,18.431,0.691,128.166,49.473,15.343,1.671,Low
Storage,Hybrid,NA,Off-Peak,0.824,68.599,50.545,11.569,18.653,0.871,93.306,37.234,11.526,1.476,Medium
Edge,Liquid,ME,Off-Peak,0.159,16.743,71.078,23.995,22.071,0.99,70.631,32.776,3.727,1.402,High
Storage,Liquid,EU,Off-Peak,0.273,22.635,62.191,20.368,24.231,0.953,79.003,21.544,14.123,1.502,Medium
GPU,Air,EU,Off-Peak,0.903,80.098,62.934,19.591,23.04,0.784,99.298,25.769,18.825,1.665,Low
Compute,Liquid,NA,Peak,0.474,47.726,75.348,24.995,16.956,0.92,70.838,23.948,8.807,1.071,High
Compute,Air,NA,Peak,0.529,43.487,35.465,12.468,28.607,0.912,104.693,45.528,12.599,1.459,Medium
Compute,Hybrid,NA,Peak,0.251,18.301,56.292,14.808,24.535,0.826,83.516,31.887,8.874,1.718,Low
Edge,Liquid,EU,Off-Peak,0.995,79.256,75.265,13.921,22.205,0.884,59.653,13.654,10.366,1.476,Medium
GPU,Liquid,NA,Off-Peak,0.931,80.448,55.886,17.674,17.8,0.889,143.11,57.184,17.847,1.358,High
GPU,Air,NA,Peak,0.102,12.888,66.302,12.499,28.085,0.837,94.347,40.017,10.721,1.557,Low
Edge,Liquid,EU,Off-Peak,0.596,44.285,80.946,14.69,18.118,1.0,57.954,14.614,11.508,1.334,High
Compute,Air,EU,Night,0.885,75.523,74.799,20.371,18.365,0.843,100.086,28.404,17.801,1.402,Medium
Compute,Hybrid,NA,Peak,0.487,47.642,55.529,10.122,19.504,0.919,97.281,36.957,12.44,1.503,Medium
Compute,Air,EU,Peak,0.493,43.209,52.518,7.682,24.946,0.73,63.079,15.956,11.911,1.445,Medium
Compute,Air,ME,Night,0.441,35.236,63.619,10.671,26.778,0.935,108.498,52.714,4.691,1.765,Low
Compute,Air,EU,Off-Peak,0.126,16.144,46.458,18.358,25.208,0.906,62.215,16.548,10.952,1.717,Low
Storage,Air,APAC,Peak,0.811,59.827,73.179,28.008,22.691,0.841,69.484,40.742,4.961,1.592,Low
Compute,Air,ME,Off-Peak,0.511,44.757,81.359,10.519,22.302,0.951,67.11,32.567,3.157,1.503,Medium
Compute,Hybrid,NA,Off-Peak,0.578,44.537,77.356,36.285,25.809,0.683,67.745,27.622,7.453,1.434,Medium
Compute,Liquid,NA,Off-Peak,0.33,30.268,57.677,8.548,20.462,1.0,58.034,25.324,7.135,1.374,High
Compute,Hybrid,EU,Off-Peak,0.806,59.064,77.921,27.127,22.424,0.75,69.34,15.678,12.716,1.293,High
Edge,Hybrid,EU,Off-Peak,0.814,65.705,71.751,16.31,20.432,0.732,58.134,14.53,9.62,1.298,High
GPU,Air,EU,Off-Peak,0.598,51.015,71.934,23.719,20.486,0.843,140.569,35.45,25.916,1.641,Low
Edge,Liquid,NA,Peak,0.914,65.668,76.314,12.393,27.854,0.968,94.781,40.453,11.124,1.368,High
Storage,Air,EU,Off-Peak,0.204,34.878,92.125,16.948,21.328,0.81,46.022,7.614,8.217,1.269,High
Compute,Hybrid,NA,Night,0.808,62.27,77.135,24.339,23.188,0.793,93.88,36.671,11.445,1.345,High
GPU,Air,ME,Peak,0.603,47.511,85.573,9.006,24.838,0.758,129.212,66.341,6.143,1.604,Low
Compute,Air,NA,Off-Peak,0.308,28.846,42.644,10.681,18.636,0.76,62.791,25.578,7.532,1.649,Low
Compute,Air,ME,Peak,0.219,27.191,71.973,12.285,26.414,0.84,101.647,49.747,5.341,1.357,High
Compute,Air,NA,Peak,0.371,38.472,57.859,8.975,30.263,0.877,85.101,37.245,10.231,1.632,Low
Compute,Air,NA,Night,0.871,66.595,79.164,16.114,20.146,0.877,106.89,42.204,12.749,1.323,High
Compute,Air,NA,Peak,0.809,61.268,73.036,12.923,23.585,0.715,101.833,42.608,12.521,1.284,High
Compute,Liquid,ME,Peak,0.681,60.209,14.464,31.206,21.212,0.903,84.734,42.205,4.362,1.469,Medium
Storage,Hybrid,NA,Off-Peak,0.181,24.47,87.411,27.791,17.335,0.782,48.502,16.213,6.679,1.05,High
Compute,Air,EU,Off-Peak,0.959,70.42,53.331,20.938,21.27,0.911,103.869,23.852,18.69,1.541,Medium
Compute,Air,APAC,Off-Peak,0.375,37.105,45.273,19.27,27.294,0.762,56.358,34.732,4.476,1.698,Low
GPU,Hybrid,EU,Peak,0.646,59.879,62.507,14.196,22.05,0.98,106.201,24.841,19.523,1.707,Low
Compute,Air,NA,Peak,0.823,62.116,59.637,13.403,20.922,0.949,96.268,38.977,11.593,1.324,High
Compute,Hybrid,ME,Peak,0.22,25.713,48.094,8.364,22.055,0.897,53.695,25.333,2.96,1.559,Medium
GPU,Air,APAC,Off-Peak,0.687,54.592,71.706,14.572,22.647,0.905,92.493,55.632,7.316,1.398,High
Compute,Liquid,EU,Off-Peak,0.129,15.682,62.411,9.665,18.815,1.0,53.986,17.284,10.411,1.521,Medium
Compute,Liquid,EU,Off-Peak,0.192,15.226,54.618,27.465,23.607,0.908,69.812,18.024,12.505,1.519,Medium
Storage,Liquid,ME,Off-Peak,0.751,55.958,67.097,13.94,26.185,0.823,59.347,30.513,2.812,1.513,Medium
Compute,Hybrid,ME,Peak,0.24,23.792,55.18,12.29,23.691,0.751,71.88,34.905,3.3,1.551,Low
Storage,Air,EU,Off-Peak,0.499,50.503,61.886,7.435,26.859,0.807,45.446,7.698,7.685,1.337,High
GPU,Air,APAC,Peak,0.323,38.07,74.332,32.952,25.59,0.813,114.889,69.377,8.836,1.778,Low
Compute,Liquid,NA,Peak,0.479,47.062,92.76,10.567,15.823,1.0,64.254,27.487,6.889,1.389,High
Storage,Hybrid,NA,Off-Peak,0.169,22.027,67.823,2.52,15.278,0.831,43.608,17.068,5.449,1.05,High
Storage,Air,NA,Peak,0.779,70.151,98.0,39.507,23.663,0.864,126.893,50.844,15.446,1.413,Medium
Compute,Hybrid,NA,Off-Peak,0.171,19.574,16.312,4.273,17.831,0.707,65.893,28.626,7.044,1.622,Low
Storage,Air,EU,Peak,0.854,75.764,65.799,15.353,22.088,0.811,68.019,13.461,12.273,1.529,Medium
Compute,Air,EU,Off-Peak,0.696,57.774,55.654,16.22,18.028,0.769,94.53,25.677,17.948,1.457,Medium
Storage,Liquid,NA,Peak,0.475,41.758,87.613,11.195,26.44,1.0,57.842,19.707,6.831,1.554,Medium
Compute,Air,EU,Night,0.88,65.748,84.034,19.366,26.216,0.803,84.245,21.978,14.96,1.671,Low
Storage,Liquid,NA,Peak,0.268,31.781,62.364,4.604,22.299,1.0,59.061,22.217,7.543,1.34,High
Compute,Air,ME,Off-Peak,0.338,34.158,76.203,17.828,20.432,0.867,85.51,42.559,3.957,1.469,Medium
GPU,Air,APAC,Night,0.223,24.173,83.339,7.77,22.907,0.886,92.501,55.355,8.192,1.476,Medium
Compute,Liquid,NA,Off-Peak,0.443,36.95,50.666,27.156,19.854,1.0,60.221,24.332,6.86,1.277,High
Storage,Liquid,ME,Off-Peak,0.988,79.945,61.579,20.939,21.036,0.938,75.667,36.217,3.171,1.336,High
Storage,Air,NA,Off-Peak,0.245,28.82,56.258,4.629,21.809,0.825,55.109,25.427,6.607,1.483,Medium
GPU,Air,EU,Off-Peak,0.848,67.046,76.443,19.826,18.532,0.752,110.32,24.009,19.729,1.472,Medium
Storage,Air,ME,Night,0.687,63.399,78.786,14.363,20.084,0.763,71.724,36.432,3.439,1.514,Low
Storage,Air,NA,Peak,0.114,14.152,58.781,5.172,24.389,0.867,57.62,22.051,6.773,1.736,Low
GPU,Hybrid,EU,Night,0.95,74.677,77.192,16.464,19.21,0.824,115.822,27.916,20.198,1.39,Medium
GPU,Hybrid,NA,Off-Peak,0.974,76.619,86.445,22.123,17.844,0.804,107.819,44.229,12.934,1.292,High
Compute,Air,NA,Night,0.932,78.294,82.924,12.847,20.104,0.747,104.001,40.859,12.389,1.432,Medium
Storage,Air,EU,Peak,0.552,48.668,64.169,24.335,26.765,0.777,67.017,13.694,12.241,1.64,Low
GPU,Hybrid,ME,Night,0.298,25.258,73.608,9.488,18.886,0.906,106.852,55.564,5.617,1.17,High
Edge,Liquid,EU,Peak,0.452,40.506,58.358,7.618,23.235,0.934,56.789,11.09,9.969,1.435,Medium
GPU,Liquid,ME,Off-Peak,0.653,53.569,67.223,22.33,15.0,0.995,105.049,53.688,4.938,1.137,High
Compute,Liquid,ME,Off-Peak,0.441,36.472,96.775,11.007,22.041,0.915,57.777,27.386,2.68,1.414,Medium
Compute,Air,NA,Off-Peak,0.737,57.631,53.497,22.436,20.073,0.733,88.665,36.931,10.505,1.448,Medium
Storage,Air,EU,Off-Peak,0.816,65.964,76.533,18.452,24.225,0.908,72.043,19.649,14.03,1.269,High
GPU,Hybrid,EU,Peak,0.288,26.382,62.712,21.247,23.349,0.715,80.771,18.882,15.233,1.77,Low
Storage,Liquid,EU,Off-Peak,0.464,42.399,81.92,7.283,15.352,0.79,52.817,11.538,9.489,1.271,High
Storage,Air,NA,Peak,0.962,71.593,98.0,15.674,21.669,0.927,92.03,42.73,10.18,1.283,High
GPU,Air,ME,Off-Peak,0.325,26.742,80.608,10.347,21.358,0.722,124.215,61.53,7.232,1.423,Medium
Compute,Air,APAC,Off-Peak,0.412,37.674,67.627,13.084,24.341,0.712,65.452,37.214,5.449,1.551,Low
GPU,Liquid,EU,Peak,0.132,25.343,65.401,10.371,23.69,1.0,93.318,20.976,16.768,1.43,High
Storage,Air,EU,Off-Peak,0.399,35.05,53.467,11.68,25.255,0.841,68.629,12.748,12.978,1.575,Low
Compute,Air,NA,Off-Peak,0.434,33.614,71.295,37.75,24.285,0.876,88.984,37.198,10.931,1.562,Medium
Storage,Hybrid,EU,Peak,0.19,20.536,76.916,7.596,25.426,0.934,53.437,10.842,8.935,1.663,Low
GPU,Air,ME,Night,0.101,23.409,81.866,13.767,19.553,0.78,95.749,44.959,5.79,1.438,Medium
Compute,Air,APAC,Off-Peak,0.618,59.812,60.853,30.449,20.062,0.908,83.299,50.085,6.45,1.287,High
Compute,Air,NA,Peak,0.371,34.578,73.017,20.854,25.456,0.792,66.801,29.226,7.705,1.58,Low
Edge,Air,EU,Peak,0.116,16.961,39.655,12.663,30.857,0.75,34.484,7.425,7.034,1.819,Low
Compute,Air,EU,Off-Peak,0.874,79.77,68.852,12.131,22.486,0.82,104.15,26.284,18.649,1.402,Medium
Storage,Hybrid,NA,Peak,0.626,48.728,63.419,10.653,23.406,0.915,52.573,20.429,6.569,1.52,Medium
Storage,Hybrid,NA,Peak,0.254,29.038,83.437,7.571,24.343,0.677,76.765,29.093,9.816,1.687,Low
Storage,Air,EU,Peak,0.879,76.473,34.985,38.996,24.738,0.775,84.781,22.376,15.088,2.574,Low
Storage,Air,EU,Off-Peak,0.328,28.101,88.669,34.582,26.114,0.87,59.915,14.798,10.845,1.37,High
Compute,Liquid,NA,Off-Peak,0.305,26.647,40.676,30.327,16.905,0.853,67.113,26.283,8.445,1.504,Medium
Storage,Air,NA,Peak,0.905,65.99,70.586,16.099,32.382,0.871,88.328,35.419,10.612,2.014,Low
Compute,Air,NA,Off-Peak,0.262,25.675,89.523,22.534,21.909,0.823,72.992,30.949,8.916,1.458,Medium
Storage,Hybrid,NA,Night,0.891,72.93,37.277,14.414,23.148,0.906,77.76,33.439,9.445,1.426,Medium
Compute,Air,EU,Night,0.823,70.091,52.897,15.039,26.82,0.847,73.717,19.634,13.475,1.743,Low
Storage,Air,NA,Night,0.379,31.874,76.704,5.224,16.855,0.703,70.445,24.392,8.274,1.373,Medium
Compute,Air,NA,Night,0.131,12.028,31.37,7.229,20.777,0.785,69.56,26.348,8.922,1.451,Medium
Compute,Air,APAC,Peak,0.174,22.35,93.601,4.208,27.947,0.814,53.231,30.262,3.374,1.604,Low
Compute,Air,NA,Peak,0.199,25.784,56.139,23.534,27.217,0.932,50.625,23.268,5.811,1.586,Medium
Compute,Air,EU,Off-Peak,0.902,70.325,76.782,12.034,22.185,0.681,79.494,20.456,15.001,1.407,Medium
GPU,Air,ME,Off-Peak,0.464,39.001,68.314,21.248,24.206,0.834,96.109,51.09,3.703,1.531,Medium
Compute,Liquid,EU,Night,0.129,11.008,52.028,6.096,15.0,0.892,53.514,13.863,9.874,1.158,High
Edge,Air,APAC,Peak,0.601,50.297,86.302,27.119,25.876,0.935,44.305,21.869,3.593,1.549,Medium
Edge,Air,EU,Off-Peak,0.287,38.136,41.529,11.404,23.471,0.919,53.352,9.077,9.534,1.514,Medium
Storage,Liquid,NA,Off-Peak,0.312,25.719,54.018,22.188,18.844,0.797,40.041,15.528,4.433,1.367,Medium
Compute,Hybrid,EU,Off-Peak,0.245,21.457,59.98,10.719,19.345,0.792,61.171,9.758,11.289,1.439,Medium
Compute,Air,EU,Off-Peak,0.786,61.337,63.045,16.875,22.902,0.856,82.54,16.041,13.865,1.633,Low
GPU,Air,NA,Peak,0.101,15.254,29.621,13.902,21.853,0.777,100.363,44.63,11.526,1.343,Medium
Compute,Air,EU,Night,0.495,36.728,71.341,7.63,22.843,0.961,57.879,15.048,9.369,1.516,Medium
Compute,Liquid,ME,Off-Peak,0.178,21.466,53.183,6.448,20.198,0.968,218.847,109.423,10.942,1.276,High
Storage,Air,NA,Off-Peak,0.597,50.944,58.328,12.219,22.865,0.767,58.002,23.05,6.682,1.645,Low
GPU,Air,EU,Peak,0.411,33.269,96.917,6.189,22.005,0.833,97.926,25.221,17.625,1.477,Medium
GPU,Air,EU,Off-Peak,0.126,13.707,66.81,28.038,26.042,0.91,88.684,25.376,17.434,1.436,Medium
Compute,Air,APAC,Peak,0.515,43.756,53.211,20.305,21.554,0.682,80.084,49.924,6.294,1.541,Low
Storage,Air,APAC,Peak,0.614,47.646,63.169,11.134,21.974,0.703,77.517,45.874,6.197,1.613,Low
Compute,Air,APAC,Peak,0.323,29.889,48.096,9.543,34.434,0.958,58.962,37.834,4.606,1.567,Medium
Compute,Hybrid,NA,Peak,0.789,66.695,57.742,19.342,23.548,0.796,103.072,39.704,13.134,1.55,Low
GPU,Liquid,NA,Off-Peak,0.434,41.624,49.423,9.558,15.0,0.948,88.144,30.236,10.687,1.227,High
Compute,Air,NA,Peak,0.774,60.482,71.75,18.636,26.176,0.911,81.584,32.3,9.732,1.345,High
Compute,Air,EU,Night,0.621,54.596,53.15,17.304,21.186,0.888,68.811,18.089,12.517,1.469,Medium
Compute,Air,APAC,Peak,0.882,69.32,53.319,10.759,23.005,0.951,102.316,63.122,7.711,1.628,Low
GPU,Air,ME,Peak,0.592,54.216,38.628,11.27,26.45,0.879,102.077,52.038,5.473,1.148,High
GPU,Hybrid,EU,Night,0.267,27.922,64.158,9.769,19.337,0.791,102.054,24.064,18.343,1.529,Low
Storage,Hybrid,EU,Peak,0.84,66.337,77.844,13.231,19.395,0.854,65.87,14.841,11.303,1.468,Medium
GPU,Air,EU,Peak,0.805,69.709,65.016,22.957,25.458,0.926,134.974,35.614,23.787,1.37,High
Compute,Air,NA,Peak,0.975,73.153,82.689,13.317,24.131,0.664,93.147,36.794,11.56,1.778,Low
Storage,Air,EU,Night,0.184,19.024,27.241,2.023,20.626,0.883,32.338,9.173,5.211,1.541,Medium
Compute,Liquid,EU,Night,0.632,48.02,40.783,29.915,16.953,0.953,65.024,15.69,12.251,1.365,High
Compute,Liquid,ME,Peak,0.543,42.734,64.652,15.082,19.958,0.81,58.799,30.303,3.422,1.438,Medium
Storage,Hybrid,NA,Off-Peak,0.704,55.412,78.161,15.176,22.153,0.657,69.33,27.236,9.285,1.701,Low
Edge,Liquid,ME,Off-Peak,0.982,83.695,66.143,11.008,19.414,0.844,76.852,38.9,3.102,1.456,Medium
Compute,Air,EU,Night,0.579,48.501,76.291,16.809,33.08,0.893,102.303,25.265,18.969,1.424,Medium
Compute,Liquid,NA,Peak,0.717,55.638,76.685,18.338,22.407,0.833,82.219,32.788,10.544,2.283,High
Compute,Liquid,NA,Night,0.412,37.396,88.531,13.815,18.828,0.945,76.216,29.385,9.304,1.297,High
Compute,Liquid,NA,Peak,0.369,30.736,50.012,7.08,15.0,1.0,68.972,27.925,7.002,1.164,High
Edge,Air,EU,Peak,0.402,34.35,57.464,25.358,16.252,0.809,39.394,10.013,6.946,1.315,High
Storage,Liquid,NA,Peak,0.135,15.51,60.625,15.571,20.907,0.853,55.712,23.104,6.26,1.689,Low
Storage,Liquid,EU,Off-Peak,0.356,34.5,69.204,6.454,18.196,0.942,63.695,14.137,12.083,1.573,Medium
GPU,Liquid,ME,Off-Peak,0.256,29.348,29.841,14.409,20.97,0.882,110.657,56.594,5.484,1.485,Medium
Compute,Liquid,EU,Off-Peak,0.512,45.168,64.917,25.898,16.754,0.99,78.265,18.803,13.346,1.25,High
Storage,Liquid,APAC,Off-Peak,0.515,46.904,68.473,26.517,19.619,1.0,85.207,49.351,6.537,1.6,Medium
Storage,Liquid,NA,Off-Peak,0.789,66.591,62.237,11.624,21.007,0.999,74.084,28.064,9.142,1.433,High
Storage,Liquid,EU,Off-Peak,0.552,42.989,95.796,21.05,20.433,0.985,64.932,18.007,11.331,1.375,High
Edge,Liquid,NA,Peak,0.517,40.591,65.609,10.782,18.595,1.0,57.572,23.087,6.89,1.392,High
GPU,Air,APAC,Off-Peak,0.308,24.211,49.03,18.844,22.812,0.918,122.295,74.416,10.698,1.578,Medium
Compute,Air,NA,Peak,0.867,71.444,91.53,12.872,23.139,0.722,80.882,30.606,9.637,1.771,Low
GPU,Air,EU,Off-Peak,0.182,19.341,55.126,2.371,23.344,0.924,99.302,23.068,17.819,1.384,High
Compute,Liquid,EU,Off-Peak,0.984,74.227,75.679,18.2,20.015,1.0,124.683,26.154,22.269,1.05,High
Compute,Liquid,EU,Off-Peak,0.528,49.391,65.263,21.586,22.773,0.875,81.476,18.682,14.666,1.356,High
Compute,Hybrid,APAC,Off-Peak,0.267,28.084,79.762,7.947,20.073,0.977,71.223,40.166,6.219,1.365,High
Compute,Air,NA,Peak,0.419,32.936,55.369,7.883,27.841,0.908,105.437,39.535,12.115,1.715,Low
Storage,Air,NA,Off-Peak,0.114,26.261,45.66,9.998,25.885,0.922,60.417,26.311,7.117,1.515,Medium
Storage,Air,APAC,Peak,0.25,26.339,42.366,18.979,24.656,0.868,163.254,96.937,14.09,1.371,High
Edge,Air,EU,Night,0.402,38.336,60.358,17.152,18.984,0.912,41.107,9.568,7.562,1.425,Medium
Storage,Liquid,EU,Peak,0.599,52.051,68.316,21.522,20.76,0.858,71.274,16.517,12.619,1.315,High
Storage,Air,NA,Off-Peak,0.217,0.268,55.515,7.914,25.162,0.739,49.923,18.64,6.366,1.548,Low
Compute,Liquid,APAC,Off-Peak,0.708,57.841,62.521,15.765,19.23,0.844,98.983,57.266,8.701,1.514,Medium
Compute,Liquid,ME,Night,0.86,63.506,61.279,10.273,15.0,0.98,73.768,38.89,2.91,1.33,High
Storage,Air,EU,Off-Peak,0.615,51.358,90.015,10.434,36.458,0.939,54.149,15.315,9.683,1.675,Low
Storage,Hybrid,APAC,Peak,0.367,30.797,46.322,6.64,20.173,0.893,71.508,42.69,5.852,1.473,Medium
GPU,Air,EU,Off-Peak,0.209,30.242,29.697,3.67,22.566,0.84,97.844,24.107,17.755,1.543,Medium
Compute,Air,NA,Peak,0.114,13.724,56.777,8.519,30.418,0.814,72.95,32.251,8.699,1.767,Low
Compute,Hybrid,NA,Off-Peak,0.759,63.495,97.55,18.666,24.706,0.895,81.523,32.14,9.513,1.343,High
Storage,Hybrid,EU,Night,0.666,47.229,78.191,7.92,17.758,0.818,72.669,19.915,11.87,1.087,High
Compute,Air,EU,Peak,0.529,52.223,72.82,8.579,25.456,0.683,84.47,23.77,15.281,1.659,Low
Compute,Air,APAC,Off-Peak,0.192,30.648,72.371,19.035,25.812,0.978,55.651,34.125,4.282,1.437,High
GPU,Air,EU,Night,0.286,31.343,51.339,8.899,18.882,0.943,78.121,18.439,13.478,1.07,High
Compute,Air,ME,Peak,0.834,59.175,59.455,19.018,33.617,0.768,77.939,37.439,4.489,2.238,Low
Storage,Hybrid,EU,Off-Peak,0.532,50.417,65.393,12.562,16.399,0.776,86.02,22.568,15.228,1.206,High
Compute,Liquid,EU,Night,0.967,67.928,88.335,25.884,18.226,1.0,72.173,14.741,12.504,1.253,High
Compute,Air,NA,Night,1.0,71.813,65.616,11.312,20.201,0.733,81.124,33.17,10.745,1.55,Low
Compute,Hybrid,EU,Off-Peak,0.821,61.617,59.464,25.108,21.349,0.89,99.034,23.821,18.703,1.523,Medium
GPU,Air,APAC,Peak,0.332,37.663,58.384,5.442,26.034,0.734,108.62,64.662,8.543,1.676,Low
Compute,Air,NA,Peak,0.308,0.714,76.013,15.809,25.353,0.891,70.962,25.875,8.844,1.541,Medium
GPU,Hybrid,ME,Off-Peak,0.328,29.95,67.431,22.634,17.434,0.762,93.502,49.365,4.863,1.338,Medium
Compute,Hybrid,ME,Peak,0.988,84.626,76.68,14.359,21.627,0.859,86.652,44.762,3.367,1.597,Low
GPU,Hybrid,EU,Peak,0.402,31.654,46.661,24.726,17.48,0.749,100.62,24.281,18.111,1.47,Medium
Compute,Liquid,NA,Off-Peak,0.736,68.897,60.475,12.102,17.468,0.843,167.053,65.201,20.578,1.61,Low
Storage,Liquid,NA,Off-Peak,0.963,72.711,57.617,20.538,19.623,0.937,70.893,30.809,8.689,1.563,Medium
Storage,Air,NA,Night,0.838,67.845,51.206,10.503,22.947,0.802,81.305,32.986,9.97,1.265,High
Edge,Liquid,NA,Peak,0.638,53.702,52.202,12.778,18.688,0.895,63.203,29.911,9.165,1.516,Medium
Compute,Hybrid,EU,Peak,0.252,27.099,71.826,26.62,23.305,0.765,75.668,21.685,14.396,1.64,Low
Compute,Air,NA,Night,0.257,28.21,65.369,7.551,19.618,0.811,90.071,35.252,11.463,1.591,Low
Compute,Liquid,APAC,Off-Peak,0.543,53.493,65.231,20.113,20.401,0.931,92.548,52.696,7.502,1.46,Medium
GPU,Air,NA,Night,0.957,76.217,59.593,14.293,20.19,0.94,140.698,58.268,15.851,1.283,High
Storage,Air,NA,Night,0.914,77.567,67.685,16.445,22.397,0.756,96.583,38.345,12.045,1.737,Low
GPU,Liquid,EU,Night,0.25,24.255,64.096,25.47,16.619,0.88,105.116,24.85,19.249,1.05,High
Compute,Air,ME,Off-Peak,0.359,33.457,49.544,15.679,26.002,0.753,70.789,35.97,3.555,1.682,Low
Compute,Liquid,EU,Peak,0.63,51.929,63.336,8.729,24.707,1.0,98.995,23.395,17.876,1.369,High
Compute,Air,EU,Off-Peak,0.53,42.416,64.59,5.557,18.037,0.635,72.597,15.907,12.434,1.657,Low
Edge,Hybrid,APAC,Off-Peak,0.207,33.735,81.456,6.622,20.94,0.714,65.976,36.777,4.939,1.542,Low
Storage,Air,APAC,Peak,0.432,32.747,77.953,5.622,23.306,0.95,52.09,30.424,3.885,1.371,High
Edge,Air,APAC,Off-Peak,0.959,75.571,98.0,10.855,36.48,0.864,89.279,53.014,6.882,1.375,High
Compute,Air,NA,Peak,0.956,69.377,65.298,41.663,21.306,0.805,91.784,34.807,11.256,1.806,Low
Storage,Hybrid,APAC,Off-Peak,0.603,49.158,75.409,11.437,19.316,0.703,54.027,32.222,4.304,1.479,Low
Storage,Liquid,NA,Peak,0.672,50.929,72.757,24.687,22.503,1.0,79.081,30.88,9.52,1.428,High
Compute,Liquid,ME,Off-Peak,0.3,29.102,77.258,14.268,20.091,0.873,69.78,34.864,3.743,1.381,High
GPU,Air,NA,Night,0.768,64.171,95.402,23.887,20.415,0.84,110.867,45.565,12.251,1.659,Low
Edge,Air,ME,Peak,0.147,18.085,41.997,21.803,22.285,0.964,51.417,23.413,2.314,1.482,Medium
GPU,Air,ME,Off-Peak,0.299,35.222,52.282,18.489,23.538,0.819,98.367,49.577,4.843,1.346,High
GPU,Liquid,NA,Peak,0.105,16.012,32.952,6.799,23.597,0.81,94.116,38.275,10.207,1.652,Low
Compute,Air,ME,Night,0.447,33.356,75.535,12.484,19.939,0.765,55.337,27.426,2.249,1.615,Low
Compute,Hybrid,NA,Night,0.865,0.926,59.524,16.649,19.88,0.901,86.991,36.874,10.129,1.646,Low
Edge,Liquid,NA,Night,0.984,75.315,62.924,17.685,16.066,1.0,63.813,28.783,7.801,1.457,Medium
Compute,Air,EU,Night,0.701,68.274,76.693,14.989,18.529,0.83,74.14,20.479,12.963,1.359,High
GPU,Air,ME,Off-Peak,0.77,65.447,48.48,12.25,20.186,0.997,112.288,56.791,4.483,1.609,Medium
GPU,Liquid,EU,Peak,0.336,31.508,42.815,7.057,22.447,1.0,88.224,24.912,15.443,1.503,Medium
Storage,Air,EU,Peak,0.568,44.894,58.226,26.868,27.602,0.863,63.01,13.744,10.769,1.573,Low
Edge,Air,EU,Off-Peak,0.763,56.619,70.657,26.215,18.624,0.826,60.654,15.417,10.511,1.361,High
Compute,Air,ME,Off-Peak,0.548,46.56,60.805,35.612,22.122,0.862,73.549,36.21,3.909,1.729,Low
Compute,Liquid,APAC,Off-Peak,0.18,25.416,61.152,4.408,19.304,0.919,72.964,41.485,5.689,1.524,Medium
Compute,Liquid,NA,Peak,0.767,58.531,87.058,26.527,16.905,0.917,81.356,30.444,9.915,1.05,High
Storage,Air,NA,Peak,0.298,24.76,69.431,5.284,25.9,0.927,44.192,17.598,6.278,1.375,High
Compute,Air,NA,Off-Peak,0.188,19.356,49.305,3.768,22.401,0.821,84.475,34.014,10.566,1.653,Low
Compute,Air,EU,Peak,0.53,48.473,56.389,10.702,22.618,0.928,73.872,20.012,13.397,1.383,High
GPU,Liquid,NA,Off-Peak,0.167,16.499,66.268,9.59,22.029,0.894,88.006,33.502,10.124,1.524,Medium
Edge,Air,NA,Off-Peak,0.666,52.666,64.952,8.148,22.961,0.826,53.639,20.068,5.746,1.449,Medium
Compute,Air,APAC,Off-Peak,0.676,69.379,84.563,13.747,22.749,0.712,89.825,52.019,7.514,1.658,Low
Compute,Hybrid,NA,Peak,0.331,26.792,61.423,17.954,24.955,0.883,65.782,25.122,7.088,1.522,Medium
Edge,Hybrid,EU,Night,0.968,72.095,53.589,18.944,17.679,0.894,75.971,14.12,13.635,1.476,Medium
Compute,Hybrid,NA,Peak,0.842,72.725,74.174,12.771,20.533,0.828,89.178,35.893,9.642,1.472,Medium
Compute,Hybrid,NA,Peak,0.199,27.531,57.596,6.506,20.323,0.787,75.092,32.955,9.108,1.143,High
Compute,Air,NA,Off-Peak,0.774,62.795,73.718,16.342,16.38,0.655,77.513,30.622,9.392,1.47,Low
Storage,Air,EU,Peak,0.418,35.358,43.896,13.554,29.014,0.712,63.127,17.125,11.75,1.696,Low
Compute,Air,APAC,Peak,0.775,57.184,50.204,15.498,28.999,0.881,106.741,66.708,8.726,1.433,Medium
Edge,Air,NA,Peak,0.821,68.199,94.769,28.309,20.42,0.903,84.199,28.865,10.22,1.174,High
Storage,Hybrid,NA,Off-Peak,0.236,25.951,47.948,17.917,21.729,0.928,79.339,30.995,8.33,1.635,Low
Storage,Liquid,APAC,Night,0.696,61.726,63.428,12.007,15.0,0.957,84.75,53.948,6.526,1.249,High
Compute,Liquid,APAC,Off-Peak,0.876,62.318,43.429,13.67,15.0,0.937,103.508,60.249,7.408,1.177,High
Storage,Air,APAC,Off-Peak,0.391,36.744,63.689,5.919,20.338,0.897,67.865,43.054,4.787,1.395,High
Storage,Hybrid,ME,Peak,0.172,24.201,32.513,17.651,24.216,0.828,63.487,33.413,3.361,1.686,Low
GPU,Hybrid,APAC,Peak,0.125,14.215,56.131,26.539,20.58,0.928,95.327,55.416,7.879,1.332,High
GPU,Air,EU,Peak,0.199,33.589,61.871,11.28,22.108,0.97,110.065,27.501,19.461,2.293,Medium
Storage,Hybrid,APAC,Night,0.104,14.968,48.941,11.892,23.866,0.802,65.169,38.394,4.993,1.932,Low
Edge,Air,EU,Peak,0.394,32.241,72.045,13.127,25.347,0.789,68.938,13.229,12.357,1.496,Medium
GPU,Air,NA,Night,0.369,35.549,63.148,16.104,22.431,0.638,119.872,48.37,14.184,1.662,Low
GPU,Liquid,NA,Peak,0.199,17.699,64.166,11.559,23.034,0.848,80.096,31.775,9.942,1.675,Low
Compute,Liquid,NA,Off-Peak,0.686,51.743,65.161,12.978,16.504,0.842,69.808,29.217,8.561,1.408,Medium
Compute,Air,NA,Night,0.993,77.484,74.957,30.192,23.39,0.659,95.15,39.979,10.903,1.301,Medium
Compute,Air,NA,Peak,0.911,72.388,98.0,15.137,22.398,0.699,93.599,37.924,11.082,1.778,Low
Storage,Hybrid,NA,Off-Peak,0.328,25.66,58.503,14.934,21.254,0.67,40.558,14.132,4.529,1.32,Medium
Storage,Liquid,APAC,Peak,0.793,67.245,55.723,10.117,19.395,0.903,60.339,37.082,4.007,1.457,Medium
Storage,Liquid,ME,Peak,0.943,70.481,70.19,16.515,21.358,0.965,78.424,35.639,3.545,1.349,High
GPU,Air,EU,Peak,0.916,78.777,87.091,12.791,24.073,0.979,149.476,37.563,26.603,1.679,Low
GPU,Air,APAC,Night,0.896,69.003,57.976,16.139,21.28,0.952,104.98,62.793,9.247,1.536,Medium
Edge,Air,NA,Peak,0.808,61.192,39.222,16.131,26.512,0.819,82.357,37.027,9.929,1.477,Medium
Compute,Air,ME,Peak,0.364,35.16,24.212,17.887,23.001,0.786,100.756,46.656,5.386,1.56,Low
Storage,Air,EU,Night,0.175,18.326,59.035,5.976,23.044,0.751,77.399,19.956,13.605,1.599,Low
Compute,Air,NA,Peak,0.539,43.091,57.424,7.555,23.951,0.798,86.319,35.322,11.052,1.594,Low
Compute,Liquid,NA,Off-Peak,0.149,30.2,72.88,12.795,19.211,1.0,80.912,30.169,9.337,1.303,High
Compute,Air,NA,Night,0.999,72.191,72.02,15.404,18.222,0.558,77.218,32.546,9.316,1.532,Low
Compute,Hybrid,NA,Peak,0.422,39.001,84.991,10.885,22.551,0.68,70.356,30.076,8.661,1.54,Low
Storage,Air,NA,Peak,0.963,73.097,50.751,11.866,27.202,0.736,78.898,32.865,10.398,1.826,Low
GPU,Air,NA,Night,0.796,57.592,72.514,10.074,21.452,0.661,101.278,40.421,12.16,1.433,Medium
Compute,Air,NA,Peak,0.47,41.986,74.923,11.122,24.833,0.879,67.729,25.1,8.688,1.465,Medium
GPU,Air,NA,Peak,0.206,21.741,59.961,28.751,30.182,0.756,90.609,35.746,10.726,1.888,Low
Storage,Air,ME,Off-Peak,0.313,37.824,68.718,30.889,21.025,0.717,75.747,36.2,4.174,1.485,Low
Compute,Hybrid,NA,Off-Peak,0.706,61.252,73.415,8.243,26.107,0.94,84.471,32.672,10.345,1.327,High
Storage,Liquid,NA,Peak,0.847,65.351,52.221,13.775,22.659,1.0,65.721,23.446,8.16,1.536,Medium
Compute,Air,EU,Peak,0.981,75.934,57.837,30.878,30.331,0.922,97.059,17.329,18.053,1.491,Medium
Storage,Air,APAC,Peak,0.219,30.492,60.63,12.912,22.503,0.748,50.752,26.446,3.872,1.747,Low
Storage,Liquid,NA,Peak,0.24,21.92,89.797,8.418,19.209,0.931,63.447,21.276,8.626,1.364,High
Compute,Liquid,APAC,Off-Peak,0.138,13.078,47.431,7.689,21.976,0.879,69.786,45.917,5.172,1.417,Medium
Compute,Air,NA,Peak,0.334,38.284,69.784,20.495,23.183,0.853,72.554,29.187,9.161,1.531,Medium
Storage,Liquid,NA,Off-Peak,0.839,62.543,71.065,22.286,18.221,1.0,85.3,30.166,10.481,1.279,High
Edge,Hybrid,NA,Off-Peak,0.278,30.568,67.75,7.104,27.984,0.815,61.688,23.744,7.588,1.66,Low
Compute,Liquid,EU,Peak,0.593,47.539,68.172,9.889,15.0,1.0,77.698,17.78,14.54,2.25,High
GPU,Hybrid,NA,Peak,0.502,42.732,53.284,10.353,22.904,0.862,104.478,38.215,12.554,1.385,Medium
Storage,Hybrid,EU,Peak,0.393,29.335,71.92,12.508,19.549,0.887,69.333,18.801,12.254,1.551,Medium
Edge,Hybrid,NA,Peak,0.657,49.643,71.64,10.647,25.778,0.893,51.788,25.393,6.142,1.607,Low
GPU,Air,APAC,Off-Peak,0.552,43.061,90.061,21.626,21.115,0.974,107.996,62.414,8.411,1.292,High
Storage,Liquid,NA,Off-Peak,0.401,38.753,70.866,5.87,18.212,1.0,76.408,29.717,9.115,1.427,High
Storage,Liquid,EU,Peak,0.72,58.053,49.826,18.802,24.786,0.891,77.573,20.677,13.412,1.376,High
GPU,Liquid,EU,Off-Peak,0.352,26.928,72.473,11.61,16.682,0.936,107.58,25.5,19.573,1.234,High
Compute,Hybrid,EU,Night,0.679,54.419,80.496,31.383,18.642,0.796,77.845,16.309,14.664,1.837,Low
Compute,Air,NA,Peak,0.962,74.749,80.341,24.549,21.576,0.875,94.243,35.656,11.234,1.664,Low
Compute,Air,APAC,Off-Peak,0.756,56.103,90.412,34.564,17.818,0.886,67.502,37.96,5.488,1.337,High
GPU,Air,APAC,Off-Peak,0.477,49.694,36.27,10.529,17.457,0.708,120.983,73.145,9.701,1.878,Low
GPU,Air,NA,Peak,0.773,69.176,92.816,8.979,18.719,0.752,121.794,46.059,14.911,1.381,Medium
Compute,Air,ME,Off-Peak,0.828,67.642,75.776,13.555,17.026,0.894,80.937,42.023,4.759,1.508,Medium
Storage,Liquid,EU,Night,0.393,27.973,77.58,6.867,15.0,0.8,50.428,14.442,8.295,1.621,Low
Storage,Air,EU,Peak,0.735,60.716,57.63,10.965,26.164,0.893,68.664,12.337,12.0,1.339,High
Compute,Liquid,NA,Night,0.491,41.954,38.109,27.756,15.0,0.909,63.14,23.734,7.758,1.145,High
Edge,Liquid,EU,Peak,0.837,64.41,69.672,9.742,18.788,0.878,72.31,20.382,13.294,1.183,High
Compute,Air,NA,Peak,0.366,42.446,64.354,29.769,25.597,0.942,107.62,43.756,13.609,1.643,Low
Compute,Air,EU,Off-Peak,0.944,67.042,54.0,21.9,24.385,0.669,93.721,23.666,16.427,1.903,Low
Storage,Liquid,EU,Peak,0.617,53.834,76.27,10.154,22.698,0.957,72.872,17.457,13.751,1.313,High
GPU,Liquid,APAC,Off-Peak,0.418,40.905,68.713,11.77,20.026,0.89,97.566,58.364,7.67,1.421,Medium
Compute,Hybrid,NA,Peak,0.477,46.291,87.439,10.266,26.327,0.734,64.206,25.311,7.817,1.746,Low
Storage,Hybrid,APAC,Off-Peak,0.413,34.969,64.189,14.314,22.342,0.957,67.111,38.357,5.114,1.492,Medium
Storage,Hybrid,NA,Off-Peak,0.232,21.296,79.062,7.431,19.292,0.869,71.589,31.397,9.204,1.44,Medium
Compute,Liquid,EU,Off-Peak,0.162,25.553,58.808,10.314,24.59,0.891,84.115,17.709,15.373,1.461,Medium
Compute,Hybrid,APAC,Peak,0.39,32.891,65.395,8.739,28.356,0.927,50.227,29.977,5.014,1.574,Medium
Storage,Hybrid,EU,Peak,0.513,47.955,75.904,5.554,19.828,0.689,51.396,11.36,9.301,1.27,High
Compute,Hybrid,NA,Peak,0.426,36.372,66.458,7.022,23.981,0.775,59.25,22.022,6.66,1.726,Low
Edge,Air,NA,Off-Peak,0.113,11.896,45.923,20.663,21.995,0.775,40.835,16.754,4.612,1.38,Medium
GPU,Hybrid,NA,Peak,0.621,58.726,47.434,9.844,25.665,0.976,107.49,43.686,12.659,1.556,Medium
Edge,Air,EU,Off-Peak,0.23,23.795,46.373,22.681,25.191,0.835,64.864,14.465,11.82,1.781,Low
Compute,Liquid,NA,Peak,0.29,31.14,66.882,10.648,15.0,1.0,73.55,30.795,9.004,1.184,High
Edge,Air,APAC,Off-Peak,0.209,17.54,64.816,12.661,26.618,0.813,49.55,29.288,3.6,1.551,Low
Storage,Air,EU,Off-Peak,0.568,50.22,85.383,9.806,24.434,0.821,54.367,10.537,9.89,1.458,Medium
Compute,Air,NA,Off-Peak,0.186,22.836,58.047,13.723,25.648,0.7,60.932,22.381,7.489,1.643,Low
Compute,Air,NA,Off-Peak,0.331,25.239,67.681,6.697,26.333,0.747,56.179,19.473,7.38,1.196,High
Compute,Air,NA,Off-Peak,0.507,62.336,77.937,7.446,23.217,0.903,68.403,27.322,8.21,1.29,High
Storage,Hybrid,NA,Night,0.251,29.661,39.147,6.062,20.044,0.909,66.933,26.26,8.231,1.28,High
Storage,Air,EU,Off-Peak,0.502,52.351,49.831,8.945,23.657,0.763,53.364,13.55,9.986,1.695,Low
Compute,Air,EU,Off-Peak,0.408,37.772,78.82,10.53,23.407,0.763,75.939,17.313,13.243,1.491,Medium
Storage,Air,APAC,Night,0.875,72.663,58.803,20.352,19.34,0.819,97.405,60.0,7.865,1.409,Medium
Compute,Liquid,NA,Night,0.815,61.801,60.809,31.835,16.601,0.959,79.724,33.116,10.165,1.278,High
Storage,Air,ME,Off-Peak,0.994,77.654,84.856,13.594,22.083,0.768,85.873,41.111,4.844,1.405,Medium
Compute,Air,NA,Peak,0.576,52.547,46.167,18.587,31.035,0.537,68.936,25.918,8.147,1.828,Low
GPU,Air,NA,Off-Peak,0.618,55.16,51.749,34.089,21.348,0.795,114.498,49.404,13.645,1.364,Medium
GPU,Liquid,EU,Peak,0.952,74.258,72.705,21.306,21.383,0.829,130.379,30.757,24.793,1.582,Low
Storage,Air,APAC,Off-Peak,0.46,37.325,53.608,10.215,22.901,0.852,49.295,30.737,3.534,1.617,Low
Compute,Air,NA,Off-Peak,0.6,58.705,42.75,15.671,24.616,0.757,90.45,38.594,11.564,1.579,Low
Compute,Air,APAC,Off-Peak,0.441,49.416,62.181,6.063,23.283,0.933,65.816,42.312,4.757,1.594,Low
GPU,Hybrid,APAC,Off-Peak,0.591,49.975,74.053,7.894,25.657,0.982,121.024,71.947,9.246,1.508,Medium
Compute,Air,APAC,Off-Peak,0.173,21.372,41.992,20.868,24.093,0.799,58.029,34.279,4.45,1.439,Medium
Compute,Liquid,NA,Peak,0.805,60.923,68.094,14.95,23.936,0.926,72.259,30.622,9.628,1.428,Medium
Compute,Air,APAC,Peak,0.987,76.399,93.067,12.412,24.952,0.697,94.422,57.594,7.341,1.615,Low
Storage,Air,APAC,Off-Peak,0.159,18.207,64.782,12.629,16.925,0.789,56.672,30.005,3.849,1.279,High
Storage,Air,EU,Off-Peak,0.821,65.58,56.303,21.684,20.963,0.907,54.759,14.426,9.665,1.6,Low
GPU,Air,APAC,Off-Peak,0.318,24.184,78.238,6.964,25.554,0.809,99.793,59.781,6.861,1.707,Low
Compute,Air,ME,Peak,0.278,30.294,67.39,17.023,27.066,0.837,74.381,35.548,2.812,1.392,Medium
Compute,Air,EU,Peak,0.724,58.241,64.821,17.116,27.841,0.798,75.017,16.617,13.295,1.693,Low
GPU,Air,NA,Off-Peak,0.14,16.225,66.924,10.258,25.363,0.954,90.784,39.113,10.656,1.535,Medium
GPU,Liquid,EU,Off-Peak,0.517,37.675,54.454,6.187,33.132,0.76,101.697,23.857,18.633,1.126,High
Compute,Hybrid,NA,Peak,0.101,9.953,56.119,13.295,25.092,0.772,212.542,85.017,25.505,1.75,Low
Storage,Air,NA,Off-Peak,0.599,61.151,61.6,21.054,26.509,0.731,59.542,24.302,6.432,1.584,Low
Compute,Liquid,EU,Peak,0.516,38.645,82.141,9.788,25.824,0.948,73.14,16.838,12.934,1.641,Low
Edge,Hybrid,NA,Peak,0.924,78.782,57.533,21.707,27.76,0.866,72.882,27.951,9.048,1.209,High
Compute,Hybrid,EU,Peak,0.748,68.242,77.887,12.968,30.144,0.812,82.34,20.244,14.68,1.567,Low
Edge,Air,APAC,Off-Peak,0.213,24.779,56.62,30.121,18.931,0.964,51.117,31.425,4.479,1.525,Medium
Storage,Liquid,EU,Night,0.419,43.506,52.139,20.631,15.785,0.937,62.243,14.162,10.757,1.466,Medium
Storage,Air,ME,Peak,0.938,76.917,57.213,21.655,21.421,0.936,73.462,34.731,3.203,1.726,Low
Compute,Liquid,NA,Peak,0.753,58.04,85.124,9.455,18.152,1.0,70.952,30.351,8.536,1.439,High
Storage,Air,APAC,Off-Peak,0.635,48.933,77.328,14.847,26.279,0.799,63.255,37.927,4.411,1.63,Low
Storage,Air,APAC,Night,0.603,52.726,41.806,13.986,20.923,0.861,59.081,35.065,3.924,1.396,Medium
Compute,Air,NA,Peak,0.458,37.565,73.332,18.869,28.289,0.873,69.92,27.647,7.761,1.532,Medium
Storage,Air,NA,Peak,0.627,51.346,46.12,17.772,24.002,0.776,58.329,24.776,7.396,1.587,Low
Edge,Liquid,NA,Peak,0.794,70.346,76.463,14.781,24.975,0.932,78.68,33.548,9.451,1.244,High
Storage,Air,APAC,Peak,0.215,19.807,22.308,8.685,25.704,0.774,52.243,33.768,4.507,1.696,Low
GPU,Liquid,APAC,Off-Peak,0.973,79.851,39.12,24.678,19.658,0.862,124.346,73.989,9.065,1.457,Medium
Compute,Air,NA,Night,0.315,37.587,67.223,17.732,23.246,0.85,53.455,22.887,6.988,1.399,Medium
Storage,Air,EU,Off-Peak,0.503,40.332,89.175,13.403,22.828,0.845,79.762,20.817,14.601,1.413,Medium
Compute,Liquid,NA,Night,0.12,18.021,78.726,20.628,15.0,0.786,45.193,17.423,4.653,1.453,Medium
Storage,Hybrid,EU,Off-Peak,0.595,55.052,63.598,22.526,16.629,0.731,61.022,16.704,11.361,1.459,Medium
Edge,Air,ME,Night,0.444,32.169,76.926,34.294,25.984,0.848,66.131,38.039,3.945,1.351,High
Storage,Air,NA,Peak,0.325,29.467,60.706,9.441,24.531,0.964,51.768,22.25,5.6,1.425,High
Compute,Hybrid,ME,Peak,0.987,72.744,79.379,20.751,20.707,0.945,97.624,51.412,5.198,1.218,High
Compute,Air,APAC,Off-Peak,0.485,38.964,59.607,19.763,22.442,0.783,80.197,44.265,5.472,1.433,Medium
Storage,Hybrid,ME,Peak,0.473,48.719,76.54,10.95,19.813,0.846,65.776,35.988,3.397,1.078,High
Storage,Liquid,NA,Peak,0.517,45.558,77.105,25.699,22.352,0.854,64.969,26.096,7.415,1.426,Medium
GPU,Air,NA,Off-Peak,0.205,23.36,65.04,9.872,23.844,0.964,91.464,36.43,10.537,1.564,Medium
GPU,Air,NA,Peak,0.454,33.373,43.242,13.145,26.527,0.847,89.046,36.57,11.503,2.271,Medium
Storage,Air,APAC,Off-Peak,0.403,29.522,73.803,13.856,22.119,0.819,63.01,39.849,5.092,1.693,Low
Compute,Air,EU,Peak,0.519,49.282,69.571,7.7,29.626,0.85,77.883,19.825,13.584,1.598,Low
Compute,Hybrid,NA,Off-Peak,0.871,65.517,77.339,12.819,22.795,0.682,104.045,40.878,12.201,1.642,Low
Compute,Liquid,APAC,Peak,0.274,24.251,5.0,11.6,25.288,0.968,71.471,40.514,5.852,1.557,Medium
Compute,Liquid,NA,Off-Peak,0.647,55.61,38.22,13.535,16.447,0.815,74.91,29.852,8.943,1.313,High
Storage,Liquid,NA,Peak,0.134,15.334,68.946,19.71,24.706,1.0,53.682,21.12,6.326,1.602,Medium
Storage,Air,EU,Off-Peak,0.385,31.448,91.048,18.599,21.406,0.784,78.816,18.584,14.139,1.301,High
Storage,Liquid,NA,Off-Peak,0.525,42.918,52.115,14.645,19.12,0.969,60.621,25.796,7.862,1.149,High
Compute,Air,NA,Peak,0.167,30.481,56.108,29.698,25.588,0.816,78.07,34.492,9.809,1.576,Low
Compute,Liquid,NA,Peak,0.59,0.155,26.297,10.722,20.443,1.0,66.644,25.275,7.94,1.486,Medium
Compute,Air,APAC,Peak,0.379,37.22,56.653,20.019,28.063,0.834,100.043,57.543,8.152,1.852,Low
Compute,Liquid,APAC,Off-Peak,0.994,83.553,71.646,21.324,20.457,0.885,107.464,65.182,8.378,1.473,Medium
GPU,Hybrid,EU,Off-Peak,0.668,53.118,58.61,19.483,15.186,0.771,113.363,29.03,20.046,1.05,High
Compute,Air,APAC,Peak,0.32,46.632,81.847,13.699,30.238,0.637,74.943,45.631,5.866,1.739,Low
Storage,Air,EU,Off-Peak,0.192,23.038,62.784,10.745,25.777,0.827,42.71,13.07,7.596,1.473,Medium
Compute,Liquid,NA,Night,0.137,25.375,48.945,6.38,21.737,0.873,71.896,31.055,8.403,1.494,Medium
GPU,Air,APAC,Peak,0.182,23.38,66.044,6.771,24.755,0.841,89.813,53.081,7.058,1.341,High
Storage,Liquid,EU,Off-Peak,0.712,60.688,85.373,11.451,18.309,0.814,179.524,44.881,32.314,1.244,High
Compute,Hybrid,EU,Off-Peak,0.869,73.767,54.248,32.482,19.455,0.832,91.428,25.621,16.797,1.444,Medium
Storage,Air,EU,Off-Peak,0.241,23.886,45.398,31.608,23.061,0.952,58.8,18.475,11.066,1.497,Medium
GPU,Air,EU,Peak,0.462,43.681,39.131,21.311,26.898,0.651,102.064,25.396,19.174,1.494,Low
Edge,Liquid,NA,Peak,0.419,42.579,59.444,22.346,20.804,1.0,59.715,24.408,6.396,1.716,Low
Compute,Air,APAC,Peak,0.68,52.857,72.323,13.265,23.121,0.887,73.704,46.099,6.001,1.459,Medium
GPU,Air,NA,Off-Peak,0.264,30.611,46.755,10.353,25.403,0.774,88.932,36.03,10.92,1.695,Low
Edge,Hybrid,APAC,Off-Peak,0.958,77.114,92.884,14.479,20.5,0.674,67.533,40.035,5.67,1.411,Medium
Edge,Liquid,NA,Peak,0.756,62.297,82.675,13.553,22.093,0.902,71.485,30.39,7.952,1.444,Medium
Storage,Air,NA,Peak,0.96,73.686,59.913,33.385,21.076,0.974,66.673,26.558,8.584,1.333,High
Storage,Air,EU,Peak,0.35,28.463,46.405,4.706,21.913,0.844,81.309,21.35,14.34,1.585,Low
Storage,Liquid,NA,Night,0.629,57.78,45.802,18.515,15.0,1.0,94.686,37.457,11.557,1.242,High
GPU,Liquid,APAC,Peak,0.759,61.254,63.099,30.026,20.688,0.806,112.332,68.931,8.786,1.612,Low
Storage,Hybrid,EU,Off-Peak,0.74,58.622,92.102,14.713,18.692,0.859,64.165,14.871,11.391,1.448,Medium
Storage,Air,EU,Off-Peak,0.119,12.467,43.478,12.934,22.885,0.769,38.685,5.069,6.75,1.368,Medium
Storage,Hybrid,NA,Night,0.998,75.976,82.856,41.124,17.053,0.82,76.958,29.989,9.792,1.651,Low
GPU,Liquid,NA,Off-Peak,0.935,82.993,73.682,18.311,25.054,0.813,122.359,50.683,14.865,1.55,Low
GPU,Liquid,NA,Peak,0.208,17.891,32.316,11.293,23.109,0.926,83.048,32.507,10.886,1.474,Medium
Compute,Liquid,EU,Night,0.589,52.431,79.248,8.832,16.306,0.907,90.159,22.411,16.45,1.17,High
GPU,Air,EU,Off-Peak,0.383,35.114,54.609,26.348,26.542,0.813,97.606,22.681,16.876,1.552,Low
Storage,Hybrid,EU,Off-Peak,0.891,78.637,63.673,11.459,22.071,0.841,91.041,24.164,16.028,1.458,Medium
GPU,Air,ME,Peak,0.728,64.348,68.986,17.562,24.884,0.706,109.898,58.103,6.568,2.5,Low
Storage,Air,EU,Peak,0.301,30.268,56.262,17.16,22.183,0.704,54.768,14.569,9.563,1.582,Low
Compute,Hybrid,ME,Off-Peak,0.13,17.918,71.965,5.753,21.263,0.852,58.531,26.546,3.17,1.724,Low
Edge,Liquid,NA,Night,0.363,1.262,52.675,6.144,16.57,0.788,57.854,23.415,7.894,1.418,Medium
Compute,Hybrid,NA,Off-Peak,0.134,13.974,60.687,23.318,25.455,0.772,86.767,32.604,10.515,1.708,Low
GPU,Liquid,NA,Night,0.227,18.889,67.045,12.442,15.0,0.881,95.942,40.037,11.379,1.482,Medium
Storage,Air,NA,Off-Peak,0.673,51.569,51.58,35.293,22.643,0.646,79.692,31.799,9.867,1.825,Low
Storage,Hybrid,EU,Peak,0.771,67.57,70.958,25.395,20.767,0.796,119.427,28.528,21.526,1.3,High
Compute,Air,EU,Off-Peak,0.521,46.193,51.35,23.334,21.817,0.936,76.72,20.134,13.652,1.6,Low
Storage,Hybrid,EU,Off-Peak,0.64,51.214,74.463,9.866,18.532,0.766,54.584,16.75,10.035,1.479,Medium
Compute,Air,APAC,Off-Peak,0.24,19.804,22.741,31.86,22.758,0.71,48.12,26.595,2.743,1.594,Low
Compute,Hybrid,ME,Night,0.385,39.823,82.092,13.174,15.0,0.86,77.295,38.116,3.269,1.16,High
Compute,Air,APAC,Peak,0.742,54.661,62.18,13.237,24.312,0.917,65.297,39.715,5.65,1.587,Low
Compute,Liquid,NA,Peak,0.428,42.68,65.764,8.238,23.638,0.689,69.707,28.424,8.401,1.156,High
Edge,Hybrid,NA,Night,0.414,31.461,66.785,9.419,19.518,0.877,40.447,17.742,4.618,1.363,High
Edge,Air,NA,Peak,0.275,20.73,52.642,19.476,25.761,0.894,44.202,19.821,4.9,1.347,High
Compute,Liquid,NA,Off-Peak,0.635,49.493,57.928,29.749,21.427,1.0,81.832,33.337,9.408,1.59,Medium
GPU,Hybrid,EU,Night,0.829,63.996,74.341,20.962,21.132,0.832,113.734,23.008,19.836,1.653,Low
Compute,Liquid,EU,Peak,0.523,48.622,83.993,6.604,18.242,0.88,82.489,20.88,15.291,1.349,High
Storage,Hybrid,NA,Night,0.204,24.838,66.039,3.589,20.958,0.78,77.098,33.262,9.54,1.344,Medium
GPU,Air,APAC,Peak,0.855,63.784,65.764,11.52,23.818,0.844,115.246,68.348,10.423,1.428,Medium
Edge,Air,APAC,Off-Peak,0.164,16.216,77.543,19.568,26.224,0.755,54.81,35.318,4.666,1.392,Medium
Storage,Air,NA,Peak,0.525,47.121,90.87,19.64,27.261,0.849,85.379,32.137,9.958,1.475,Medium
GPU,Air,NA,Off-Peak,0.335,36.457,57.408,5.893,21.433,0.915,112.271,46.166,12.94,1.35,High
Compute,Air,APAC,Off-Peak,0.943,71.74,77.998,14.678,18.788,0.744,86.867,52.688,6.692,1.566,Low
Edge,Liquid,EU,Off-Peak,0.764,61.175,75.558,9.813,21.0,0.965,109.12,28.201,20.297,1.316,High
Compute,Air,NA,Off-Peak,0.61,57.092,90.523,11.719,23.299,0.937,85.799,34.731,11.109,2.495,High
Storage,Air,NA,Night,0.701,50.688,78.988,9.49,23.981,0.798,60.677,23.208,7.633,1.449,Medium
Storage,Air,NA,Off-Peak,0.579,43.586,80.637,14.351,23.073,0.925,56.662,21.881,7.382,1.463,Medium
Storage,Hybrid,NA,Night,0.233,24.563,87.397,8.162,17.695,0.867,61.913,22.795,7.774,1.627,Low
Compute,Liquid,APAC,Off-Peak,0.738,66.078,73.168,11.675,33.328,0.961,80.027,46.741,6.501,1.231,High
Edge,Air,NA,Off-Peak,0.543,46.507,75.528,22.471,20.769,0.9,57.993,20.292,6.371,1.323,High
Compute,Hybrid,NA,Peak,0.671,52.154,72.798,16.243,26.983,0.959,71.003,27.713,7.422,1.581,Medium
Storage,Air,NA,Night,0.141,23.625,56.724,6.131,20.58,0.655,59.199,19.431,7.26,1.713,Low
Compute,Hybrid,APAC,Peak,0.228,27.881,39.263,9.668,25.395,0.966,60.015,34.917,4.884,1.391,High
Compute,Liquid,NA,Peak,0.63,59.278,51.325,13.426,18.052,0.873,89.929,39.471,11.351,1.328,High
Storage,Air,NA,Peak,0.513,43.624,42.002,22.772,20.801,0.829,69.312,24.664,8.502,1.391,Medium
Storage,Liquid,EU,Peak,0.304,32.426,66.879,11.529,22.066,0.868,83.922,19.427,14.646,1.314,High
Compute,Liquid,EU,Night,0.317,24.89,70.226,19.565,19.564,0.774,48.736,14.824,8.59,1.613,Low
Compute,Air,NA,Peak,0.668,48.573,52.312,10.638,32.912,0.903,74.025,27.987,8.744,1.572,Medium
Storage,Hybrid,NA,Night,0.153,12.418,48.463,4.687,15.0,0.878,37.238,15.451,5.524,1.647,Low
GPU,Air,APAC,Off-Peak,0.491,36.454,63.601,14.917,20.323,0.707,96.904,60.892,8.092,1.438,Medium
GPU,Air,ME,Night,0.571,48.283,89.745,9.194,23.948,0.748,100.279,50.168,5.454,1.534,Low
Compute,Air,NA,Off-Peak,0.377,37.076,57.352,5.794,19.777,0.77,85.421,34.187,10.634,1.749,Low
Compute,Air,NA,Peak,0.838,68.764,95.194,33.376,26.211,0.748,97.049,35.859,11.748,2.071,Low
Compute,Air,NA,Off-Peak,0.151,16.029,12.226,15.376,23.595,0.695,63.594,25.215,8.258,1.466,Medium
Compute,Hybrid,APAC,Off-Peak,0.879,73.882,87.406,21.409,24.508,0.781,102.761,62.02,7.03,1.645,Low
Storage,Air,EU,Peak,0.751,61.453,49.796,11.504,28.833,0.831,87.079,17.291,14.958,1.666,Low
Storage,Air,APAC,Peak,0.502,40.853,63.144,21.331,26.191,0.901,72.23,46.573,5.657,1.591,Low
Compute,Liquid,EU,Peak,0.932,86.03,59.97,32.44,24.868,1.0,102.244,25.332,18.448,1.732,Low
Compute,Hybrid,ME,Peak,0.732,58.735,65.881,7.681,24.419,0.931,76.275,37.228,3.866,1.686,Low
Compute,Hybrid,APAC,Off-Peak,0.938,71.089,69.746,30.139,19.228,0.925,94.035,53.582,7.613,1.284,High
GPU,Liquid,APAC,Peak,0.525,47.326,54.452,8.825,17.093,0.911,145.397,85.308,11.293,1.31,High
Edge,Hybrid,EU,Off-Peak,0.508,46.605,64.25,20.625,18.767,0.903,75.165,19.376,14.385,1.491,Medium
Compute,Liquid,NA,Night,0.578,45.358,68.744,13.359,15.0,0.757,66.398,28.055,8.732,1.25,High
Compute,Hybrid,EU,Peak,0.159,19.166,40.6,5.966,30.768,0.855,48.139,14.081,7.849,1.675,Low
GPU,Liquid,EU,Off-Peak,0.918,0.179,58.43,17.78,20.461,1.0,107.392,26.915,19.128,1.4,High
Edge,Air,EU,Peak,0.701,54.857,89.832,11.062,22.831,0.91,50.775,13.955,9.565,1.492,Medium
Storage,Air,NA,Peak,0.656,54.79,67.132,8.283,24.748,0.971,59.419,25.491,7.392,1.683,Low
Compute,Liquid,EU,Off-Peak,0.934,68.431,74.739,18.568,15.0,0.965,87.15,26.622,15.339,1.31,High
Compute,Air,EU,Peak,0.994,77.514,62.086,17.908,23.519,0.865,90.702,20.026,15.96,1.697,Low
Storage,Air,EU,Peak,0.247,34.362,61.829,11.459,19.762,0.838,78.591,22.071,14.392,1.503,Medium
Compute,Liquid,NA,Peak,0.774,64.846,61.921,11.896,20.62,1.0,89.643,33.342,11.614,1.364,High
Compute,Hybrid,EU,Night,0.622,50.416,76.001,13.428,15.0,0.795,81.345,19.783,14.084,1.219,High
Storage,Air,NA,Off-Peak,0.515,0.174,57.952,20.272,21.497,0.911,61.464,22.6,7.413,1.288,High
Compute,Liquid,APAC,Night,0.98,71.222,70.773,17.858,15.0,0.942,120.769,74.755,9.146,1.207,High
GPU,Liquid,EU,Night,0.865,67.411,98.0,9.778,15.243,0.89,121.779,28.358,22.088,1.373,High
Compute,Hybrid,NA,Peak,0.727,60.307,77.236,14.714,19.378,0.754,95.798,41.52,11.273,1.637,Low
Compute,Hybrid,NA,Peak,0.444,46.481,60.833,13.315,22.946,0.833,79.108,32.524,10.036,1.575,Low
Storage,Liquid,EU,Peak,0.699,56.826,69.49,13.155,24.864,0.977,101.367,23.29,17.371,1.251,High
Compute,Liquid,NA,Off-Peak,0.579,45.639,84.081,8.372,24.17,1.0,55.551,26.105,6.31,1.432,High
Edge,Air,ME,Off-Peak,0.324,33.535,44.984,12.788,17.572,0.957,53.538,28.337,2.13,1.349,High
Storage,Liquid,EU,Peak,0.505,59.678,64.826,12.093,18.916,0.99,111.709,28.257,19.993,1.248,High
Compute,Liquid,NA,Peak,0.291,22.616,61.113,14.172,23.922,1.0,48.938,21.76,6.794,1.317,High
GPU,Hybrid,EU,Peak,0.55,47.166,68.473,6.591,35.397,0.791,118.602,31.067,21.493,1.455,Medium
Compute,Liquid,NA,Night,0.748,68.589,61.62,13.397,19.244,0.873,81.468,34.436,10.57,1.514,Medium
Edge,Air,APAC,Night,0.133,16.681,54.038,12.221,21.796,0.865,55.59,31.264,4.759,1.573,Low
Compute,Liquid,NA,Peak,0.789,57.945,42.163,14.86,21.83,0.889,91.182,37.598,10.632,1.378,High
Storage,Air,ME,Peak,0.118,19.53,66.282,7.42,19.732,0.868,57.923,29.229,2.821,1.703,Low
Compute,Air,EU,Peak,0.566,43.94,53.899,8.635,28.339,0.883,84.393,23.822,15.402,1.346,High
Storage,Air,APAC,Night,0.616,58.727,95.582,9.517,24.804,0.713,62.2,36.287,4.422,1.694,Low
GPU,Air,NA,Night,0.785,56.681,71.004,21.599,19.958,0.802,109.532,46.107,13.002,1.518,Medium
GPU,Hybrid,NA,Peak,0.785,66.338,55.294,14.851,23.711,0.96,124.154,48.475,14.409,1.22,High
Compute,Air,APAC,Peak,0.476,36.509,41.967,26.727,24.174,0.859,100.474,59.143,7.63,1.389,Medium
Compute,Air,EU,Peak,0.16,0.52,54.032,25.765,25.094,0.818,65.76,15.441,11.406,1.434,Medium
GPU,Hybrid,NA,Off-Peak,0.724,67.689,76.2,21.724,23.808,0.874,131.861,51.3,15.485,1.634,Low
Edge,Air,NA,Off-Peak,0.56,46.755,73.04,5.89,20.727,0.958,42.43,14.482,4.58,1.247,High
Compute,Air,NA,Off-Peak,0.4,29.095,48.69,16.904,24.932,0.837,61.688,26.276,6.594,1.232,High
Storage,Air,EU,Night,0.311,31.112,98.0,12.029,23.237,0.92,52.978,13.791,9.246,1.308,High
Compute,Air,NA,Peak,0.208,23.179,73.801,6.315,27.996,0.892,57.1,21.884,7.627,1.651,Low
GPU,Air,NA,Off-Peak,0.366,38.615,83.016,10.357,23.032,0.835,103.371,42.352,13.132,1.57,Low
Compute,Air,NA,Peak,0.513,40.016,70.454,9.482,21.937,0.68,90.479,31.227,10.773,1.341,Medium
Compute,Liquid,EU,Peak,0.53,47.921,50.438,9.348,34.956,0.879,89.002,22.836,15.994,1.398,Medium
GPU,Air,NA,Off-Peak,0.624,60.69,69.504,21.132,23.539,0.801,127.038,50.242,14.562,1.679,Low
Compute,Air,ME,Night,0.426,47.041,61.276,22.425,24.289,0.874,83.368,44.019,4.306,1.394,Medium
Storage,Hybrid,NA,Off-Peak,0.928,82.818,85.4,10.842,22.734,0.841,79.104,32.825,9.374,1.491,Medium
Storage,Air,ME,Off-Peak,0.546,47.442,60.088,12.411,19.395,0.874,62.522,32.14,3.833,1.263,High
Compute,Hybrid,EU,Off-Peak,0.481,42.408,60.352,8.618,16.372,0.891,62.928,13.642,10.547,1.341,High
Compute,Air,NA,Peak,0.143,18.409,31.141,5.742,22.521,0.713,63.312,28.577,6.932,1.524,Low
Storage,Air,NA,Off-Peak,0.639,52.108,70.74,8.772,21.214,0.901,58.911,25.535,6.296,1.621,Low
Compute,Liquid,EU,Off-Peak,0.643,58.15,54.504,30.038,16.411,0.961,76.945,21.888,13.944,1.166,High
Storage,Air,EU,Off-Peak,0.625,55.432,65.079,15.331,15.0,0.882,63.22,13.929,11.196,1.246,High
GPU,Air,EU,Off-Peak,0.899,66.509,68.774,18.599,20.311,0.93,181.948,45.487,32.751,1.495,Medium
GPU,Liquid,NA,Off-Peak,0.787,61.192,50.207,14.669,19.265,0.792,148.21,60.665,18.273,1.623,Low
Compute,Air,ME,Night,0.881,72.545,64.635,24.391,24.655,0.949,95.377,46.939,4.23,1.782,Low
Compute,Liquid,ME,Peak,0.153,17.509,48.737,4.234,24.908,1.0,49.932,27.727,2.823,1.217,High
Compute,Hybrid,EU,Night,0.386,31.303,67.643,24.065,21.848,0.943,52.834,13.434,9.569,1.415,High
Compute,Air,EU,Night,0.387,29.669,50.693,10.625,21.571,0.883,58.07,18.068,10.602,1.708,Low
Storage,Liquid,EU,Peak,0.691,68.476,77.704,15.109,26.534,0.863,82.768,19.681,14.126,1.766,Low
Storage,Liquid,NA,Off-Peak,0.504,41.438,73.059,10.482,18.433,0.831,61.096,23.689,7.243,1.341,High
Compute,Hybrid,NA,Peak,0.8,63.4,63.485,10.989,24.743,0.848,83.333,28.657,10.896,1.687,Low
Compute,Hybrid,EU,Peak,0.446,35.278,61.409,27.371,22.34,0.871,54.079,10.885,9.686,1.534,Medium
Compute,Hybrid,APAC,Off-Peak,0.299,38.019,64.337,9.714,20.905,0.719,83.38,52.274,6.96,1.595,Low
Storage,Air,NA,Night,0.362,35.322,54.762,3.734,23.283,0.763,66.67,28.415,7.924,1.496,Medium
Compute,Liquid,EU,Peak,0.264,19.555,65.922,17.827,18.382,0.857,68.348,16.009,11.521,1.446,Medium
Storage,Air,APAC,Night,0.278,21.255,73.985,5.606,23.315,0.892,50.061,29.915,4.631,1.542,Medium
Compute,Air,NA,Off-Peak,0.295,33.977,78.718,38.194,20.956,0.835,63.001,24.453,7.494,1.404,Medium
GPU,Hybrid,NA,Night,0.114,14.721,73.217,13.028,19.707,0.984,97.577,38.878,12.001,1.658,Low
GPU,Air,APAC,Night,0.744,62.03,72.139,11.612,22.262,0.781,130.501,75.745,10.953,1.652,Low
Compute,Hybrid,NA,Night,0.46,48.596,54.71,12.431,21.065,0.794,87.403,36.462,10.378,1.763,Low
Compute,Air,NA,Off-Peak,0.12,21.633,76.228,14.438,22.589,0.898,72.258,30.197,8.362,1.445,Medium
Storage,Hybrid,NA,Night,0.433,0.356,62.726,8.727,15.0,0.784,74.636,29.438,8.222,1.232,High
Compute,Air,NA,Peak,0.915,75.503,78.771,25.92,28.819,0.89,80.483,31.835,8.248,1.615,Low
Storage,Air,APAC,Peak,0.56,52.603,24.874,12.571,25.493,0.905,61.505,35.444,4.972,1.576,Medium
GPU,Air,EU,Peak,0.988,73.294,98.0,12.106,21.266,0.903,106.087,28.315,19.882,1.403,High
Storage,Liquid,EU,Off-Peak,0.586,48.835,91.215,9.916,27.073,0.957,58.284,13.733,10.673,1.316,High
GPU,Air,EU,Peak,0.967,80.451,57.061,15.984,27.725,0.916,118.03,28.637,21.208,1.52,Medium
Compute,Liquid,ME,Peak,0.282,26.172,55.456,32.631,25.082,0.921,63.936,33.088,3.234,1.293,High
Compute,Air,NA,Night,0.361,27.003,54.243,23.268,20.503,0.969,72.366,31.254,8.492,1.256,High
GPU,Air,NA,Off-Peak,0.73,62.279,46.96,8.881,27.97,0.759,122.259,46.844,14.439,1.756,Low
Compute,Air,ME,Night,0.988,82.949,62.328,13.781,17.474,0.825,99.636,50.793,4.689,1.704,Low
Storage,Air,ME,Peak,0.843,69.875,98.0,13.751,25.73,0.911,76.074,37.33,4.003,1.717,Low
Compute,Hybrid,NA,Peak,0.598,51.562,72.291,10.938,24.46,0.826,88.337,39.223,10.98,1.389,Medium
Compute,Hybrid,NA,Peak,0.177,17.759,79.22,15.54,20.159,0.889,53.996,24.481,6.399,1.485,Medium
Edge,Air,EU,Peak,0.428,47.257,62.972,16.227,23.631,0.907,56.112,13.718,10.037,1.472,Medium
Compute,Liquid,NA,Peak,0.178,19.668,26.304,9.805,20.771,0.803,74.373,30.844,8.913,1.511,Medium
Edge,Liquid,EU,Peak,0.38,29.894,58.576,10.623,16.324,0.946,54.166,14.494,9.561,1.325,High
Edge,Air,NA,Peak,0.333,31.414,60.452,7.711,26.127,0.826,48.708,19.17,6.116,1.627,Low
GPU,Air,NA,Off-Peak,0.45,38.043,58.115,17.585,21.417,0.959,115.472,45.275,13.996,1.606,Low
Storage,Liquid,EU,Peak,0.854,68.486,45.868,18.978,20.773,0.989,82.313,18.359,15.641,1.596,Medium
Storage,Air,ME,Peak,0.235,18.752,72.679,8.853,27.713,0.954,50.503,26.273,2.671,1.681,Low
GPU,Air,EU,Off-Peak,0.375,36.92,48.051,14.24,25.042,0.838,104.283,29.451,18.956,1.452,Medium
Compute,Air,NA,Off-Peak,0.335,32.634,55.373,5.054,20.469,0.901,80.3,34.794,9.47,1.455,Medium
Storage,Liquid,ME,Night,0.367,40.864,73.614,9.826,15.944,0.966,70.352,35.256,3.863,1.071,High
Storage,Air,EU,Off-Peak,0.425,36.603,49.579,11.404,21.554,0.836,56.642,11.776,11.824,1.603,Low
Storage,Air,NA,Night,0.32,32.131,61.395,6.362,19.225,0.819,40.243,17.655,5.462,1.337,High
Storage,Air,NA,Night,0.948,78.289,79.802,27.927,19.889,0.844,77.645,30.813,9.505,1.403,Medium
Compute,Air,NA,Off-Peak,0.478,40.191,94.557,15.95,21.668,0.755,73.347,28.852,7.72,1.398,Medium
Storage,Air,EU,Off-Peak,0.203,28.782,56.105,5.729,20.81,0.732,42.486,10.667,7.434,1.664,Low
GPU,Hybrid,EU,Peak,0.521,43.38,77.028,9.857,18.822,0.923,98.101,23.762,17.232,1.618,Low
Compute,Air,NA,Off-Peak,0.266,25.89,54.532,8.242,23.556,0.837,75.867,33.003,9.704,1.346,High
Edge,Liquid,NA,Off-Peak,0.295,23.834,84.453,4.991,17.134,0.985,44.373,18.874,5.437,1.288,High
Storage,Air,NA,Night,0.357,26.714,35.563,23.495,18.318,0.912,73.863,29.613,8.721,1.315,High
GPU,Liquid,EU,Off-Peak,0.212,26.81,37.631,29.453,16.537,1.0,146.566,34.569,25.515,1.354,High
Storage,Liquid,NA,Night,0.749,54.952,71.956,12.732,17.173,0.96,70.385,25.639,8.214,1.365,High
GPU,Air,NA,Night,0.813,61.595,62.901,11.517,16.9,0.81,112.32,47.425,13.385,1.348,High
Compute,Hybrid,ME,Night,0.455,33.898,73.811,15.47,24.19,0.838,102.641,51.422,6.238,1.414,Medium
GPU,Air,EU,Peak,0.72,63.458,81.259,18.708,26.517,0.797,133.333,33.176,24.199,1.412,Medium
Compute,Hybrid,NA,Peak,0.45,43.249,36.684,16.785,21.578,0.769,65.534,24.193,7.983,1.39,Medium
GPU,Air,EU,Off-Peak,0.248,26.645,75.804,28.599,19.097,0.977,90.463,26.162,16.275,1.374,High
Edge,Hybrid,NA,Off-Peak,0.457,45.967,68.397,27.619,23.439,0.784,63.639,29.409,7.668,1.813,Low
Compute,Liquid,APAC,Peak,0.601,51.086,95.671,18.741,19.449,0.89,69.099,41.383,5.408,1.144,High
Compute,Hybrid,APAC,Off-Peak,0.137,13.176,50.249,6.222,17.023,0.903,54.569,32.848,4.504,1.312,High
GPU,Liquid,EU,Off-Peak,0.689,57.063,80.008,14.866,16.666,0.988,118.681,31.515,21.027,1.342,High
Compute,Air,APAC,Peak,0.768,63.933,79.476,16.708,22.43,0.845,111.666,67.885,9.198,1.25,High
GPU,Liquid,NA,Off-Peak,0.874,73.947,94.768,13.147,19.765,0.848,121.963,46.21,15.102,1.404,Medium
Compute,Hybrid,APAC,Night,0.192,21.4,18.735,14.274,33.403,0.792,103.108,62.14,8.009,1.051,High
Compute,Hybrid,NA,Off-Peak,0.1,9.688,33.343,19.136,23.216,0.703,54.438,23.072,7.056,1.7,Low
Edge,Air,NA,Off-Peak,0.166,20.716,73.968,16.742,22.089,0.749,51.367,19.524,5.839,1.598,Low
Storage,Liquid,ME,Peak,0.932,83.383,95.082,20.892,21.539,1.0,82.117,43.984,3.45,1.656,Low
GPU,Air,EU,Off-Peak,0.789,73.914,81.214,13.147,19.508,0.779,108.857,27.192,20.046,1.371,Medium
Compute,Liquid,ME,Night,0.852,62.11,53.2,18.62,16.465,0.939,85.257,40.968,3.805,1.17,High
Storage,Air,NA,Off-Peak,0.565,46.598,61.634,10.741,22.081,0.984,79.435,33.053,9.541,1.357,High
Storage,Air,EU,Peak,0.574,54.421,81.941,19.878,24.943,0.765,75.306,17.799,14.123,1.407,Medium
Storage,Hybrid,NA,Off-Peak,0.369,44.051,58.075,12.722,19.604,0.889,90.781,37.718,10.954,1.346,High
Storage,Air,EU,Night,0.858,66.181,70.116,10.646,18.832,0.945,85.208,21.443,14.612,1.538,Medium
Storage,Liquid,NA,Peak,0.847,63.536,93.31,12.71,19.401,0.878,85.943,35.613,10.792,1.306,High
Storage,Liquid,NA,Off-Peak,0.453,45.502,72.858,7.936,15.516,1.0,74.276,29.362,9.275,1.236,High
Compute,Air,NA,Peak,0.396,33.612,64.307,9.968,25.843,0.871,67.63,26.477,8.555,2.471,High
GPU,Air,APAC,Off-Peak,0.765,55.364,76.056,11.149,22.067,0.937,102.705,60.578,8.042,1.495,Medium
Compute,Liquid,NA,Off-Peak,0.124,9.792,68.283,3.977,15.0,0.908,51.89,21.903,5.977,1.223,High
Storage,Air,APAC,Night,0.874,73.428,71.185,27.123,21.625,0.835,96.517,58.124,8.09,1.564,Low
Compute,Hybrid,NA,Off-Peak,0.502,45.224,73.469,6.352,17.956,0.928,97.833,42.436,11.902,1.392,High
Storage,Hybrid,NA,Off-Peak,0.497,38.726,51.942,13.398,18.565,0.926,63.72,23.176,7.312,1.346,High
GPU,Air,NA,Night,0.702,56.887,81.787,17.543,30.83,0.908,115.56,47.411,13.752,1.707,Low
Compute,Air,ME,Peak,0.681,52.501,62.536,19.049,26.649,0.649,60.192,34.996,2.927,1.938,Low
Compute,Air,NA,Off-Peak,0.339,35.623,49.607,8.215,21.335,0.965,75.379,29.461,8.449,1.476,Medium
Compute,Liquid,NA,Off-Peak,0.949,76.609,91.933,14.885,19.113,1.0,91.785,39.998,11.165,1.291,High
Storage,Air,APAC,Peak,0.988,85.732,80.024,21.198,24.085,0.675,97.924,59.147,7.231,1.622,Low
GPU,Air,NA,Peak,0.573,48.215,70.178,11.065,34.047,0.79,136.817,52.273,16.26,2.124,Low
Compute,Liquid,APAC,Off-Peak,0.605,43.683,73.894,11.237,19.904,0.865,79.244,46.092,6.278,1.734,Low
GPU,Hybrid,NA,Peak,0.599,59.88,43.525,13.73,24.611,0.912,106.053,44.941,12.577,1.287,High
Compute,Air,EU,Peak,0.537,45.188,76.891,7.547,20.341,0.878,52.534,15.693,8.572,1.246,High
Storage,Air,NA,Night,0.951,88.175,71.91,16.965,20.65,0.731,101.074,41.59,11.75,1.283,High
Edge,Hybrid,EU,Off-Peak,0.32,25.618,84.982,9.427,18.001,0.864,36.354,14.618,6.082,1.37,High
Compute,Liquid,APAC,Night,0.197,27.162,96.187,9.433,20.019,1.0,76.971,49.406,6.395,1.295,High
Storage,Liquid,APAC,Peak,0.937,76.812,78.795,12.792,25.059,0.904,95.313,58.378,8.26,1.704,Low
Compute,Liquid,EU,Night,0.292,29.322,67.523,26.206,15.0,0.852,60.376,14.986,10.026,1.05,High
Compute,Hybrid,ME,Off-Peak,0.774,56.228,73.323,19.451,17.608,0.949,85.121,42.083,4.098,1.534,Medium
Compute,Liquid,NA,Night,0.283,24.973,33.181,7.741,15.0,0.944,62.464,25.21,7.331,1.59,Medium
Compute,Hybrid,NA,Peak,0.964,71.015,51.622,19.666,28.821,0.827,80.959,32.448,9.421,1.603,Low
Storage,Liquid,EU,Off-Peak,0.812,73.125,52.437,25.734,16.941,1.0,70.888,15.171,13.063,1.05,High
Storage,Liquid,EU,Off-Peak,0.927,70.983,83.37,20.015,18.067,1.0,60.298,16.557,9.473,1.582,Medium
Storage,Air,NA,Off-Peak,0.956,70.417,96.965,13.561,24.691,0.805,82.109,33.954,9.332,1.624,Low
Compute,Air,EU,Night,0.176,23.762,65.863,26.357,15.0,0.742,67.032,16.78,12.684,1.436,Medium
Compute,Liquid,NA,Peak,0.49,0.21,46.483,17.27,23.375,0.964,71.818,31.043,8.327,1.494,Medium
Storage,Air,APAC,Night,0.683,55.892,37.708,11.38,22.108,0.762,58.893,32.828,4.016,1.441,Medium
Edge,Liquid,APAC,Night,0.822,74.539,64.368,14.468,15.0,1.0,83.597,52.404,5.486,1.178,High
Compute,Air,EU,Off-Peak,0.317,33.092,55.03,6.959,20.978,0.759,65.002,14.767,11.649,1.477,Medium
GPU,Hybrid,NA,Peak,0.923,75.182,85.09,26.689,20.881,0.829,116.867,49.814,14.157,1.516,Medium
Storage,Air,EU,Night,0.299,24.834,77.319,18.84,22.624,0.772,87.773,20.642,16.646,1.458,Medium
Storage,Hybrid,APAC,Off-Peak,0.88,62.983,75.116,23.655,24.435,0.793,74.581,43.174,5.764,1.387,Medium
Storage,Liquid,NA,Night,0.561,58.067,48.966,10.863,16.64,0.778,80.396,32.68,9.836,1.217,High
Compute,Air,EU,Night,0.564,40.953,67.215,15.647,23.428,0.737,76.363,18.812,14.082,1.763,Low
Compute,Liquid,ME,Peak,0.437,37.169,34.31,17.665,18.681,0.882,75.596,36.625,3.737,1.635,Low
Storage,Air,NA,Off-Peak,0.193,29.154,54.859,6.87,23.027,0.774,75.284,30.525,8.81,1.54,Low
Compute,Air,NA,Off-Peak,0.412,33.674,80.996,7.911,21.638,0.738,78.549,30.325,9.82,1.421,Medium
Edge,Air,NA,Night,0.484,41.789,62.53,15.978,20.577,0.938,68.621,27.397,8.351,1.35,High
Storage,Air,EU,Peak,0.531,40.23,85.265,29.794,21.807,0.68,120.547,28.211,22.012,1.479,Low
Compute,Hybrid,ME,Peak,0.765,67.052,64.321,12.499,17.756,0.923,92.175,47.501,4.372,1.339,High
GPU,Air,EU,Night,0.417,35.434,70.818,9.485,21.829,0.585,92.82,19.612,16.919,1.587,Low
Compute,Liquid,NA,Peak,0.466,37.685,42.981,20.323,20.237,0.758,78.493,31.07,8.907,1.273,High
Storage,Air,EU,Off-Peak,0.915,65.16,79.474,15.233,21.705,0.874,75.325,18.396,12.852,1.323,High
Storage,Liquid,EU,Peak,0.777,59.28,69.583,28.981,20.525,0.977,73.652,20.913,11.807,1.557,Medium
Edge,Air,EU,Off-Peak,0.121,19.106,51.122,4.145,25.88,0.969,37.684,11.89,6.242,1.498,Medium
GPU,Liquid,NA,Off-Peak,0.831,62.797,89.783,12.216,15.0,1.0,130.151,54.28,14.954,1.297,High
Storage,Liquid,EU,Off-Peak,0.991,87.743,82.235,20.202,27.035,1.0,87.259,25.063,14.371,1.272,High
Storage,Liquid,EU,Night,0.946,79.115,67.986,14.226,15.0,1.0,71.318,17.847,13.414,1.321,High
Edge,Air,NA,Peak,0.852,69.313,91.573,17.649,23.39,0.821,78.648,32.853,9.096,1.499,Medium
Compute,Liquid,EU,Peak,0.666,1.499,98.0,8.55,24.751,0.824,106.429,27.252,19.143,1.537,Medium
Compute,Air,ME,Off-Peak,0.35,36.043,45.245,23.896,27.076,0.864,78.034,37.187,4.325,1.728,Low
Compute,Air,NA,Off-Peak,0.689,53.985,63.925,12.821,17.759,0.794,80.08,34.12,10.107,1.218,High
Compute,Air,ME,Off-Peak,0.726,60.553,72.392,18.324,20.325,0.879,75.252,36.574,3.612,1.519,Medium
Storage,Air,NA,Peak,0.353,0.813,98.0,13.991,25.635,0.803,60.435,26.051,7.822,1.799,Low
Storage,Air,APAC,Night,0.33,28.576,50.625,8.337,17.702,0.819,44.009,27.732,2.289,1.391,Medium
Storage,Liquid,NA,Off-Peak,0.457,37.296,61.606,7.766,20.36,1.0,110.224,45.48,12.591,1.303,High
Compute,Air,NA,Peak,0.677,53.895,87.404,7.428,24.548,0.858,77.882,32.127,9.276,1.394,Medium
GPU,Air,EU,Off-Peak,0.364,27.718,83.891,6.831,17.364,0.718,106.419,26.275,18.34,1.308,High
Compute,Air,EU,Peak,0.6,49.388,50.983,32.882,28.514,0.773,93.016,23.639,16.786,1.577,Low
Storage,Liquid,APAC,Peak,0.909,65.066,75.754,11.141,23.286,0.752,88.258,56.97,7.668,1.515,Low
Storage,Liquid,EU,Peak,0.366,31.774,57.966,10.34,21.501,0.994,101.929,27.684,18.44,1.205,High
Compute,Air,EU,Peak,0.969,84.344,45.958,24.613,30.413,0.853,85.173,21.814,15.089,1.983,Low
Compute,Liquid,ME,Peak,0.526,50.792,52.561,13.653,22.526,1.0,72.254,35.282,3.984,1.379,High
Compute,Liquid,EU,Off-Peak,0.191,24.333,69.783,17.244,16.154,1.0,121.33,29.915,21.227,1.328,High
GPU,Air,NA,Off-Peak,0.15,19.871,48.798,10.86,18.874,0.768,107.442,42.301,13.132,1.48,Medium
Edge,Liquid,NA,Off-Peak,0.405,35.789,78.39,8.117,15.0,0.872,50.979,20.04,5.601,1.143,High
Storage,Liquid,NA,Peak,0.333,31.194,68.954,14.411,17.824,0.992,39.626,14.197,4.953,1.458,Medium
Compute,Liquid,APAC,Night,0.859,63.012,74.954,13.321,17.822,0.988,81.076,49.267,6.102,1.539,Medium
Storage,Air,NA,Night,0.764,69.871,64.997,21.146,20.4,0.953,84.856,35.217,10.054,1.521,Medium
GPU,Air,NA,Night,0.896,69.373,75.547,15.934,19.819,0.846,115.992,51.629,13.541,1.576,Low
GPU,Air,NA,Peak,0.63,54.316,85.388,7.528,25.676,0.754,115.341,42.863,13.6,1.981,Low
Compute,Liquid,EU,Off-Peak,0.492,35.269,36.725,6.355,19.712,1.0,63.829,18.801,12.514,1.667,Low
Compute,Hybrid,NA,Peak,0.344,25.067,44.36,10.018,26.283,0.882,55.145,18.819,6.747,1.797,Low
GPU,Air,NA,Night,0.625,50.271,87.046,10.618,23.211,0.855,110.77,43.508,13.512,1.576,Low
Compute,Air,EU,Peak,0.656,54.947,39.025,11.15,24.592,0.751,94.376,23.972,16.455,1.499,Medium
Compute,Liquid,APAC,Peak,0.454,31.967,47.351,13.77,20.222,1.0,79.315,46.691,6.103,1.227,High
Compute,Hybrid,NA,Off-Peak,0.943,73.45,81.821,15.686,23.718,0.933,84.585,29.977,10.217,1.55,Medium
Storage,Hybrid,EU,Off-Peak,0.676,59.233,72.331,22.924,21.635,0.875,97.477,24.487,16.953,1.05,High
GPU,Liquid,NA,Off-Peak,0.854,64.103,61.185,12.55,17.419,0.97,123.077,48.517,15.336,1.214,High
Edge,Hybrid,ME,Peak,0.658,56.263,80.961,21.627,18.681,0.668,52.853,23.475,2.636,1.621,Low
Storage,Air,NA,Off-Peak,0.385,33.236,40.476,13.495,27.556,0.882,42.667,15.616,4.952,1.359,High
Storage,Air,ME,Night,0.763,65.474,98.0,16.469,24.37,0.818,203.849,101.924,10.192,1.589,Low
Compute,Air,ME,Night,0.307,31.651,71.408,24.226,18.985,0.817,59.798,29.317,2.705,1.561,Low
Storage,Liquid,APAC,Off-Peak,0.637,49.476,66.951,12.367,19.521,0.863,54.818,29.8,3.712,1.373,High
Compute,Air,NA,Off-Peak,0.462,38.51,83.003,10.384,25.293,0.734,62.957,24.739,7.702,1.578,Low
Storage,Air,EU,Peak,0.235,24.688,74.494,17.695,28.476,0.903,53.005,17.708,10.106,1.544,Medium
Compute,Air,NA,Peak,0.472,43.13,80.903,20.796,24.942,0.921,57.473,23.898,7.27,1.398,High
Compute,Air,APAC,Peak,0.379,37.534,59.227,11.475,20.525,0.694,63.833,37.176,4.464,1.619,Low
Compute,Hybrid,APAC,Off-Peak,0.201,15.812,35.685,19.965,23.546,0.93,64.746,39.581,5.714,1.488,Medium
Compute,Air,ME,Off-Peak,0.841,65.64,88.018,15.473,19.672,0.771,85.545,43.272,4.53,1.712,Low
Compute,Air,EU,Off-Peak,0.549,54.192,79.171,11.188,21.333,0.836,79.918,19.834,13.812,1.426,Medium
Compute,Liquid,EU,Peak,0.412,35.657,76.119,29.699,20.751,0.916,77.455,16.206,13.387,1.49,Medium
Edge,Air,EU,Off-Peak,0.554,40.86,55.043,8.994,23.542,0.93,62.538,13.807,11.538,1.421,Medium
Storage,Liquid,NA,Peak,0.779,67.437,85.268,28.846,21.271,1.0,77.29,33.483,9.734,1.65,Low
Storage,Hybrid,EU,Off-Peak,0.116,11.297,50.906,9.362,27.076,0.947,75.02,17.378,13.783,1.49,Medium
GPU,Hybrid,EU,Peak,0.592,49.028,86.321,12.163,23.432,0.901,111.364,27.173,20.232,1.05,High
Edge,Hybrid,ME,Off-Peak,0.531,55.62,63.861,8.246,18.12,0.829,60.932,36.571,2.968,1.423,Medium
Storage,Air,EU,Off-Peak,0.904,76.947,54.189,10.378,15.0,0.929,80.535,15.641,14.504,1.349,High
GPU,Liquid,APAC,Peak,0.6,55.382,52.638,14.149,20.283,1.0,104.97,64.865,8.409,1.3,High
Compute,Air,APAC,Peak,0.224,24.443,50.349,16.956,25.566,0.719,73.474,40.407,6.888,1.799,Low
Compute,Air,EU,Off-Peak,0.45,35.832,83.319,10.485,28.816,0.608,66.313,17.406,11.52,1.845,Low
Storage,Air,NA,Peak,0.659,56.396,67.368,8.931,18.447,0.869,78.913,31.923,9.273,1.421,Medium
Storage,Air,EU,Off-Peak,0.141,14.53,51.705,14.294,27.556,0.862,52.629,12.956,9.552,1.748,Low
Storage,Hybrid,EU,Off-Peak,0.896,68.881,98.0,34.122,23.491,0.873,85.13,23.396,14.75,1.312,High
Compute,Air,NA,Peak,0.161,18.906,54.714,8.036,28.059,0.789,73.64,28.024,8.565,1.405,Medium
Compute,Liquid,NA,Off-Peak,0.128,10.869,42.027,7.698,20.153,1.0,44.27,22.487,6.025,1.344,High
Storage,Air,ME,Night,0.102,26.696,91.607,8.334,15.899,0.892,44.139,22.38,2.144,1.502,Medium
Compute,Air,NA,Off-Peak,0.715,54.869,58.352,11.45,18.133,0.811,85.728,34.466,11.608,1.525,Medium
Storage,Hybrid,EU,Night,0.51,52.82,48.008,8.471,16.487,0.68,73.381,20.368,13.707,1.309,Medium
Storage,Air,APAC,Peak,0.193,20.266,76.769,19.282,28.004,0.811,49.991,28.754,3.441,1.404,Medium
GPU,Liquid,EU,Off-Peak,0.871,73.029,60.38,16.167,19.171,1.0,112.941,28.286,20.833,1.434,High
GPU,Air,EU,Off-Peak,0.282,26.642,56.625,11.583,22.904,0.638,120.381,30.75,22.235,1.665,Low
GPU,Air,APAC,Night,0.394,32.546,65.66,8.343,22.119,0.633,85.905,52.291,7.12,1.497,Low
Storage,Air,EU,Peak,0.26,33.002,55.763,8.184,27.226,0.795,56.762,14.615,11.643,2.389,Low
GPU,Hybrid,NA,Peak,0.934,74.695,70.345,21.715,21.544,0.721,203.203,79.089,24.008,1.403,Medium
Storage,Air,ME,Peak,0.782,57.159,79.679,22.378,24.026,0.948,73.418,41.425,3.904,1.456,Medium
Compute,Air,EU,Night,0.752,64.136,67.987,26.91,19.678,0.78,87.542,20.838,15.665,1.434,Medium
Compute,Air,EU,Off-Peak,0.14,26.149,44.97,9.827,21.547,0.765,70.25,14.75,13.198,1.365,Medium
Compute,Liquid,EU,Night,0.57,47.941,63.838,37.773,15.235,1.0,55.742,12.254,9.147,1.05,High
Storage,Liquid,NA,Peak,0.618,53.665,84.97,15.362,24.026,1.0,73.593,30.484,8.576,1.262,High
Storage,Liquid,ME,Peak,0.444,35.642,57.052,7.493,24.317,0.822,52.0,29.121,2.579,1.553,Low
GPU,Air,APAC,Peak,0.39,30.187,77.36,13.734,27.199,0.761,202.682,121.609,16.215,1.919,Low
Compute,Hybrid,NA,Off-Peak,0.867,64.798,75.532,15.153,16.737,0.88,72.634,31.086,8.986,1.373,High
Compute,Liquid,ME,Night,0.121,15.71,50.878,2.596,16.01,0.692,48.169,21.883,2.807,1.335,Medium
Edge,Hybrid,APAC,Peak,0.663,55.667,58.282,9.744,19.667,0.857,104.579,63.508,7.882,1.606,Low
Compute,Hybrid,EU,Night,0.455,35.543,64.523,16.113,18.768,0.974,90.171,24.284,16.496,1.532,Medium
Storage,Liquid,EU,Peak,0.699,53.77,90.885,10.564,22.498,0.958,102.627,26.133,18.77,1.421,High
Storage,Air,NA,Off-Peak,0.278,30.269,57.431,6.974,24.543,0.761,60.82,23.985,8.003,1.548,Low
Storage,Hybrid,EU,Off-Peak,0.315,34.828,45.769,14.462,17.284,0.949,52.483,15.522,9.027,1.454,Medium
Compute,Hybrid,NA,Peak,0.628,50.389,56.155,15.215,27.529,0.808,59.803,26.173,7.588,1.573,Low
Compute,Air,EU,Peak,0.982,81.657,86.439,22.7,20.901,0.9,80.849,20.883,14.501,1.318,High
Compute,Air,EU,Peak,0.977,79.17,64.483,32.429,24.955,0.745,109.597,26.201,18.938,1.599,Low
Storage,Hybrid,APAC,Peak,0.324,25.371,83.586,16.208,25.83,0.832,46.359,27.389,4.22,1.57,Low
Storage,Air,APAC,Night,0.192,16.201,74.939,31.45,22.467,0.687,43.834,24.435,3.644,1.377,Medium
Compute,Hybrid,NA,Night,0.631,55.45,55.507,36.573,19.378,0.948,76.141,26.492,8.728,1.42,High
Storage,Air,APAC,Off-Peak,0.478,47.033,63.099,18.646,23.163,0.738,69.41,42.916,5.846,1.558,Low
GPU,Air,EU,Off-Peak,0.786,66.059,88.519,25.873,20.542,0.922,112.456,31.345,20.374,1.419,Medium
Compute,Air,EU,Peak,0.575,54.309,60.598,18.196,28.503,0.915,71.068,18.981,13.485,1.559,Medium
Storage,Air,NA,Peak,0.56,53.616,66.479,14.708,23.793,0.759,57.287,20.972,6.323,1.475,Medium
Storage,Air,APAC,Night,0.682,0.314,82.91,7.57,15.978,0.822,66.596,41.499,5.178,1.43,Medium
Compute,Air,ME,Off-Peak,0.214,32.605,81.897,4.529,21.437,0.98,74.941,37.725,3.252,1.451,Medium
Compute,Liquid,APAC,Off-Peak,0.709,66.557,79.038,11.398,18.837,1.0,77.193,44.085,6.012,2.216,Medium
Storage,Hybrid,ME,Off-Peak,0.54,44.854,67.998,6.979,21.274,0.928,56.45,26.73,3.01,1.75,Low
GPU,Air,NA,Off-Peak,0.838,70.011,66.132,23.546,24.748,0.646,136.752,51.797,16.901,1.548,Low
GPU,Liquid,APAC,Peak,0.225,19.136,40.513,32.185,23.509,0.994,86.568,50.342,6.686,1.338,High
Storage,Liquid,EU,Off-Peak,0.371,43.666,57.778,9.319,15.0,0.91,68.051,15.112,12.612,1.447,Medium
GPU,Liquid,NA,Off-Peak,0.955,74.936,69.676,31.302,17.482,0.921,119.215,48.999,14.611,1.614,Low
Compute,Liquid,EU,Night,0.598,44.079,77.443,6.859,15.0,0.928,61.907,16.054,11.184,1.369,High
Storage,Air,EU,Off-Peak,0.936,71.96,71.156,13.592,23.941,0.842,74.276,17.907,13.74,1.668,Low
Storage,Air,NA,Peak,0.72,56.857,69.809,22.584,23.407,0.927,69.764,29.325,8.08,1.37,High
Compute,Air,NA,Peak,0.934,69.255,94.377,12.764,26.928,0.859,74.863,27.731,7.92,1.61,Low
GPU,Air,NA,Off-Peak,0.386,40.584,63.617,22.205,20.653,0.857,102.941,36.969,12.325,1.339,High
Storage,Liquid,NA,Off-Peak,0.181,22.94,50.463,7.749,20.103,0.821,68.761,28.999,8.316,1.185,High
Compute,Air,NA,Off-Peak,0.822,64.589,53.709,12.159,21.453,0.879,96.238,35.224,11.612,1.05,High
Edge,Hybrid,NA,Off-Peak,0.824,64.455,64.749,16.974,24.737,0.949,56.294,21.958,7.608,1.69,Low
Compute,Hybrid,NA,Off-Peak,0.657,63.573,53.898,9.171,21.16,0.934,86.986,30.926,10.683,1.445,Medium
Compute,Hybrid,ME,Peak,0.622,45.468,58.708,8.333,18.049,0.919,71.172,34.881,3.288,1.214,High
Compute,Hybrid,APAC,Peak,0.923,69.692,98.0,31.804,23.373,0.891,79.775,47.219,6.743,1.881,Low
GPU,Air,NA,Peak,0.259,27.359,56.113,13.771,21.505,0.81,108.11,42.706,13.192,1.523,Medium
GPU,Liquid,ME,Peak,0.655,52.678,73.227,15.417,24.168,1.0,112.33,57.905,5.861,1.286,High
Compute,Air,EU,Off-Peak,0.145,17.947,87.491,3.49,22.711,0.765,60.21,13.258,11.058,1.545,Low
Storage,Hybrid,EU,Peak,0.227,35.899,44.67,6.44,23.15,0.923,48.704,10.071,8.226,1.638,Low
Compute,Hybrid,EU,Peak,0.494,46.765,70.764,10.402,17.939,0.909,74.561,20.12,13.084,1.295,High
GPU,Hybrid,EU,Peak,0.839,63.357,88.451,31.847,22.56,0.932,113.485,31.182,20.409,1.371,High
Storage,Air,NA,Peak,0.76,66.567,75.271,43.206,19.95,0.914,66.56,29.248,7.549,1.624,Low
Storage,Liquid,NA,Night,0.977,0.361,67.99,14.275,18.212,0.903,93.149,38.946,11.817,1.373,High
Edge,Air,EU,Peak,0.14,12.477,65.973,8.187,24.094,0.817,38.743,8.384,6.188,1.456,Medium
Compute,Air,EU,Off-Peak,0.443,43.777,50.574,6.114,22.994,0.904,105.981,28.026,19.044,1.331,High
Compute,Liquid,APAC,Peak,0.243,27.295,56.93,10.719,21.63,1.0,69.267,41.352,5.436,1.225,High
Storage,Air,NA,Night,0.133,10.369,33.678,14.048,22.692,0.627,53.047,23.075,6.786,1.368,Medium
Edge,Hybrid,APAC,Night,0.338,32.475,70.538,13.086,21.759,0.717,86.054,51.097,6.709,1.547,Low
Compute,Air,EU,Off-Peak,0.32,31.515,79.923,8.182,22.239,0.639,96.446,24.806,17.241,1.723,Low
Compute,Hybrid,ME,Night,0.478,37.982,76.459,7.856,18.283,0.83,65.616,35.082,3.251,1.411,Medium
Compute,Air,NA,Peak,0.226,29.207,68.947,10.248,28.263,0.879,74.344,32.436,8.587,1.51,Medium
Storage,Hybrid,ME,Peak,0.54,40.415,65.46,14.528,25.724,0.659,69.016,32.316,3.193,1.378,Medium
Compute,Hybrid,APAC,Peak,0.928,72.797,65.565,26.377,24.798,0.812,96.597,62.732,7.415,1.683,Low
Storage,Hybrid,EU,Peak,0.773,62.711,49.488,16.572,23.758,0.648,81.09,21.094,15.467,1.416,Medium
Edge,Air,EU,Peak,0.858,61.502,59.064,23.014,29.15,0.812,72.375,16.377,12.827,1.422,Medium
Storage,Hybrid,NA,Peak,0.824,66.107,60.329,22.14,21.146,0.882,79.373,31.992,9.223,1.621,Low
Compute,Air,ME,Off-Peak,0.451,36.098,70.311,11.567,25.848,0.891,102.62,52.15,5.133,1.7,Low
Storage,Air,NA,Off-Peak,0.738,57.502,87.293,22.468,20.528,0.718,61.312,22.134,7.335,1.428,Medium
Compute,Air,EU,Peak,0.779,54.904,73.564,14.954,21.932,0.646,74.291,15.965,13.279,1.644,Low
GPU,Hybrid,NA,Peak,0.285,24.343,58.922,14.749,29.832,0.803,96.061,36.043,12.413,1.714,Low
Storage,Air,EU,Off-Peak,0.874,69.351,98.0,50.354,26.409,0.866,94.936,21.484,17.781,1.81,Low
Compute,Hybrid,EU,Off-Peak,0.512,45.997,72.977,15.047,20.39,0.967,79.024,17.455,14.559,1.203,High
Storage,Liquid,ME,Peak,0.115,17.723,36.439,6.472,15.0,0.729,62.891,32.186,2.579,1.451,Medium
Storage,Air,EU,Peak,0.679,54.87,67.439,17.993,20.081,0.834,83.776,23.224,14.267,1.284,High
Storage,Hybrid,ME,Off-Peak,0.709,60.076,62.529,17.139,22.703,0.902,75.647,36.311,2.936,1.644,Low
Compute,Air,EU,Peak,0.597,54.231,40.625,11.767,27.134,0.693,67.299,14.51,12.336,1.899,Low
GPU,Hybrid,NA,Night,0.291,28.108,77.726,10.023,19.57,0.833,82.974,33.89,9.618,1.614,Low
Edge,Air,NA,Peak,0.534,42.531,68.526,16.282,26.381,0.92,51.353,21.717,5.438,1.321,High
Storage,Liquid,APAC,Peak,0.46,40.695,91.317,8.483,15.0,0.962,61.203,33.948,4.744,1.162,High
Edge,Air,NA,Off-Peak,0.977,72.54,91.611,14.84,22.885,0.866,91.791,38.776,10.513,1.475,Medium
Compute,Air,EU,Night,0.842,70.014,62.974,12.406,24.459,0.906,93.154,24.031,16.854,1.663,Low
Storage,Air,NA,Off-Peak,0.786,63.91,78.299,13.511,22.507,0.742,69.382,26.813,8.825,1.753,Low
Storage,Air,EU,Peak,0.263,35.01,67.096,32.698,27.991,0.702,62.044,16.388,10.986,1.541,Low
Storage,Air,APAC,Peak,0.398,33.378,61.887,17.045,30.781,0.736,46.987,29.412,4.648,1.668,Low
Storage,Air,EU,Off-Peak,0.442,45.912,36.405,5.296,21.655,0.693,80.579,17.466,14.621,1.728,Low
Compute,Air,NA,Peak,0.543,49.215,78.377,11.236,33.284,0.687,82.808,30.616,10.46,1.598,Low
Compute,Liquid,NA,Off-Peak,0.127,16.812,31.724,8.237,17.951,0.772,54.294,25.084,6.893,1.267,High
Compute,Liquid,NA,Off-Peak,0.634,46.808,47.268,8.677,18.367,1.0,76.898,29.849,9.51,1.464,Medium
Compute,Hybrid,NA,Peak,0.422,31.27,68.204,20.118,24.752,0.799,55.832,24.05,7.21,1.666,Low
GPU,Liquid,EU,Peak,0.606,45.661,51.751,16.575,20.868,0.898,126.065,36.652,22.556,1.581,Low
Compute,Liquid,EU,Off-Peak,0.108,28.337,45.952,7.323,25.392,1.0,57.394,10.866,9.428,1.441,High
Compute,Liquid,NA,Off-Peak,0.389,34.895,65.116,19.603,15.364,0.86,64.971,22.767,7.945,1.413,Medium
Storage,Air,EU,Night,0.792,66.313,82.094,10.981,21.939,0.893,213.446,53.361,38.42,1.302,High
Storage,Liquid,EU,Peak,0.551,51.658,61.534,10.569,21.208,0.907,54.124,14.195,9.52,1.331,High
GPU,Air,NA,Off-Peak,0.81,57.872,95.912,14.91,28.008,0.867,112.16,43.97,13.613,1.651,Low
Storage,Hybrid,EU,Peak,0.729,56.163,54.659,7.765,23.315,0.862,70.366,18.37,11.453,1.57,Low
Compute,Liquid,NA,Peak,0.869,74.889,91.054,15.292,20.583,0.965,104.244,44.064,12.896,1.505,Medium
GPU,Air,EU,Off-Peak,0.107,16.887,44.923,5.921,37.037,0.851,87.679,19.101,15.362,1.428,Medium
Storage,Liquid,APAC,Night,0.335,29.191,89.958,10.49,20.995,1.0,46.836,26.173,2.803,1.506,Medium
Compute,Air,NA,Peak,0.594,44.311,88.849,17.658,24.773,0.865,84.4,35.486,10.525,1.57,Low
Storage,Air,EU,Off-Peak,0.947,79.12,79.589,18.848,21.126,0.836,91.815,23.696,16.427,1.669,Low
Edge,Air,EU,Off-Peak,0.712,61.112,82.309,9.232,19.125,0.855,82.266,17.124,14.963,1.464,Medium
Compute,Liquid,NA,Peak,0.511,47.247,80.565,17.697,19.939,0.981,67.715,29.355,8.334,1.597,Medium
Compute,Liquid,APAC,Night,0.217,17.304,55.174,20.205,17.143,0.824,61.332,35.75,5.402,1.46,Medium
Compute,Hybrid,EU,Off-Peak,0.544,53.527,68.307,21.363,15.0,0.961,83.65,22.009,15.354,1.244,High
Compute,Air,EU,Off-Peak,0.497,37.812,44.623,19.452,19.558,0.883,61.274,17.846,10.825,1.425,Medium
Storage,Liquid,EU,Off-Peak,0.801,58.101,52.214,19.863,19.478,1.0,83.935,18.958,15.304,1.207,High
Storage,Liquid,APAC,Off-Peak,0.472,35.333,81.841,6.441,15.0,1.0,45.039,25.573,4.041,1.22,High
Compute,Air,ME,Night,0.387,35.461,63.333,28.331,22.635,0.846,74.213,40.987,2.4,1.56,Low
Edge,Liquid,EU,Peak,0.181,28.635,75.467,15.732,19.569,0.861,47.571,9.123,8.32,1.659,Low
GPU,Air,APAC,Peak,0.142,22.621,68.506,23.669,22.151,0.681,93.411,55.137,7.132,1.524,Low
Storage,Air,NA,Night,0.495,36.054,68.386,20.079,22.173,0.897,70.419,26.674,7.72,1.682,Low
GPU,Air,EU,Night,0.412,41.681,84.506,20.391,21.349,0.715,102.064,24.328,19.43,1.514,Low
Compute,Liquid,NA,Peak,0.6,51.384,85.415,13.213,21.678,1.0,87.229,35.558,11.255,1.491,Medium
Storage,Air,NA,Peak,0.741,61.557,59.309,15.14,25.602,0.956,83.882,33.332,9.55,1.072,High
Storage,Air,EU,Off-Peak,0.136,20.469,37.638,14.481,22.397,0.824,53.792,15.113,8.713,1.598,Low
GPU,Air,APAC,Peak,0.547,50.27,51.579,15.619,20.558,0.82,212.146,127.287,16.972,1.849,Low
GPU,Air,EU,Off-Peak,0.876,66.825,92.493,21.202,17.935,0.675,127.369,31.219,23.218,1.702,Low
Compute,Air,EU,Peak,0.51,38.67,78.077,12.562,18.149,0.832,76.049,19.885,13.582,1.435,Medium
Edge,Air,EU,Off-Peak,0.569,46.887,44.041,22.268,24.368,0.826,49.262,17.216,9.624,1.476,Medium
Compute,Liquid,EU,Peak,0.538,52.354,64.068,33.546,19.803,0.838,71.95,21.934,13.418,1.535,Medium
GPU,Air,NA,Off-Peak,0.451,35.578,81.103,12.238,22.061,0.941,89.291,35.095,9.894,1.444,Medium
Edge,Liquid,NA,Off-Peak,0.199,36.08,46.636,12.778,15.0,0.934,49.775,22.282,6.904,1.189,High
Compute,Liquid,NA,Off-Peak,0.214,21.963,59.595,6.059,15.0,0.984,69.403,28.663,7.428,1.259,High
GPU,Air,EU,Peak,0.261,29.262,75.653,21.402,21.214,0.796,91.273,22.039,17.277,1.535,Low
Compute,Air,NA,Peak,0.813,65.285,83.028,15.263,21.036,0.89,103.858,42.063,11.7,1.52,Medium
Storage,Hybrid,NA,Peak,0.348,36.272,44.112,24.235,22.156,0.647,84.361,33.837,9.476,1.505,Low
Storage,Air,EU,Off-Peak,0.953,75.619,84.894,14.461,20.524,0.879,67.898,15.523,12.042,1.404,Medium
Storage,Air,EU,Off-Peak,0.829,72.1,75.272,8.82,27.097,0.772,69.678,15.44,12.279,1.846,Low
Edge,Air,EU,Peak,0.716,53.541,82.123,10.408,27.067,0.651,48.159,15.758,8.601,1.6,Low
Storage,Liquid,NA,Off-Peak,0.748,55.573,61.294,11.485,25.018,0.77,56.897,22.806,6.348,1.602,Low
Storage,Liquid,EU,Off-Peak,0.143,12.34,71.877,9.598,19.375,1.0,37.304,8.328,5.935,1.447,High
GPU,Hybrid,APAC,Off-Peak,0.612,48.313,74.268,12.264,15.0,0.7,104.197,65.477,8.78,1.091,High
Edge,Hybrid,APAC,Peak,0.947,67.525,97.02,14.111,33.554,0.948,71.732,40.612,6.054,1.826,Low
Compute,Air,APAC,Night,0.135,16.287,55.775,10.607,19.224,0.809,76.073,43.696,5.559,1.805,Low
Edge,Air,NA,Off-Peak,0.362,34.46,51.246,13.497,24.371,0.765,43.178,16.706,6.209,1.476,Medium
Compute,Air,EU,Night,0.146,20.961,39.4,14.239,23.253,0.592,54.353,10.988,9.657,1.805,Low
GPU,Air,NA,Peak,0.613,55.873,86.632,17.669,25.995,0.864,102.399,43.334,12.041,1.759,Low
Compute,Air,NA,Night,0.205,18.823,26.191,6.269,17.313,0.656,93.432,37.03,11.262,1.442,Medium
Compute,Air,NA,Peak,0.531,42.48,41.647,11.252,24.103,0.868,76.161,30.502,9.097,1.584,Low
Storage,Air,APAC,Off-Peak,0.748,68.037,70.906,13.575,19.3,0.553,71.771,46.41,5.708,1.543,Low
Storage,Air,EU,Off-Peak,0.248,34.514,51.326,4.043,22.764,0.845,51.94,11.869,9.539,1.693,Low
Compute,Air,EU,Off-Peak,0.78,59.5,49.792,10.89,19.07,0.632,94.282,26.578,16.41,1.71,Low
Compute,Hybrid,EU,Off-Peak,0.154,11.859,66.857,11.708,20.958,0.965,76.186,17.325,13.696,1.61,Low
Storage,Liquid,NA,Peak,0.235,28.212,69.149,11.888,20.747,0.937,51.683,16.884,7.101,1.503,Medium
Edge,Hybrid,EU,Night,0.352,28.63,65.494,32.864,23.68,0.727,83.946,20.327,14.825,1.36,Medium
Compute,Air,EU,Off-Peak,0.816,66.97,86.282,9.637,24.391,0.777,96.081,26.528,17.053,1.536,Low
Compute,Air,EU,Night,0.865,68.937,76.657,15.946,21.102,0.763,101.093,28.555,18.604,1.221,High
Storage,Air,APAC,Peak,0.298,25.453,29.564,4.225,22.945,0.973,81.538,48.243,6.166,1.269,High
Compute,Air,NA,Off-Peak,0.186,18.313,53.681,15.97,22.236,0.869,72.183,28.91,8.612,1.65,Low
GPU,Air,APAC,Off-Peak,0.863,72.427,75.719,22.929,19.359,0.736,105.887,66.424,8.508,1.633,Low
GPU,Hybrid,EU,Off-Peak,0.684,58.793,77.791,23.531,23.135,0.751,110.178,28.502,19.509,1.445,Medium
Storage,Hybrid,EU,Off-Peak,0.242,24.1,64.51,18.227,22.162,0.848,59.648,14.27,10.309,1.419,Medium
Compute,Air,EU,Peak,0.602,46.821,75.889,14.991,15.0,0.767,90.433,21.829,16.56,1.518,Low
GPU,Air,ME,Peak,0.885,75.576,64.468,19.31,27.239,0.744,126.393,62.901,7.187,1.726,Low
Storage,Air,NA,Off-Peak,0.163,22.025,58.294,23.004,23.069,0.88,50.981,21.928,5.757,1.4,Medium
GPU,Air,EU,Off-Peak,0.175,21.975,67.394,10.009,28.402,0.959,92.565,27.004,17.469,1.412,High
Storage,Air,EU,Peak,0.346,35.387,95.984,11.544,21.163,0.979,70.929,16.591,12.869,1.65,Low
GPU,Air,NA,Off-Peak,0.687,50.468,54.759,11.631,29.72,0.973,127.054,50.912,14.652,1.588,Medium
Storage,Air,NA,Off-Peak,0.26,29.704,69.808,4.864,25.098,0.795,62.877,24.677,7.007,1.575,Low
Storage,Air,APAC,Off-Peak,0.835,73.965,54.89,12.21,24.388,0.911,71.598,41.881,5.714,1.654,Low
Edge,Air,NA,Peak,0.775,60.836,61.801,16.245,23.241,0.839,101.662,40.729,12.867,1.431,Medium
Storage,Air,NA,Off-Peak,0.605,49.268,82.235,15.416,15.0,0.87,65.822,24.137,7.936,1.156,High
Storage,Air,ME,Off-Peak,0.204,16.458,64.081,9.651,23.351,0.842,44.582,23.921,2.279,1.533,Medium
Compute,Hybrid,APAC,Off-Peak,0.989,82.017,71.848,11.452,23.35,0.85,81.599,48.602,6.59,1.444,Medium
Storage,Air,NA,Night,0.541,44.421,98.0,16.463,22.452,0.722,69.015,25.982,8.358,1.543,Low
Storage,Hybrid,EU,Off-Peak,0.507,41.543,56.701,20.594,20.923,0.838,103.492,24.44,18.981,1.538,Medium
Compute,Hybrid,EU,Peak,0.996,73.54,81.61,34.008,23.528,0.677,90.481,25.355,17.059,1.79,Low
Compute,Hybrid,APAC,Peak,0.877,66.66,83.505,14.758,21.14,0.713,95.335,59.373,7.52,1.531,Low
Storage,Liquid,APAC,Peak,0.511,44.108,40.673,7.928,20.861,0.906,86.306,48.676,5.685,1.307,High
GPU,Liquid,APAC,Peak,0.477,45.503,61.504,23.356,19.711,0.962,106.18,65.827,8.576,1.367,High
Storage,Hybrid,NA,Night,0.186,14.98,40.71,9.501,16.927,0.748,42.392,15.748,5.256,1.247,High
Compute,Air,EU,Night,0.934,73.436,38.848,14.875,15.431,0.909,74.828,16.757,13.245,1.306,High
Storage,Air,NA,Off-Peak,0.859,73.906,77.762,14.034,23.064,0.883,75.325,34.263,9.324,1.54,Medium
Compute,Hybrid,NA,Peak,0.379,34.627,70.222,11.21,25.784,0.812,72.712,30.094,8.83,1.384,Medium
Storage,Liquid,APAC,Peak,0.778,64.903,61.484,11.568,15.704,0.979,95.372,56.191,8.421,1.122,High
Compute,Hybrid,NA,Night,0.786,64.376,55.737,11.903,21.605,0.87,91.452,38.456,11.717,1.571,Low
Compute,Liquid,EU,Night,0.305,31.64,84.115,17.866,18.173,0.831,71.972,20.382,12.766,1.482,Medium
Compute,Hybrid,APAC,Peak,0.652,55.326,97.451,10.367,25.094,0.833,85.87,54.303,6.999,1.499,Medium
Compute,Liquid,NA,Off-Peak,0.33,32.47,70.803,11.427,15.918,0.913,64.295,26.224,7.44,1.1,High
Compute,Liquid,NA,Peak,0.811,66.308,72.149,14.337,20.406,0.978,67.831,27.972,8.199,1.202,High
Compute,Liquid,APAC,Peak,0.238,20.697,50.674,14.127,21.22,1.0,82.698,51.845,5.666,1.325,High
Storage,Hybrid,ME,Peak,0.702,58.725,73.39,19.177,25.655,0.765,96.026,47.292,4.513,1.699,Low
Storage,Hybrid,APAC,Off-Peak,0.393,29.18,61.992,18.602,18.235,0.753,64.012,41.408,6.222,2.528,Low
Compute,Hybrid,EU,Peak,0.133,19.499,68.148,11.64,23.43,0.823,92.203,23.566,16.311,1.483,Medium
GPU,Liquid,NA,Peak,0.211,24.093,78.012,10.586,21.762,0.953,117.224,49.121,13.913,1.14,High
Compute,Air,NA,Peak,0.689,52.31,73.526,19.06,29.26,0.923,76.66,29.556,9.551,1.575,Medium
Storage,Air,EU,Peak,0.316,23.168,62.247,7.122,22.815,0.833,41.459,9.8,7.363,1.843,Low
Compute,Hybrid,NA,Off-Peak,0.668,54.255,46.023,9.751,19.391,0.772,86.386,37.868,10.212,1.185,High
Compute,Liquid,APAC,Peak,0.473,40.414,70.859,6.927,23.98,1.0,67.945,38.537,5.122,1.358,High
Storage,Air,EU,Night,0.723,54.751,79.178,19.497,21.933,0.87,95.459,25.456,17.158,1.377,High
Storage,Air,EU,Peak,0.544,45.638,81.668,47.803,28.408,0.792,63.582,11.556,12.717,1.71,Low
GPU,Hybrid,APAC,Peak,0.378,37.778,36.092,6.643,23.238,0.958,116.862,69.546,9.607,1.304,High
Storage,Hybrid,APAC,Peak,0.231,20.06,64.75,23.521,23.681,0.74,42.558,23.784,3.3,1.843,Low
Edge,Hybrid,EU,Peak,0.407,35.626,52.951,6.123,19.01,0.63,32.777,6.865,5.537,1.56,Low
Compute,Liquid,ME,Peak,0.671,53.974,79.351,14.014,15.347,1.0,68.3,34.897,3.593,1.302,High
Compute,Air,ME,Peak,0.766,61.909,73.48,11.294,23.12,0.678,75.1,39.314,3.432,1.737,Low
Compute,Air,ME,Night,0.244,32.93,50.299,14.393,20.689,0.58,91.755,46.067,4.228,1.686,Low
Compute,Air,APAC,Off-Peak,0.698,54.691,94.139,13.159,22.577,0.913,82.518,48.289,7.019,1.386,High
Storage,Hybrid,APAC,Night,0.261,28.913,54.474,16.719,18.117,0.868,41.011,25.745,3.466,1.413,Medium
Storage,Air,EU,Peak,0.3,25.991,51.669,6.722,27.487,0.835,51.82,15.295,9.462,1.314,High
Compute,Liquid,NA,Off-Peak,0.578,50.815,60.138,8.409,19.873,0.969,80.242,30.144,9.891,1.53,Medium
Edge,Liquid,NA,Peak,0.36,36.329,34.172,12.009,21.995,1.0,60.419,23.597,8.592,1.309,High
GPU,Liquid,NA,Off-Peak,0.695,53.206,44.936,13.088,18.355,0.919,93.999,33.686,12.098,1.367,High
Compute,Hybrid,NA,Night,0.96,69.757,92.182,11.012,15.0,0.686,69.366,27.69,8.067,1.457,Medium
Compute,Air,EU,Night,0.234,20.285,60.353,12.209,23.818,0.934,94.498,19.178,16.801,1.634,Low
Compute,Liquid,NA,Peak,0.613,47.756,74.817,13.845,20.668,0.963,89.912,36.989,11.307,1.386,High
Compute,Air,ME,Peak,0.931,74.829,77.15,9.875,21.681,0.798,113.153,55.782,6.742,1.691,Low
Compute,Air,APAC,Peak,0.259,21.453,64.572,5.073,31.103,0.861,56.473,33.041,3.922,1.637,Low
Storage,Air,NA,Peak,0.43,32.18,63.007,26.642,28.691,0.749,82.33,34.841,9.689,1.875,Low
Compute,Air,NA,Peak,0.211,23.232,49.799,21.325,25.21,0.677,72.96,29.511,9.104,1.565,Low
Compute,Liquid,APAC,Peak,0.678,58.302,77.666,12.593,18.761,0.997,86.55,49.961,7.005,1.459,Medium
Edge,Liquid,APAC,Peak,0.702,53.683,71.846,8.216,15.875,0.986,44.442,25.294,2.015,1.514,Medium
Storage,Air,ME,Off-Peak,0.698,55.352,52.34,13.263,23.581,0.96,86.252,43.626,4.96,1.836,Low
Edge,Air,ME,Off-Peak,0.588,53.768,76.066,14.8,19.845,0.682,75.593,38.71,3.72,1.563,Low
Compute,Liquid,ME,Off-Peak,0.772,63.502,93.903,14.141,18.81,0.812,86.831,42.802,3.64,1.775,Low
Compute,Hybrid,EU,Peak,0.132,16.576,63.01,14.468,23.574,0.821,61.203,14.805,11.234,1.604,Low
Storage,Air,NA,Peak,0.962,72.835,65.063,17.504,27.007,0.86,88.408,35.953,10.468,1.595,Low
Compute,Liquid,APAC,Off-Peak,0.3,25.848,64.662,7.048,21.42,0.958,52.507,33.105,3.193,1.557,Medium
Compute,Liquid,NA,Off-Peak,0.209,37.836,70.706,18.293,16.772,1.0,97.388,39.58,12.3,1.153,High
Storage,Liquid,APAC,Peak,0.947,70.544,57.811,20.535,24.554,0.839,77.531,44.069,6.281,1.825,Low
Storage,Air,EU,Night,0.847,69.467,64.499,23.484,21.121,0.785,58.139,12.546,10.605,1.675,Low
Storage,Liquid,APAC,Peak,0.788,58.919,71.217,30.575,18.638,0.857,95.768,57.108,7.703,1.07,High
Storage,Liquid,NA,Peak,0.194,23.442,54.092,5.492,23.512,1.0,54.115,20.701,6.933,1.332,High
Storage,Liquid,EU,Off-Peak,0.827,81.101,74.252,17.755,23.986,0.989,116.577,32.471,21.295,1.207,High
Compute,Liquid,EU,Peak,0.648,66.644,89.089,21.605,22.357,0.832,74.877,18.119,13.269,1.268,High
Compute,Hybrid,ME,Off-Peak,0.759,70.059,47.949,12.128,21.315,0.867,99.056,46.836,5.055,1.405,Medium
Compute,Air,NA,Peak,0.98,78.326,54.019,13.738,27.721,0.866,105.786,46.667,12.532,1.627,Low
Compute,Hybrid,ME,Peak,0.275,25.347,54.316,18.719,18.506,0.929,77.719,36.652,3.442,1.221,High
Edge,Liquid,APAC,Night,0.554,52.196,69.7,15.713,15.0,0.84,69.959,40.75,5.137,1.229,High
Storage,Liquid,APAC,Peak,0.778,70.87,51.54,12.844,23.405,0.955,79.733,47.658,6.69,1.766,Low
GPU,Air,APAC,Off-Peak,0.49,44.857,91.962,6.463,26.197,0.822,102.467,62.672,8.981,1.606,Low
Compute,Air,EU,Peak,0.149,12.432,71.372,4.933,22.383,0.832,67.874,18.138,12.329,1.582,Low
Compute,Liquid,NA,Off-Peak,0.2,23.458,39.399,10.474,15.77,0.863,95.981,39.175,10.459,1.282,High
Compute,Liquid,NA,Peak,0.642,54.607,68.69,10.445,18.767,0.985,77.256,29.527,9.693,1.339,High
Compute,Air,APAC,Off-Peak,0.357,30.589,68.232,9.347,25.638,0.941,57.893,35.797,4.731,1.335,High
Compute,Liquid,APAC,Off-Peak,0.224,35.452,46.604,14.278,17.551,1.0,56.16,34.146,4.491,1.224,High
GPU,Air,NA,Peak,0.406,48.242,37.81,5.404,23.047,0.911,111.076,44.726,12.915,1.107,High
Storage,Hybrid,EU,Peak,0.281,30.916,48.56,5.692,20.61,0.849,61.061,13.825,11.058,1.287,High
Storage,Hybrid,EU,Night,0.122,28.098,72.117,5.586,19.883,0.896,72.894,19.234,13.548,1.618,Low
Storage,Air,NA,Night,0.237,18.347,40.861,10.502,17.503,0.82,43.51,19.718,5.286,1.273,High
Edge,Hybrid,EU,Off-Peak,0.895,72.359,92.7,13.463,21.076,0.91,73.49,21.779,14.501,2.461,Medium
Compute,Hybrid,NA,Off-Peak,0.111,26.115,42.818,22.514,15.0,0.879,84.577,32.878,9.615,1.394,Medium
Compute,Air,NA,Night,0.796,77.92,32.079,13.894,19.465,0.913,99.729,41.617,11.422,1.391,High
Compute,Liquid,EU,Peak,0.778,61.854,88.404,12.271,20.143,0.897,78.504,18.055,13.633,1.45,Medium
GPU,Air,EU,Off-Peak,0.608,52.765,59.94,12.647,28.973,0.922,111.323,29.137,20.083,1.425,Medium
Edge,Liquid,NA,Off-Peak,0.288,34.893,57.249,9.588,15.0,1.0,40.621,21.285,5.443,1.435,High
Compute,Air,EU,Off-Peak,0.89,76.647,77.114,28.541,25.426,0.959,93.738,21.595,17.215,1.348,High
GPU,Air,NA,Peak,0.528,48.342,45.595,9.41,25.41,0.908,107.064,43.339,12.027,1.493,Medium
GPU,Air,NA,Off-Peak,0.256,22.076,43.632,38.321,26.13,0.923,97.959,38.58,11.112,1.429,Medium
Compute,Air,NA,Off-Peak,0.486,36.076,58.762,7.357,27.66,0.814,69.521,26.445,8.717,1.468,Medium
Compute,Hybrid,NA,Night,0.275,24.018,75.738,6.929,19.154,0.951,67.68,27.874,7.902,1.255,High
Storage,Air,NA,Off-Peak,0.438,42.931,68.033,31.728,20.419,0.754,82.786,30.255,9.881,1.68,Low
Edge,Air,APAC,Night,0.547,40.703,69.937,16.523,27.265,0.858,66.993,39.611,5.689,1.81,Low
Compute,Hybrid,EU,Night,0.424,34.547,78.222,13.505,21.552,0.673,78.208,19.566,14.092,1.598,Low
GPU,Air,NA,Off-Peak,0.691,57.829,80.919,18.826,37.68,0.71,134.241,54.836,15.404,1.076,High
Compute,Liquid,NA,Peak,0.942,71.283,61.262,22.868,25.825,1.0,80.566,31.186,9.197,1.422,High
GPU,Hybrid,NA,Off-Peak,0.413,32.168,51.638,7.997,18.3,0.872,104.994,41.417,12.7,1.126,High
Storage,Hybrid,APAC,Night,0.42,47.118,71.235,17.572,20.244,0.76,60.095,39.243,5.151,1.381,Medium
Storage,Air,NA,Peak,0.764,61.316,68.1,18.977,30.08,0.888,67.678,24.734,8.265,1.761,Low
GPU,Air,NA,Off-Peak,0.578,43.407,64.84,18.064,21.533,0.758,135.204,54.856,17.241,1.645,Low
GPU,Hybrid,EU,Peak,0.486,53.338,34.268,21.957,22.751,0.797,165.162,41.771,29.629,1.31,High
GPU,Air,EU,Peak,0.832,67.891,71.424,10.652,27.058,0.795,117.842,29.977,20.705,1.668,Low
Compute,Air,NA,Off-Peak,0.902,71.064,84.758,21.865,19.899,0.788,89.937,35.579,10.803,1.529,Low
Storage,Air,EU,Off-Peak,0.632,51.444,62.148,17.433,28.856,0.755,63.979,12.828,10.773,1.557,Low
Compute,Air,NA,Off-Peak,0.267,29.796,57.083,11.971,24.276,0.886,63.284,27.794,7.435,1.474,Medium
Storage,Liquid,NA,Night,0.52,41.457,88.4,21.698,27.373,1.0,58.793,21.808,6.898,1.438,High
Storage,Liquid,EU,Peak,0.554,46.715,56.244,14.783,24.082,0.918,54.62,12.403,10.748,1.417,Medium
Storage,Hybrid,APAC,Peak,0.489,37.1,91.519,14.688,26.945,0.905,51.577,28.688,3.81,1.708,Low
Storage,Liquid,EU,Night,0.336,32.483,37.714,11.233,15.114,0.911,51.467,14.377,8.669,1.05,High
Edge,Air,NA,Off-Peak,0.525,44.255,72.435,12.338,24.452,0.779,66.392,25.294,8.594,1.684,Low
Compute,Air,EU,Peak,0.502,38.096,39.551,9.158,26.97,0.946,214.863,53.716,38.675,1.505,Medium
Storage,Hybrid,NA,Off-Peak,0.289,40.233,69.799,18.401,22.683,0.83,68.59,27.354,8.432,1.63,Low
Compute,Air,APAC,Night,0.913,69.917,59.12,26.07,16.611,0.857,85.092,52.163,7.056,1.506,Medium
Compute,Air,EU,Off-Peak,0.897,70.71,54.961,19.466,23.509,0.894,79.526,19.568,13.738,1.73,Low
Compute,Hybrid,NA,Off-Peak,0.784,72.095,61.475,10.384,19.34,0.858,90.235,36.824,10.746,1.379,High
Edge,Liquid,EU,Peak,0.461,54.288,54.29,11.208,20.593,0.929,55.571,14.888,9.234,1.469,Medium
GPU,Air,EU,Peak,0.433,39.112,62.481,8.816,27.633,0.897,105.892,25.711,19.608,1.438,Medium
Edge,Hybrid,NA,Night,0.745,53.384,81.129,13.511,17.91,0.954,99.385,38.408,11.88,1.418,High
Edge,Hybrid,APAC,Off-Peak,0.647,54.389,86.227,24.821,26.952,0.732,116.801,68.976,10.37,1.458,Medium
Compute,Air,APAC,Peak,0.641,57.755,96.885,14.842,27.618,0.858,72.477,40.556,6.983,1.56,Low
Compute,Hybrid,NA,Off-Peak,0.212,30.107,56.482,24.497,22.212,0.93,72.656,26.958,8.715,1.425,Medium
Storage,Air,ME,Off-Peak,0.656,54.283,64.463,9.765,24.072,0.898,75.285,33.264,4.236,1.406,Medium
Storage,Liquid,EU,Peak,0.912,73.255,75.547,10.883,21.499,0.981,87.935,23.39,16.983,1.607,Medium
Storage,Hybrid,APAC,Off-Peak,0.177,16.922,51.342,29.206,25.855,0.758,45.73,29.109,3.781,1.715,Low
Compute,Hybrid,APAC,Peak,0.405,49.493,29.103,8.874,18.109,0.707,139.524,84.34,11.174,1.363,Medium
Storage,Air,EU,Peak,0.558,58.957,70.109,13.364,27.61,0.88,57.776,12.877,10.573,1.369,High
Storage,Air,NA,Off-Peak,0.717,56.384,51.357,17.909,20.273,0.938,64.189,25.014,7.883,1.323,High
Compute,Air,ME,Peak,0.181,14.667,58.489,22.16,24.375,0.837,63.229,32.013,3.067,1.337,High
Storage,Liquid,NA,Peak,0.886,0.765,65.534,13.594,21.426,0.822,80.453,31.617,10.388,1.567,Low
Storage,Air,NA,Night,0.136,28.848,40.553,15.038,18.838,0.898,52.711,21.639,6.209,1.39,High
Storage,Air,NA,Off-Peak,0.872,70.244,62.388,28.944,24.398,0.669,57.644,24.85,6.138,1.696,Low
Compute,Air,APAC,Off-Peak,0.125,17.278,42.062,14.325,29.946,0.895,47.511,29.523,3.745,1.584,Low
GPU,Air,ME,Peak,0.238,21.341,61.43,15.946,26.861,0.669,111.118,59.349,5.1,1.658,Low
Compute,Air,NA,Peak,0.82,73.471,64.695,22.598,24.356,0.757,139.659,55.702,16.089,2.321,High
Compute,Hybrid,APAC,Off-Peak,0.874,83.786,74.995,15.958,17.102,0.851,77.591,48.389,6.187,1.471,Medium
GPU,Air,NA,Peak,0.984,80.907,55.403,14.563,21.776,0.894,117.646,45.997,13.979,1.189,High
Storage,Air,ME,Off-Peak,0.204,17.696,64.806,5.354,17.89,0.874,43.356,21.242,1.578,1.325,High
Compute,Hybrid,EU,Off-Peak,0.574,47.495,90.46,14.531,20.504,0.861,74.311,20.184,12.83,1.657,Low
Storage,Liquid,NA,Off-Peak,0.169,12.967,62.483,10.694,19.833,0.984,40.268,16.914,4.528,1.211,High
Storage,Air,NA,Peak,0.241,27.71,75.583,17.679,23.968,0.905,116.514,47.902,13.055,1.599,Low
GPU,Air,NA,Peak,0.257,26.156,56.061,6.517,23.395,0.963,86.195,34.488,10.587,1.358,High
GPU,Liquid,NA,Night,0.157,21.344,53.45,10.46,17.921,1.0,92.256,33.301,11.444,1.406,High
Storage,Air,APAC,Night,0.904,73.717,82.912,24.587,22.39,0.71,81.717,46.154,7.168,1.352,Medium
Storage,Liquid,NA,Off-Peak,0.214,16.225,55.939,2.821,19.841,0.816,60.021,23.878,8.13,1.241,High
Compute,Air,ME,Off-Peak,0.666,56.174,84.233,13.851,22.628,0.966,85.622,41.325,4.65,1.584,Medium
Compute,Air,EU,Off-Peak,0.663,53.625,66.564,12.223,21.154,0.873,82.9,19.081,14.987,1.288,High
Storage,Air,EU,Peak,0.279,26.03,63.847,25.858,28.796,0.825,59.137,11.413,11.118,1.597,Low
Storage,Liquid,NA,Peak,0.999,76.554,67.518,29.749,19.879,1.0,77.236,30.814,9.535,1.625,Medium
Storage,Hybrid,APAC,Peak,0.413,39.064,43.909,18.55,26.114,0.804,217.016,130.21,17.361,1.446,Medium
Compute,Air,EU,Off-Peak,0.915,80.638,71.352,15.195,21.964,0.666,96.453,23.512,17.624,1.66,Low
Compute,Liquid,APAC,Off-Peak,0.953,80.052,70.452,11.926,19.085,1.0,96.355,59.013,6.939,1.05,High
Storage,Air,ME,Night,0.954,78.845,65.889,19.482,21.897,0.898,79.553,40.174,3.526,1.488,Medium
Compute,Air,NA,Off-Peak,0.778,58.043,77.745,18.056,21.761,0.92,72.754,32.882,9.176,1.417,Medium
GPU,Hybrid,NA,Night,0.328,38.514,77.971,7.98,15.834,0.891,93.94,37.584,10.624,1.395,High
Compute,Air,APAC,Night,0.209,23.016,77.156,24.161,35.258,0.665,61.159,34.215,4.821,1.466,Low
Storage,Hybrid,APAC,Night,0.613,50.585,65.285,15.783,17.742,0.748,52.307,29.326,4.731,1.389,Medium
Edge,Liquid,EU,Peak,0.424,44.125,54.879,8.914,21.206,0.984,81.782,22.024,14.704,1.141,High
Compute,Hybrid,NA,Peak,0.848,62.442,59.543,23.573,24.983,0.892,83.49,35.502,9.101,2.546,Low
Storage,Liquid,EU,Off-Peak,0.77,65.614,98.0,20.209,24.493,0.792,78.794,19.183,14.833,1.484,Medium
Compute,Air,NA,Off-Peak,0.349,1.466,81.356,17.302,24.653,0.926,113.647,46.766,14.13,1.415,High
Storage,Air,NA,Peak,0.115,11.872,58.037,9.586,25.504,0.834,64.653,25.943,8.291,1.522,Medium
Storage,Air,EU,Night,0.314,25.957,30.885,6.44,20.495,0.693,60.921,12.714,11.974,1.597,Low
Storage,Air,NA,Night,0.61,50.686,65.29,8.841,22.073,0.879,59.886,27.14,7.876,1.498,Medium
Storage,Air,EU,Off-Peak,0.171,15.907,71.706,3.145,25.287,0.641,56.853,13.466,10.488,1.679,Low
GPU,Air,ME,Off-Peak,0.692,55.646,58.067,15.089,28.788,0.831,106.343,51.134,5.81,1.796,Low
Compute,Hybrid,APAC,Night,0.705,61.827,52.051,12.665,19.606,0.761,97.71,58.333,8.301,1.29,High
Compute,Air,ME,Peak,0.252,27.479,70.103,16.228,36.414,0.668,54.669,27.133,1.235,1.568,Low
GPU,Liquid,APAC,Peak,0.637,45.986,68.131,9.458,20.007,1.0,107.428,65.382,9.057,1.385,High
Storage,Hybrid,NA,Night,0.646,59.24,68.585,12.515,16.163,0.787,61.822,25.921,6.753,1.073,High
GPU,Hybrid,APAC,Off-Peak,0.53,45.895,65.929,25.913,29.454,0.797,103.239,62.172,7.756,1.358,Medium
Storage,Air,ME,Off-Peak,0.958,75.349,54.645,29.545,19.093,0.961,68.315,35.686,4.041,1.456,Medium
GPU,Air,ME,Night,0.197,17.183,48.493,5.198,20.077,0.833,82.265,40.162,4.159,1.388,Medium
Storage,Air,EU,Peak,0.466,50.632,63.596,7.206,24.651,0.928,73.172,17.438,12.649,1.189,High
GPU,Air,NA,Off-Peak,0.895,79.134,53.589,15.429,23.603,0.678,125.997,47.975,15.317,1.502,Low
Edge,Air,NA,Off-Peak,0.448,38.99,50.173,17.812,22.484,0.715,57.044,20.417,6.576,1.468,Medium
Storage,Hybrid,NA,Peak,0.482,42.015,87.121,16.67,21.705,0.593,52.396,16.204,6.18,1.648,Low
Compute,Air,ME,Peak,0.701,59.917,72.576,11.901,23.686,0.942,94.38,44.671,4.318,1.294,High
Compute,Liquid,EU,Night,0.699,63.498,72.448,20.284,18.639,0.987,70.644,18.508,12.913,1.332,High
Compute,Hybrid,APAC,Peak,0.121,17.913,68.164,11.0,23.555,0.865,59.725,37.256,4.924,1.34,High
Compute,Air,EU,Peak,0.51,46.414,74.338,17.374,25.065,0.792,76.438,20.732,13.735,1.843,Low
Compute,Air,EU,Off-Peak,0.4,44.78,65.371,13.755,22.191,0.813,84.334,21.57,14.751,1.27,High
Storage,Liquid,NA,Peak,0.665,48.082,57.311,17.324,20.01,0.88,69.72,27.854,8.996,1.333,High
Storage,Air,NA,Night,0.6,43.962,52.146,21.314,25.051,0.876,50.824,25.101,6.33,1.413,Medium
Storage,Liquid,EU,Peak,0.686,52.271,74.02,19.456,22.266,0.918,66.729,18.912,12.005,1.463,Medium
Storage,Air,EU,Off-Peak,0.688,61.356,91.458,10.087,25.186,0.952,67.068,18.166,12.289,1.625,Low
Compute,Hybrid,NA,Peak,0.329,26.711,26.134,12.139,27.96,0.821,65.19,28.466,7.493,1.536,Low
Compute,Air,APAC,Night,0.322,34.078,73.625,13.555,25.241,0.875,68.967,39.253,5.509,1.253,High
Compute,Air,NA,Off-Peak,0.433,32.297,44.851,17.993,21.97,0.796,76.055,30.839,9.082,1.734,Low
Storage,Liquid,APAC,Peak,0.318,35.536,67.444,14.103,19.766,0.999,77.656,42.936,5.896,1.436,High
Compute,Air,NA,Night,0.715,54.495,65.828,8.457,19.261,0.848,69.35,31.592,9.254,1.195,High
Compute,Air,EU,Peak,0.643,48.415,61.543,15.502,22.95,0.807,99.503,24.33,17.806,1.302,High
Storage,Air,NA,Off-Peak,0.295,29.887,62.153,8.491,25.711,0.915,61.086,23.338,7.519,1.271,High
GPU,Air,APAC,Night,0.896,0.148,80.986,20.95,21.226,0.936,114.393,68.138,9.794,1.385,High
Compute,Liquid,EU,Off-Peak,0.515,42.48,82.507,22.465,18.762,0.867,82.027,22.96,15.14,1.505,Medium
Storage,Liquid,EU,Off-Peak,0.214,20.91,48.875,12.883,20.953,0.91,46.091,9.315,8.526,1.248,High
Storage,Liquid,ME,Peak,0.292,31.805,68.316,19.52,24.779,1.0,54.335,26.34,2.436,1.345,High
GPU,Liquid,NA,Peak,0.586,50.384,71.375,18.091,24.872,1.0,91.661,34.143,11.24,1.552,Medium
Edge,Air,NA,Peak,0.405,32.525,69.232,25.006,28.685,0.864,65.945,26.553,7.81,1.515,Medium
Compute,Air,APAC,Night,0.866,61.354,70.775,26.13,18.279,0.686,73.756,44.378,6.026,1.486,Low
Compute,Liquid,EU,Night,0.545,42.69,73.662,6.638,20.394,0.968,113.343,29.499,20.196,1.052,High
GPU,Hybrid,NA,Peak,0.924,81.169,98.0,12.154,21.794,0.8,130.732,52.595,15.335,1.348,High
Storage,Air,EU,Peak,0.192,22.938,61.417,19.227,26.834,0.861,39.686,8.589,6.885,1.442,Medium
Storage,Air,NA,Peak,0.702,49.959,66.554,11.101,25.953,0.983,70.186,28.944,8.149,1.477,Medium
Storage,Air,NA,Peak,0.897,0.2,69.556,14.628,17.121,0.956,81.783,31.789,8.978,1.537,Medium
Storage,Liquid,EU,Peak,0.364,29.519,65.509,13.053,20.126,0.803,50.069,14.616,9.459,1.432,Medium
Edge,Liquid,APAC,Off-Peak,0.222,31.598,57.903,7.636,23.006,0.976,59.051,37.6,4.964,1.325,High
Edge,Air,EU,Night,0.511,0.931,89.921,9.864,24.548,0.899,54.031,13.44,10.205,1.842,Low
GPU,Liquid,EU,Off-Peak,0.965,76.086,56.911,15.468,19.08,0.99,125.555,31.912,22.222,1.244,High
Compute,Air,APAC,Off-Peak,0.67,48.072,89.008,16.904,21.048,0.975,165.286,95.217,13.087,1.435,High
GPU,Air,NA,Off-Peak,0.68,53.405,62.116,17.369,22.007,0.903,144.758,58.432,17.21,1.647,Low
Compute,Hybrid,APAC,Off-Peak,0.704,64.846,68.009,14.622,24.259,0.766,82.489,50.414,6.922,1.4,Medium
Compute,Air,APAC,Off-Peak,0.136,20.976,67.016,9.043,26.399,0.889,64.641,39.409,4.38,1.488,Medium
GPU,Air,NA,Peak,0.501,46.88,57.013,13.363,30.357,0.907,101.654,39.682,12.287,1.588,Low
Compute,Hybrid,NA,Peak,0.17,28.292,49.181,12.224,22.736,0.789,51.191,20.897,6.549,1.489,Medium
Compute,Hybrid,ME,Off-Peak,0.384,46.781,49.741,5.411,29.221,0.844,68.58,31.578,3.929,1.616,Low
Compute,Liquid,ME,Night,0.839,71.096,60.901,11.99,15.063,0.963,83.05,41.632,3.792,1.545,Medium
GPU,Air,NA,Off-Peak,0.691,51.199,71.432,37.889,30.195,0.797,114.007,41.455,13.536,1.758,Low
Storage,Air,NA,Night,0.996,73.5,98.0,13.132,26.247,0.829,74.709,31.704,8.908,1.393,Medium
Storage,Hybrid,NA,Peak,0.255,23.105,68.876,11.919,22.312,0.915,53.629,20.926,6.806,1.629,Low
Compute,Liquid,NA,Off-Peak,0.457,42.581,76.402,11.427,20.847,0.846,68.359,25.984,8.435,1.465,Medium
GPU,Hybrid,EU,Night,0.829,58.483,54.855,11.085,17.322,0.764,212.683,53.171,38.283,1.292,High
GPU,Air,EU,Off-Peak,0.294,25.016,44.642,23.255,23.475,0.719,78.528,18.904,14.393,1.676,Low
Compute,Air,APAC,Night,0.238,28.959,71.896,6.55,25.074,0.656,65.027,40.673,5.24,1.825,Low
Storage,Hybrid,NA,Off-Peak,0.485,44.83,35.892,14.667,20.853,0.825,66.363,25.623,7.972,1.8,Low
Compute,Liquid,APAC,Peak,0.445,41.008,62.818,6.612,17.853,0.975,71.91,43.132,6.028,1.24,High
Edge,Air,NA,Peak,0.982,78.351,91.74,18.233,20.818,0.775,67.064,26.583,8.642,1.512,Medium
Storage,Air,NA,Off-Peak,0.511,44.734,62.25,8.258,21.237,0.806,88.494,35.224,10.906,1.655,Low
Edge,Air,EU,Night,0.875,68.5,69.447,19.165,21.59,0.941,66.899,17.562,11.342,1.49,Medium
Compute,Air,NA,Peak,0.899,72.141,84.31,30.394,28.903,0.872,97.354,40.044,10.902,1.568,Low
GPU,Air,NA,Off-Peak,0.242,26.836,57.112,11.025,21.386,0.707,104.42,39.19,12.689,1.625,Low
GPU,Air,APAC,Off-Peak,0.744,59.836,84.768,22.435,24.587,0.922,117.937,68.186,9.308,1.587,Low
Storage,Liquid,NA,Peak,0.35,39.269,52.515,16.57,26.938,0.772,60.595,26.478,7.809,1.565,Low
Edge,Air,APAC,Peak,0.185,21.741,76.714,17.642,20.414,0.935,40.541,21.31,3.553,1.34,High
Compute,Hybrid,NA,Peak,0.887,67.561,72.498,15.278,24.601,0.962,85.992,36.167,9.366,1.468,Medium
Compute,Air,NA,Peak,0.363,35.758,42.172,7.325,23.417,0.837,79.807,32.211,9.635,1.678,Low
Storage,Liquid,EU,Peak,0.411,44.464,67.218,22.006,18.198,0.987,80.382,18.809,14.212,1.187,High
GPU,Air,APAC,Peak,0.392,44.463,41.687,6.948,25.947,0.689,108.693,63.631,8.872,1.613,Low
Storage,Liquid,EU,Peak,0.28,27.135,60.906,8.861,26.442,0.881,48.552,8.668,8.685,1.87,Low
Compute,Hybrid,EU,Off-Peak,0.491,43.57,50.21,12.037,21.013,0.717,91.374,18.313,16.918,1.391,Medium
Storage,Hybrid,ME,Off-Peak,0.485,40.778,38.675,9.791,18.937,0.914,79.533,40.424,4.228,1.344,High
Compute,Liquid,APAC,Off-Peak,0.468,35.665,34.533,24.632,15.942,0.781,92.178,55.306,7.935,1.608,Low
Storage,Air,NA,Off-Peak,0.925,75.854,85.789,24.088,23.801,0.823,82.444,33.268,10.492,1.511,Medium
Storage,Hybrid,APAC,Night,0.406,31.529,46.498,7.377,18.527,0.736,77.855,46.381,5.742,1.364,Medium
GPU,Hybrid,EU,Night,0.127,11.935,65.245,11.216,16.569,0.815,88.668,18.792,16.857,1.165,High
Compute,Hybrid,APAC,Night,0.261,22.754,67.15,14.125,17.247,0.791,104.909,63.325,8.425,1.524,Low
Storage,Air,EU,Peak,0.749,61.364,89.736,11.746,26.441,0.959,73.25,19.623,13.475,1.508,Medium
Compute,Hybrid,NA,Night,0.632,49.592,74.524,11.288,17.399,0.816,108.986,42.517,12.516,1.238,High
Compute,Air,EU,Off-Peak,0.957,73.981,42.092,23.684,21.976,0.694,89.82,20.443,16.794,1.557,Low
GPU,Air,EU,Peak,0.725,60.458,84.208,21.348,24.323,0.906,106.369,26.474,19.128,1.41,Medium
Edge,Air,EU,Peak,0.275,33.383,56.729,12.348,27.363,0.753,54.984,17.61,10.29,1.524,Low
Compute,Air,APAC,Off-Peak,0.209,27.893,80.873,16.101,24.323,0.935,69.643,38.912,6.331,1.384,High
GPU,Liquid,APAC,Peak,0.569,52.707,69.859,19.344,20.767,0.925,108.708,66.493,9.502,1.431,Medium
GPU,Hybrid,EU,Peak,0.699,58.727,78.907,17.436,24.558,0.922,109.642,27.465,19.215,1.37,High
GPU,Liquid,EU,Off-Peak,0.249,31.269,72.503,14.532,19.777,0.921,100.37,20.803,18.105,1.465,Medium
Compute,Liquid,EU,Off-Peak,0.642,61.112,55.797,26.375,21.572,0.772,71.293,20.288,12.804,1.666,Low
Edge,Liquid,EU,Night,0.879,64.625,83.526,18.952,15.0,0.993,85.567,22.321,14.569,2.353,High
Compute,Liquid,ME,Off-Peak,0.755,64.142,75.994,11.247,24.917,0.951,66.564,34.285,3.929,1.654,Low
Compute,Air,EU,Off-Peak,0.698,64.262,79.486,20.904,22.534,0.954,84.633,18.15,15.299,1.507,Medium
Compute,Hybrid,NA,Peak,0.81,68.543,73.559,10.692,21.799,0.634,128.405,51.032,15.022,1.571,Low
Storage,Liquid,EU,Off-Peak,0.194,18.441,51.77,20.644,18.003,1.0,54.686,12.431,9.69,1.499,Medium
Compute,Liquid,EU,Off-Peak,0.283,29.313,43.355,6.647,19.482,0.754,68.352,15.061,11.751,1.239,High
Compute,Liquid,EU,Night,0.134,20.191,56.815,19.671,15.0,0.835,48.556,14.639,8.966,1.164,High
Compute,Hybrid,EU,Peak,0.23,19.653,71.836,18.416,23.57,0.886,77.466,17.64,13.635,1.491,Medium
GPU,Air,NA,Off-Peak,0.922,65.253,72.658,18.904,23.705,0.762,120.335,46.211,14.339,1.522,Low
GPU,Air,NA,Off-Peak,0.3,29.267,67.911,15.512,27.203,0.948,94.749,41.129,11.205,1.563,Medium
Compute,Liquid,NA,Night,0.696,63.196,25.827,28.499,15.0,0.897,67.043,26.233,8.799,1.447,Medium
GPU,Air,EU,Night,0.722,57.737,85.281,13.4,26.978,0.783,116.565,28.27,20.563,1.652,Low
GPU,Hybrid,NA,Peak,0.681,66.788,79.964,21.43,21.553,0.92,117.301,48.523,13.882,1.557,Medium
GPU,Air,APAC,Off-Peak,0.599,43.093,72.169,15.263,20.889,0.936,120.065,75.481,9.323,1.242,High
Compute,Air,NA,Off-Peak,0.538,50.397,83.468,12.355,21.651,0.814,106.935,40.509,12.864,1.479,Medium
Storage,Hybrid,ME,Night,0.478,40.797,66.786,19.525,19.625,0.889,72.661,39.179,3.776,1.433,Medium
Edge,Air,NA,Off-Peak,0.925,67.592,88.573,36.194,24.204,0.853,52.157,20.324,6.035,1.409,Medium
Storage,Liquid,NA,Peak,0.109,29.151,56.63,31.462,23.242,0.851,70.815,27.11,8.47,1.656,Low
Compute,Air,EU,Peak,0.148,19.52,51.727,2.907,21.973,0.862,62.744,16.613,11.126,1.7,Low
Storage,Air,NA,Off-Peak,0.543,45.682,69.741,13.63,17.913,0.856,52.36,20.182,5.555,1.288,High
Storage,Liquid,ME,Off-Peak,0.397,39.186,45.224,10.732,20.372,1.0,86.352,46.678,4.504,1.33,High
Storage,Air,NA,Peak,0.467,36.346,81.724,8.679,26.043,0.88,61.912,25.125,8.008,1.578,Low
Compute,Hybrid,EU,Peak,0.998,77.056,92.314,15.438,24.366,0.793,87.093,21.101,15.892,1.647,Low
Compute,Liquid,ME,Off-Peak,0.798,68.231,98.0,19.337,19.587,0.732,84.343,39.966,3.566,1.434,Medium
GPU,Air,NA,Night,0.89,76.991,71.586,25.482,17.883,0.729,110.055,43.042,13.673,1.386,Medium
GPU,Liquid,NA,Night,0.432,36.421,66.043,12.545,15.205,0.849,81.977,35.445,9.093,1.412,Medium
Compute,Liquid,NA,Off-Peak,0.316,34.078,63.641,19.33,20.421,0.98,65.103,24.415,7.095,1.081,High
Edge,Air,EU,Night,0.791,64.942,65.035,25.295,21.427,0.89,83.497,21.269,15.426,1.34,High
Compute,Air,NA,Peak,0.827,60.679,75.119,21.267,28.343,0.782,105.272,43.173,12.129,1.897,Low
Storage,Air,EU,Off-Peak,0.595,62.11,71.514,15.084,25.651,0.795,76.281,20.408,13.825,1.292,High
GPU,Liquid,APAC,Peak,0.906,67.103,35.186,9.639,19.49,0.947,117.268,70.839,8.418,1.347,High
GPU,Liquid,APAC,Off-Peak,0.971,68.655,59.476,16.529,25.462,1.0,104.322,62.482,8.393,1.318,High
Edge,Liquid,NA,Night,0.524,38.666,81.032,8.848,15.0,1.0,60.441,28.275,6.468,1.121,High
Compute,Liquid,NA,Night,0.3,25.07,65.158,7.737,15.03,0.823,61.204,22.177,6.947,1.445,Medium
GPU,Liquid,NA,Off-Peak,0.565,51.532,38.826,19.731,19.338,1.0,96.395,34.943,11.865,2.413,High
Compute,Liquid,EU,Off-Peak,0.991,80.015,59.789,17.029,15.211,0.89,105.475,26.569,19.18,1.399,Medium
GPU,Liquid,NA,Night,0.364,34.036,63.263,12.328,15.0,0.999,84.772,34.135,9.706,1.217,High
GPU,Air,APAC,Peak,0.656,48.109,55.356,16.598,19.542,0.893,114.272,62.558,8.549,1.618,Low
Storage,Hybrid,APAC,Off-Peak,0.725,54.794,77.934,12.262,23.179,0.732,90.475,51.329,7.037,1.647,Low
Compute,Liquid,NA,Peak,0.293,21.887,67.221,10.001,15.0,0.979,52.816,19.357,5.89,1.393,High
GPU,Hybrid,EU,Night,0.63,50.834,75.751,25.103,20.225,0.759,101.212,23.912,18.643,1.249,High
Compute,Liquid,NA,Peak,0.383,29.376,63.78,4.579,23.846,0.792,74.655,30.833,9.156,1.678,Low
Compute,Air,NA,Peak,0.869,72.527,71.45,11.858,26.256,0.861,81.283,33.616,9.524,1.435,Medium
GPU,Liquid,NA,Off-Peak,0.743,62.266,95.814,14.726,17.1,1.0,124.986,50.592,15.154,1.345,High
Storage,Air,NA,Peak,0.844,63.442,58.382,16.491,21.252,0.754,86.463,34.058,10.116,1.222,High
GPU,Liquid,EU,Peak,0.28,32.261,17.859,13.21,25.887,0.967,93.877,25.37,17.517,1.489,Medium
Compute,Air,EU,Off-Peak,0.131,15.502,31.555,9.183,24.157,0.765,75.272,19.772,13.455,1.658,Low
Compute,Hybrid,NA,Night,0.865,62.408,59.644,14.884,15.0,0.845,90.917,35.624,10.29,1.251,High
GPU,Liquid,ME,Peak,0.448,40.103,93.052,9.304,18.857,1.0,95.447,43.778,4.262,1.262,High
Storage,Liquid,EU,Night,0.262,19.812,73.845,10.238,20.51,0.97,64.868,14.984,10.768,1.521,Medium
Compute,Air,NA,Night,0.183,25.97,40.665,29.468,24.756,0.87,66.014,25.989,7.512,1.05,High
GPU,Hybrid,NA,Off-Peak,0.565,50.761,52.564,16.201,20.953,0.796,116.488,43.954,13.541,1.422,Medium
Storage,Hybrid,EU,Off-Peak,0.235,25.353,65.814,12.807,25.896,0.937,50.496,10.433,8.499,1.846,Low
Storage,Liquid,ME,Peak,0.61,49.601,64.329,9.824,21.462,1.0,90.033,44.667,4.342,1.586,Medium
Storage,Air,EU,Peak,0.755,59.899,51.641,11.281,22.785,0.934,75.057,16.988,13.325,1.811,Low
GPU,Liquid,ME,Peak,0.582,43.755,47.691,13.173,16.59,1.0,105.452,49.898,5.731,1.194,High
GPU,Air,EU,Peak,0.913,68.704,60.043,21.01,31.207,0.844,166.159,41.777,29.096,1.646,Low
GPU,Liquid,EU,Peak,0.24,33.758,43.47,4.322,15.0,1.0,104.234,26.699,18.928,1.446,High
Compute,Air,EU,Peak,0.545,49.033,53.207,21.273,24.758,0.87,88.24,23.059,16.012,1.274,High
GPU,Liquid,EU,Off-Peak,0.247,23.43,62.122,16.881,24.801,0.975,93.253,19.678,17.634,1.435,High
Storage,Liquid,NA,Off-Peak,0.888,70.609,75.403,20.899,18.446,0.957,76.124,30.078,9.03,1.574,Medium
Storage,Air,APAC,Night,0.939,80.665,43.496,20.233,24.5,0.74,68.018,40.747,5.001,1.553,Low
Compute,Air,NA,Peak,0.46,42.261,63.238,36.154,27.475,0.696,92.607,34.812,11.744,1.825,Low
GPU,Hybrid,EU,Peak,0.375,42.731,52.249,9.893,37.165,0.861,113.82,25.488,20.311,1.47,Medium
GPU,Air,EU,Off-Peak,0.351,33.344,66.926,17.808,23.382,0.915,98.197,24.209,17.684,1.448,Medium
Compute,Liquid,EU,Peak,0.874,71.306,86.318,29.735,19.763,1.0,95.785,23.912,17.414,1.246,High
Storage,Air,NA,Off-Peak,0.714,63.121,77.553,12.194,21.491,0.927,233.611,93.445,28.033,1.481,Medium
GPU,Air,EU,Off-Peak,0.893,66.68,53.861,16.473,20.778,0.876,102.832,29.287,17.827,1.313,High
Compute,Air,EU,Off-Peak,0.206,0.478,61.195,7.449,21.62,0.645,64.177,15.276,10.865,1.621,Low
Edge,Liquid,EU,Peak,0.528,47.844,80.796,8.982,21.476,0.873,47.375,13.127,9.007,1.519,Medium
Storage,Air,APAC,Peak,0.709,61.985,61.476,16.789,22.574,0.842,92.488,55.162,7.848,1.461,Medium
Storage,Hybrid,APAC,Off-Peak,0.907,66.732,29.154,21.523,21.706,0.976,78.979,47.27,6.588,1.319,High
Compute,Liquid,NA,Peak,0.444,49.765,75.211,6.661,20.385,0.737,76.749,29.83,9.172,1.516,Low
Compute,Air,ME,Peak,0.382,40.849,44.073,8.354,32.071,0.897,113.501,57.854,6.149,1.516,Medium
Edge,Liquid,APAC,Off-Peak,0.922,71.37,93.761,15.023,25.035,0.719,90.765,60.096,7.492,1.637,Low
Compute,Air,NA,Peak,0.143,15.789,52.329,17.375,25.376,0.912,77.884,30.541,9.226,1.46,Medium
GPU,Liquid,NA,Off-Peak,0.532,43.835,80.978,13.293,15.0,0.818,117.525,46.068,13.739,1.369,Medium
Compute,Air,NA,Peak,0.513,43.917,50.092,7.521,26.864,0.899,79.341,34.893,9.364,1.558,Medium
Compute,Air,EU,Peak,0.231,17.91,54.456,16.256,29.557,0.856,56.236,15.617,10.407,1.671,Low
Compute,Liquid,APAC,Peak,0.455,45.122,71.134,16.889,15.0,0.952,65.937,42.786,5.349,1.135,High
Storage,Hybrid,APAC,Peak,0.75,60.507,88.04,13.72,24.77,0.716,63.34,36.585,5.008,1.31,High
Edge,Air,APAC,Peak,0.43,35.569,70.025,18.789,27.949,0.845,49.558,26.315,3.158,1.611,Low
Compute,Hybrid,NA,Peak,0.379,31.96,67.069,19.74,24.078,0.838,62.284,27.478,7.386,1.551,Low
Compute,Air,EU,Peak,0.804,61.288,76.186,9.55,26.438,0.802,200.314,50.079,36.057,1.614,Low
Compute,Hybrid,NA,Peak,0.99,79.755,56.798,13.891,21.628,0.738,97.501,37.307,11.514,1.366,Medium
Storage,Liquid,NA,Night,0.801,58.246,84.523,19.192,18.226,1.0,80.175,33.344,8.755,1.28,High
Storage,Air,EU,Night,0.862,74.444,37.086,15.54,20.959,0.936,85.333,20.768,15.749,1.319,High
GPU,Air,NA,Peak,0.946,68.403,80.961,11.786,23.661,0.854,196.297,80.274,23.097,1.676,Low
Storage,Air,EU,Peak,0.822,68.021,42.757,21.185,24.208,0.715,77.442,17.828,13.427,1.506,Low
Storage,Air,EU,Off-Peak,0.982,71.943,75.028,11.089,18.704,0.871,94.751,25.472,16.563,1.233,High
Compute,Air,APAC,Night,0.773,59.825,64.682,12.309,17.782,0.843,95.703,54.829,7.689,1.218,High
Edge,Liquid,NA,Night,0.695,52.108,62.634,31.079,15.0,0.875,51.855,21.758,6.05,1.398,Medium
Compute,Hybrid,APAC,Peak,0.724,53.599,74.793,26.728,24.281,0.666,83.167,53.255,6.093,1.483,Low
Compute,Air,ME,Off-Peak,0.91,76.732,71.83,21.746,20.709,0.829,88.556,43.248,4.174,1.431,Medium
Storage,Liquid,APAC,Off-Peak,0.715,56.499,76.737,14.874,22.367,0.887,87.973,53.732,6.641,1.513,Medium
Storage,Liquid,APAC,Night,0.785,62.928,80.758,26.066,16.505,1.0,72.17,45.71,6.257,1.227,High
Storage,Hybrid,EU,Peak,0.294,32.355,18.97,10.007,23.588,0.846,43.703,8.267,7.994,1.59,Low
Storage,Liquid,EU,Off-Peak,0.921,74.27,97.848,14.679,17.34,0.842,82.117,21.317,14.736,1.652,Low
GPU,Liquid,APAC,Peak,0.502,38.879,47.928,8.883,22.574,0.895,113.627,69.311,8.614,1.542,Medium
Compute,Air,APAC,Peak,0.245,27.389,65.206,8.078,25.416,0.847,57.24,33.069,4.951,1.576,Low
GPU,Air,EU,Off-Peak,0.82,76.667,84.897,9.458,27.025,0.912,115.765,28.939,20.161,1.5,Medium
Storage,Air,APAC,Peak,0.421,35.317,73.609,14.451,28.3,0.884,51.491,29.931,4.06,1.481,Medium
Storage,Air,EU,Off-Peak,0.266,27.146,74.46,17.84,18.831,0.883,45.992,9.141,8.51,1.181,High
Storage,Air,NA,Off-Peak,0.331,28.329,43.414,5.547,26.445,0.877,59.557,22.367,9.121,1.657,Low
Compute,Liquid,EU,Night,0.131,22.525,56.275,7.778,15.677,0.852,84.968,19.526,15.07,1.442,Medium
GPU,Air,NA,Peak,0.182,22.671,69.808,11.511,24.344,0.788,89.096,37.369,9.932,1.585,Low
Storage,Liquid,NA,Peak,0.633,50.29,62.557,15.486,25.944,0.989,67.037,28.305,8.554,1.598,Medium
Compute,Air,NA,Peak,0.88,69.942,85.41,15.977,25.035,0.91,84.599,32.736,10.518,1.307,High
Storage,Hybrid,NA,Off-Peak,0.504,50.045,70.894,9.203,20.119,0.846,71.042,32.283,8.767,1.457,Medium
Edge,Hybrid,APAC,Off-Peak,0.663,48.941,69.406,9.233,25.118,0.765,57.575,33.701,5.233,1.761,Low
Storage,Air,EU,Peak,0.829,62.227,87.338,11.055,19.865,0.807,61.493,12.207,11.641,1.419,Medium
Edge,Air,NA,Off-Peak,0.421,41.425,34.655,13.325,24.392,0.839,61.52,27.153,6.086,1.517,Medium
Compute,Liquid,EU,Off-Peak,0.689,56.798,42.95,31.097,16.135,0.835,107.279,25.646,18.41,1.306,High
Compute,Air,NA,Peak,0.415,29.709,73.001,18.018,23.637,0.927,58.982,22.742,7.388,1.413,High
Compute,Air,EU,Off-Peak,0.678,62.029,67.353,20.872,24.363,0.888,75.484,19.208,13.403,1.594,Low
Storage,Air,EU,Off-Peak,0.296,21.674,58.494,27.041,16.83,0.851,91.651,23.042,16.726,1.607,Low
Compute,Hybrid,ME,Night,0.98,77.338,72.168,23.815,25.037,0.852,79.313,35.072,3.927,1.448,Medium
Compute,Hybrid,NA,Off-Peak,0.169,15.613,76.997,18.343,22.806,0.91,61.587,27.159,7.99,1.492,Medium
Edge,Liquid,EU,Peak,0.555,44.71,59.136,17.819,23.339,0.973,66.975,18.917,12.338,1.743,Low
GPU,Liquid,APAC,Off-Peak,0.358,35.185,66.31,5.019,16.194,1.0,94.232,54.758,7.047,1.05,High
GPU,Hybrid,ME,Off-Peak,0.641,65.702,72.314,15.65,16.78,0.567,96.764,51.338,4.471,1.283,Medium
Compute,Hybrid,NA,Peak,0.485,43.42,80.971,10.598,23.31,0.777,62.44,21.968,7.752,1.605,Low
Compute,Hybrid,EU,Off-Peak,0.376,28.213,66.248,6.411,18.974,0.987,71.651,14.778,12.543,1.623,Low
Compute,Air,NA,Peak,0.325,28.27,67.571,20.576,23.599,0.79,61.442,27.088,6.708,1.687,Low
GPU,Air,EU,Off-Peak,0.264,24.247,41.381,17.276,27.477,0.838,144.827,36.475,26.314,1.499,Medium
Edge,Liquid,NA,Night,0.805,72.297,53.113,26.085,16.231,0.98,81.655,32.651,9.873,1.317,High
Storage,Liquid,APAC,Off-Peak,0.3,25.044,47.414,18.681,20.634,0.84,45.43,29.295,4.15,1.548,Low
Compute,Air,NA,Off-Peak,0.796,65.684,66.986,21.992,23.619,0.844,79.195,30.556,9.047,1.371,High
Storage,Air,EU,Peak,0.537,52.148,54.072,34.263,30.01,0.93,78.05,19.881,14.206,1.748,Low
Compute,Hybrid,EU,Peak,0.165,19.217,56.883,18.038,18.64,0.795,106.105,25.664,18.737,1.527,Low
Compute,Hybrid,ME,Off-Peak,0.249,26.755,55.515,25.136,19.108,0.9,67.893,32.472,3.289,1.704,Low
Storage,Air,EU,Off-Peak,0.904,78.526,40.154,18.489,19.574,0.971,92.116,27.132,16.912,1.676,Low
GPU,Hybrid,NA,Peak,0.643,45.22,62.022,28.016,29.538,0.86,102.393,40.584,12.45,1.769,Low
Compute,Liquid,NA,Night,0.266,23.023,48.997,22.12,15.0,0.87,51.184,22.176,6.08,1.238,High
Compute,Hybrid,NA,Peak,0.733,61.883,83.671,16.135,24.608,0.832,90.179,37.097,10.063,2.324,Low
Edge,Air,APAC,Off-Peak,0.841,73.451,78.885,9.953,24.9,0.799,61.496,37.493,4.8,1.647,Low
Compute,Air,EU,Off-Peak,0.398,35.511,79.593,13.095,23.638,0.856,74.345,17.358,13.28,1.362,High
Compute,Air,EU,Off-Peak,0.601,49.986,84.759,17.342,20.28,0.749,71.495,18.028,12.286,1.262,High
Compute,Air,NA,Off-Peak,0.364,34.031,97.86,19.474,20.502,0.9,54.025,22.762,5.373,1.377,High
Compute,Liquid,APAC,Peak,0.172,30.996,47.044,15.04,22.172,0.992,80.517,49.917,5.783,1.334,High
Compute,Air,EU,Night,0.46,47.179,73.537,13.012,21.19,0.739,109.055,28.892,20.316,1.307,High
GPU,Hybrid,ME,Off-Peak,0.776,64.688,64.667,20.768,18.06,0.936,102.66,50.39,4.669,1.221,High
Compute,Air,EU,Off-Peak,0.513,36.59,60.657,12.266,23.392,0.92,76.726,15.811,13.477,1.403,High
Storage,Air,NA,Off-Peak,0.465,47.686,45.524,20.281,24.194,0.831,69.85,26.224,8.703,1.623,Low
Storage,Liquid,NA,Peak,0.429,32.526,50.249,24.968,22.767,1.0,68.797,24.336,7.542,1.322,High
Storage,Liquid,NA,Off-Peak,0.513,42.355,91.378,25.433,20.961,1.0,69.231,27.419,8.631,1.336,High
GPU,Air,APAC,Off-Peak,0.386,35.7,59.801,7.262,19.057,0.773,95.304,57.478,7.683,1.4,Medium
GPU,Liquid,APAC,Off-Peak,0.651,52.631,44.037,10.953,17.823,0.769,106.863,65.902,8.373,1.233,High
Compute,Liquid,NA,Off-Peak,0.157,15.97,47.059,3.001,15.0,0.808,84.1,32.574,10.122,1.469,Medium
GPU,Liquid,NA,Night,0.827,62.715,67.892,16.191,18.575,0.762,112.045,46.392,14.582,1.468,Medium
Storage,Liquid,NA,Peak,0.256,22.128,43.113,11.543,16.717,0.701,99.811,40.816,11.96,1.572,Low
Edge,Air,ME,Night,0.67,52.693,78.249,21.281,18.373,0.708,80.13,39.994,4.288,1.377,Medium
Storage,Liquid,NA,Peak,0.505,45.293,62.028,17.353,19.442,0.987,60.058,21.615,8.05,1.102,High
Edge,Hybrid,NA,Off-Peak,0.796,65.648,76.284,14.838,21.499,0.853,71.252,29.662,8.737,1.295,High
GPU,Air,NA,Peak,0.844,62.302,45.851,13.463,23.334,0.84,135.944,56.303,16.625,1.602,Low
Compute,Air,EU,Peak,0.284,24.926,42.516,8.535,21.182,0.809,51.404,10.431,8.787,1.295,High
Storage,Hybrid,APAC,Peak,0.709,57.211,52.539,13.874,24.207,0.786,77.432,46.386,7.132,1.615,Low
Edge,Air,APAC,Peak,0.271,20.033,75.122,4.427,33.34,0.828,40.733,23.101,2.957,1.495,Medium
GPU,Air,NA,Peak,0.212,40.595,55.204,13.861,19.234,0.771,108.059,40.342,13.794,1.784,Low
Compute,Hybrid,EU,Off-Peak,0.937,82.955,78.949,14.855,20.316,0.792,107.544,29.197,18.88,1.308,High
GPU,Air,NA,Peak,0.248,33.872,91.117,9.305,25.911,0.83,96.75,37.431,11.135,1.701,Low
Compute,Air,ME,Off-Peak,0.305,28.672,50.686,21.959,24.555,0.806,65.77,34.45,3.027,1.706,Low
Compute,Hybrid,NA,Peak,0.217,21.719,56.992,2.929,36.398,0.985,57.788,22.17,6.632,1.386,High
Storage,Hybrid,NA,Peak,0.523,37.425,62.29,14.487,28.871,0.781,68.02,29.046,6.876,2.108,Low
Compute,Air,EU,Off-Peak,0.928,75.792,53.584,16.778,23.253,0.971,89.937,23.343,16.775,1.201,High
GPU,Liquid,NA,Peak,0.338,35.156,67.287,16.159,23.974,0.903,142.194,59.471,17.273,1.428,Medium
Compute,Hybrid,NA,Peak,0.588,54.379,52.54,13.136,21.655,0.759,78.388,31.505,9.81,1.669,Low
GPU,Liquid,EU,Night,0.47,39.187,41.6,9.915,19.716,0.971,120.414,29.125,21.726,1.301,High
Compute,Air,APAC,Peak,0.402,37.396,5.0,11.574,24.661,0.911,60.708,37.737,5.021,1.563,Medium
Compute,Air,EU,Off-Peak,0.615,52.755,67.903,25.169,26.757,0.89,61.56,12.898,10.323,1.806,Low
Compute,Air,EU,Peak,0.603,58.241,68.684,16.635,23.789,0.999,78.33,24.817,13.755,1.199,High
Compute,Hybrid,EU,Night,0.423,32.876,73.92,10.141,19.456,0.771,70.937,14.922,13.446,1.633,Low
Compute,Hybrid,EU,Peak,0.866,63.455,94.477,11.19,21.892,0.741,71.943,15.081,12.321,1.717,Low
Compute,Hybrid,EU,Night,0.148,14.884,56.668,5.84,18.858,0.851,47.423,10.562,8.501,1.354,High
Storage,Hybrid,EU,Peak,0.177,17.489,57.825,7.613,23.369,0.88,59.18,14.859,10.114,1.37,High
Compute,Liquid,NA,Peak,0.992,81.388,48.148,22.334,15.0,1.0,76.886,29.543,9.781,1.251,High
Storage,Air,NA,Off-Peak,0.773,68.779,98.0,15.799,26.819,0.625,89.38,37.486,10.627,1.498,Low
Compute,Liquid,EU,Off-Peak,0.824,78.831,25.308,25.404,15.0,0.863,90.165,23.106,16.249,1.292,High
GPU,Liquid,EU,Peak,0.642,47.744,64.616,16.826,24.675,0.767,120.647,29.643,21.465,1.67,Low
Edge,Liquid,APAC,Peak,0.478,40.523,88.034,12.09,22.958,0.91,51.171,29.337,4.905,1.661,Low
Storage,Air,NA,Off-Peak,0.666,49.921,60.167,8.322,25.894,0.783,74.367,27.383,8.689,1.645,Low
Compute,Hybrid,NA,Peak,0.183,25.562,37.756,16.354,20.952,0.672,69.967,24.942,8.193,1.636,Low
Compute,Air,NA,Off-Peak,0.782,57.496,79.592,10.814,22.282,0.818,71.228,26.308,8.16,1.516,Medium
Edge,Air,NA,Off-Peak,0.587,53.58,94.344,14.225,25.373,0.725,61.442,26.059,7.58,1.708,Low
Compute,Liquid,APAC,Off-Peak,0.961,75.59,98.0,26.456,15.0,0.92,86.947,50.628,6.843,1.05,High
Compute,Liquid,EU,Peak,0.674,53.641,53.182,11.616,17.997,0.987,96.217,25.01,16.673,1.167,High
Compute,Air,APAC,Off-Peak,0.237,27.821,67.01,14.061,17.807,0.814,58.298,39.405,5.33,1.533,Low
Compute,Hybrid,EU,Peak,0.53,47.265,83.843,12.96,26.009,0.875,73.457,19.885,12.909,1.366,High
Compute,Air,APAC,Peak,0.152,18.472,67.163,7.295,24.315,0.743,69.759,38.883,5.949,1.49,Medium
GPU,Air,ME,Off-Peak,0.771,57.71,77.894,12.751,25.581,0.697,120.625,59.531,5.598,1.626,Low
Compute,Air,EU,Night,0.552,45.742,57.657,15.558,23.172,0.731,83.553,20.597,15.032,1.394,Medium
Storage,Liquid,APAC,Peak,0.433,39.802,58.29,17.113,24.507,1.0,57.459,35.065,4.965,1.5,Medium
Compute,Hybrid,EU,Peak,0.972,73.795,65.881,11.656,21.608,0.719,94.474,24.393,16.821,1.568,Low
Compute,Hybrid,ME,Off-Peak,0.947,77.839,52.833,28.935,17.287,0.652,84.035,43.501,3.497,1.779,Low
Edge,Hybrid,APAC,Peak,0.958,80.557,58.699,16.525,23.683,0.741,96.191,58.322,8.115,1.435,Medium
Compute,Air,ME,Off-Peak,0.299,36.286,47.321,17.355,22.358,0.926,84.075,42.232,3.677,1.44,Medium
GPU,Air,EU,Night,0.756,61.023,83.931,12.252,23.708,0.731,99.456,24.447,16.371,1.481,Medium
Storage,Liquid,APAC,Night,0.951,68.31,82.849,23.722,17.516,0.88,145.12,84.438,11.909,1.503,Medium
Compute,Air,EU,Peak,0.614,49.964,63.394,15.039,27.706,0.692,78.683,20.388,13.835,1.496,Low
Edge,Hybrid,NA,Off-Peak,0.293,22.541,51.805,11.985,24.512,0.734,55.957,23.313,7.056,1.64,Low
Compute,Liquid,NA,Night,0.836,66.726,36.854,13.465,15.0,1.0,81.174,31.408,8.774,1.322,High
GPU,Hybrid,APAC,Peak,0.892,80.755,67.27,26.303,17.229,0.845,138.552,81.822,10.013,1.396,Medium
Compute,Air,NA,Off-Peak,0.733,57.082,72.223,18.399,18.935,0.765,70.779,26.886,8.381,1.43,Medium
GPU,Air,EU,Peak,0.364,39.031,94.395,20.946,21.913,0.808,104.402,23.351,18.882,1.479,Medium
Compute,Liquid,NA,Peak,0.272,28.214,75.568,13.957,20.404,0.857,74.357,28.276,8.584,1.248,High
Storage,Air,NA,Night,0.662,53.018,68.944,12.873,18.129,0.875,69.798,32.655,8.553,1.457,Medium
GPU,Liquid,APAC,Off-Peak,0.535,41.376,64.974,17.5,20.914,0.891,102.419,62.735,8.073,1.387,High
Edge,Air,APAC,Peak,0.702,54.482,51.612,8.587,26.364,0.704,83.092,53.034,6.714,2.153,Low
Edge,Air,EU,Night,0.201,18.791,62.49,14.787,20.811,0.865,50.183,12.965,8.611,2.562,Medium
GPU,Air,NA,Off-Peak,0.222,21.01,62.888,5.578,24.023,0.885,232.012,92.805,27.841,1.383,High
GPU,Air,EU,Night,0.427,35.987,67.356,17.305,23.129,0.678,102.402,27.196,19.975,1.599,Low
Compute,Liquid,EU,Peak,0.333,32.165,47.562,11.009,19.315,0.999,96.379,25.397,17.933,1.418,High
Compute,Air,NA,Peak,0.657,49.771,93.607,19.185,27.14,0.72,92.842,37.824,10.368,1.668,Low
Compute,Air,NA,Peak,0.431,36.492,92.047,19.149,19.646,0.888,59.581,22.783,6.952,1.4,Medium
Compute,Air,EU,Off-Peak,0.716,52.665,68.499,10.241,21.862,0.87,204.962,51.24,36.893,1.318,High
Compute,Air,NA,Peak,0.792,70.415,82.52,20.601,27.543,0.585,118.792,44.802,13.063,1.833,Low
Storage,Air,EU,Peak,0.268,35.767,35.93,4.691,21.647,0.909,61.383,14.481,10.322,1.343,High
Compute,Air,NA,Night,0.928,69.429,54.15,16.41,17.551,0.818,109.215,43.423,11.906,1.438,Medium
Storage,Liquid,EU,Night,0.808,62.815,79.691,13.541,15.09,1.0,85.611,17.061,15.288,1.348,High
Compute,Liquid,NA,Off-Peak,0.664,62.863,76.34,7.799,18.91,1.0,73.744,27.484,9.017,1.806,Low
Compute,Liquid,ME,Night,0.918,72.428,81.684,27.053,16.56,0.753,122.458,60.769,6.464,1.278,High
Storage,Hybrid,EU,Night,0.339,31.679,61.836,13.07,20.829,0.707,60.137,15.587,10.714,1.802,Low
GPU,Air,NA,Off-Peak,0.48,36.75,76.179,14.062,26.889,0.673,118.6,49.941,14.747,1.528,Low
GPU,Liquid,EU,Off-Peak,0.177,23.452,43.028,8.518,19.505,1.0,94.619,21.732,17.603,1.467,Medium
Storage,Hybrid,APAC,Night,0.511,49.411,60.592,11.86,21.718,0.703,52.566,28.363,3.456,1.445,Medium
Compute,Air,APAC,Off-Peak,0.556,43.31,96.108,28.216,22.746,0.818,82.294,50.244,6.21,1.627,Low
Storage,Liquid,APAC,Peak,0.654,61.605,65.325,21.014,19.213,1.0,62.956,40.509,4.903,1.349,High
Compute,Air,NA,Peak,0.158,25.908,74.302,18.127,28.373,0.849,46.809,16.366,5.517,1.806,Low
Compute,Air,EU,Off-Peak,0.129,14.621,53.482,13.664,22.225,0.865,76.639,18.169,13.777,1.468,Medium
Storage,Liquid,APAC,Night,0.478,39.304,68.571,14.485,15.0,0.808,63.255,40.159,5.654,1.365,Medium
Compute,Air,EU,Off-Peak,0.27,25.256,76.732,14.053,25.528,0.809,53.51,12.951,10.022,1.934,Low
Compute,Air,APAC,Night,0.783,78.397,52.287,12.903,23.586,0.745,84.832,52.537,7.248,1.675,Low
Edge,Air,NA,Off-Peak,0.702,58.235,89.016,14.329,24.571,0.922,62.461,27.975,6.438,1.562,Medium
Edge,Air,NA,Peak,0.393,41.977,58.238,21.623,25.264,0.659,52.142,21.756,7.019,2.13,Low
Compute,Air,APAC,Off-Peak,0.141,14.249,65.407,7.591,22.472,0.9,73.24,43.049,5.912,1.313,High
Compute,Liquid,EU,Peak,0.264,25.768,49.218,3.83,19.331,0.977,71.002,19.16,12.264,1.395,High
Compute,Liquid,NA,Off-Peak,0.723,66.15,60.086,8.9,22.552,0.909,83.472,36.632,9.856,1.393,High
Compute,Liquid,NA,Night,0.991,77.324,53.132,19.09,15.007,0.944,83.876,33.791,9.945,1.223,High
Edge,Air,APAC,Off-Peak,0.394,48.324,49.032,10.242,18.573,0.825,54.258,34.581,3.473,1.494,Medium
Compute,Hybrid,NA,Night,0.822,62.853,71.647,15.041,21.512,0.729,179.738,71.895,21.569,1.354,Medium
GPU,Liquid,NA,Peak,0.88,63.374,73.491,35.246,20.604,0.797,111.225,44.846,13.518,1.588,Low
Compute,Air,NA,Off-Peak,0.143,23.277,68.77,20.207,25.234,0.786,73.55,29.126,9.01,1.493,Medium
Edge,Hybrid,ME,Peak,0.925,68.411,69.743,21.703,23.173,0.957,60.793,31.108,2.172,1.709,Low
Compute,Liquid,ME,Off-Peak,0.52,43.587,80.884,19.392,20.436,0.882,80.918,40.574,3.838,1.294,High
GPU,Liquid,EU,Off-Peak,0.968,90.174,90.134,11.982,16.914,1.0,130.599,32.983,24.07,1.379,High
Compute,Air,EU,Off-Peak,0.585,57.539,57.669,7.687,26.521,0.902,69.801,16.423,13.224,1.518,Medium
Storage,Air,NA,Peak,0.312,29.003,5.105,11.859,21.473,0.782,46.709,15.471,5.433,1.596,Low
Compute,Hybrid,NA,Peak,0.977,74.828,79.681,15.994,17.735,0.84,90.1,38.378,11.441,1.325,High
Compute,Liquid,APAC,Off-Peak,0.319,32.367,60.71,8.865,17.075,1.0,52.227,28.304,4.048,1.458,Medium
Edge,Liquid,NA,Off-Peak,0.894,70.091,54.902,31.5,18.033,0.816,65.137,24.179,7.852,1.347,High
Edge,Liquid,EU,Off-Peak,0.256,40.244,82.934,6.763,22.115,1.0,48.979,10.176,9.044,1.37,High
GPU,Hybrid,EU,Off-Peak,0.707,59.407,62.343,34.242,19.341,0.826,96.579,22.764,17.112,1.393,Medium
Storage,Air,NA,Night,0.47,46.789,48.523,17.493,19.708,0.762,97.538,42.467,11.731,1.369,Medium
GPU,Liquid,EU,Night,0.975,81.932,98.0,26.887,17.274,1.0,136.033,35.709,25.022,1.281,High
Compute,Air,EU,Peak,0.266,28.779,55.07,8.568,21.052,0.745,60.827,14.726,11.46,1.682,Low
Compute,Liquid,APAC,Peak,0.468,38.397,64.314,19.631,26.483,1.0,62.828,40.862,5.314,1.329,High
Compute,Liquid,NA,Off-Peak,0.676,49.247,74.071,22.356,36.371,0.936,83.925,35.457,10.255,1.413,High
Storage,Air,NA,Peak,0.98,75.387,54.705,22.212,26.904,0.891,90.535,37.493,10.906,1.666,Low
Compute,Liquid,EU,Peak,0.373,31.482,51.45,9.474,21.901,0.993,67.354,18.395,11.909,1.266,High
Compute,Air,ME,Peak,0.457,36.06,60.956,10.254,20.461,0.796,56.317,32.369,2.103,1.48,Medium
Storage,Air,NA,Peak,0.516,39.78,88.751,7.7,25.099,0.777,52.098,21.511,6.811,1.385,Medium
GPU,Air,ME,Off-Peak,0.327,23.867,47.285,23.118,21.737,0.888,75.48,39.616,4.254,1.239,High
Compute,Air,APAC,Peak,0.836,61.722,86.556,15.445,26.077,0.79,76.011,50.564,5.933,1.769,Low
Compute,Air,APAC,Peak,0.183,19.169,65.387,5.481,28.613,0.827,59.97,37.793,4.437,1.491,Medium
Compute,Air,NA,Night,0.734,55.709,67.785,9.777,24.154,0.725,74.337,31.347,9.413,1.552,Low
Compute,Liquid,NA,Night,0.581,50.386,55.431,7.852,18.613,0.717,74.922,25.875,9.156,1.425,Medium
Compute,Liquid,NA,Night,0.318,39.264,44.927,5.641,15.284,0.999,67.857,28.773,8.242,1.225,High
Storage,Liquid,NA,Peak,0.544,41.255,98.0,26.263,19.455,1.0,67.927,26.85,7.859,1.464,Medium
Storage,Air,ME,Peak,0.847,68.207,88.457,29.265,27.171,0.782,71.99,35.906,2.91,1.568,Low
Storage,Hybrid,NA,Peak,0.501,47.139,60.737,13.237,20.935,0.837,57.052,24.321,6.779,1.692,Low
Compute,Liquid,EU,Peak,0.21,17.33,57.301,14.455,21.092,0.939,52.025,14.894,9.136,1.518,Medium
GPU,Air,NA,Peak,0.137,25.037,48.669,5.636,25.875,0.758,102.462,43.7,11.819,2.546,Low
Compute,Hybrid,APAC,Night,0.8,65.183,48.872,17.161,15.0,0.923,72.036,44.193,5.632,1.381,High
Storage,Air,NA,Night,0.397,37.518,54.271,13.581,20.193,0.821,56.817,26.163,6.748,1.381,Medium
GPU,Liquid,NA,Night,0.938,67.775,67.012,31.063,18.175,0.895,108.605,45.004,13.518,1.396,High
Compute,Air,NA,Off-Peak,0.655,52.095,89.789,21.698,21.794,0.953,100.6,43.785,12.937,1.233,High
Compute,Air,APAC,Off-Peak,0.493,43.698,65.366,18.1,27.3,0.804,104.902,63.86,8.811,1.785,Low
GPU,Hybrid,NA,Off-Peak,0.608,46.081,57.812,17.051,18.148,0.717,99.644,40.33,11.998,1.78,Low
Compute,Air,NA,Night,0.511,38.443,90.913,15.292,25.084,0.844,53.892,24.464,6.741,1.726,Low
Storage,Air,NA,Off-Peak,0.915,71.919,62.46,16.202,27.972,0.876,64.592,26.409,8.144,1.494,Medium
Compute,Hybrid,ME,Peak,0.512,47.828,60.782,6.035,26.261,0.825,72.923,34.459,4.727,1.541,Low
Storage,Hybrid,EU,Peak,0.194,19.705,77.758,13.796,26.534,0.664,44.655,10.339,8.241,1.924,Low
Compute,Liquid,APAC,Off-Peak,0.637,53.19,52.077,22.375,17.191,0.963,84.315,51.252,6.68,1.257,High
Compute,Air,EU,Peak,0.661,55.282,57.263,26.195,21.062,0.871,102.015,26.738,18.049,1.547,Medium
Storage,Air,NA,Night,0.789,68.829,62.178,8.075,21.651,0.76,86.378,33.542,10.021,1.305,High
Compute,Liquid,EU,Off-Peak,0.94,78.021,79.263,26.7,16.961,0.769,87.69,19.724,15.326,1.414,Medium
Compute,Air,NA,Off-Peak,0.499,39.006,40.009,24.335,22.288,0.828,71.175,26.344,8.355,1.401,Medium
Compute,Air,EU,Peak,0.417,46.31,60.001,8.787,22.422,0.889,93.567,22.576,16.56,1.567,Medium
Compute,Liquid,EU,Off-Peak,0.542,53.243,49.214,9.166,16.988,0.796,64.798,15.715,11.699,1.356,Medium
Compute,Air,EU,Off-Peak,0.91,73.425,69.172,22.902,25.541,0.845,96.452,23.104,17.549,1.275,High
Compute,Air,NA,Off-Peak,0.982,76.803,82.25,14.374,21.104,0.854,83.971,32.178,10.442,1.435,Medium
Edge,Air,NA,Peak,0.974,79.527,57.143,20.793,25.642,0.926,84.849,38.887,10.86,1.271,High
Compute,Air,APAC,Night,0.307,31.572,42.13,10.638,18.958,0.9,64.106,34.637,4.384,1.404,Medium
Storage,Air,APAC,Off-Peak,0.547,51.397,58.139,7.935,22.268,0.845,71.881,43.159,5.376,1.721,Low
Compute,Air,NA,Off-Peak,0.334,25.99,53.183,15.873,16.406,0.869,57.832,24.699,6.826,1.408,Medium
Compute,Air,NA,Night,0.431,39.954,74.348,10.636,17.735,0.987,82.786,34.379,10.216,1.362,High
Edge,Liquid,APAC,Night,0.129,13.153,28.767,5.745,18.792,0.98,43.5,26.653,3.67,1.513,Medium
Compute,Hybrid,APAC,Peak,0.245,22.884,57.061,14.712,19.344,0.921,76.633,48.195,6.125,2.556,High
Edge,Air,ME,Night,0.457,36.811,49.573,38.914,20.898,0.815,77.037,40.662,2.993,1.557,Low
Compute,Liquid,NA,Peak,0.428,44.555,43.158,25.43,20.811,0.87,81.961,36.863,9.522,1.282,High
GPU,Air,EU,Off-Peak,0.351,42.86,45.283,10.688,25.657,0.717,95.122,27.383,17.118,1.632,Low
Storage,Air,NA,Peak,0.307,25.988,48.049,9.422,20.76,0.899,48.228,15.111,5.855,1.164,High
GPU,Air,EU,Off-Peak,0.774,59.623,51.792,30.019,22.97,0.822,111.218,28.127,20.368,1.394,Medium
Storage,Liquid,NA,Off-Peak,0.365,26.956,47.736,18.353,17.217,0.965,84.814,33.266,9.609,1.506,Medium
Storage,Liquid,NA,Off-Peak,0.736,67.439,65.484,16.102,24.076,0.803,75.884,32.932,9.28,1.387,Medium
Compute,Liquid,NA,Off-Peak,0.432,32.597,46.839,11.694,25.037,0.919,70.66,27.96,8.811,1.53,Medium
Compute,Air,EU,Off-Peak,0.822,63.734,70.452,25.77,26.288,0.676,107.627,28.506,20.072,1.526,Low
Edge,Air,EU,Peak,0.251,21.535,66.412,19.649,27.474,0.855,75.745,20.527,13.47,1.643,Low
Compute,Liquid,EU,Night,0.242,25.754,62.53,4.633,16.224,0.928,73.641,20.343,13.264,1.533,Medium
Compute,Air,APAC,Off-Peak,0.712,63.082,62.514,23.702,22.579,0.816,99.901,57.277,8.16,1.387,Medium
GPU,Liquid,APAC,Off-Peak,0.923,71.585,75.111,23.376,17.906,0.948,131.802,79.651,9.808,1.377,High
Compute,Liquid,EU,Night,0.229,22.611,35.826,8.816,17.982,0.934,48.523,14.864,9.431,1.212,High
Edge,Liquid,ME,Peak,0.166,24.823,37.32,3.943,18.917,0.912,51.914,26.793,3.092,1.536,Medium
GPU,Hybrid,EU,Off-Peak,0.941,69.805,77.697,24.497,17.72,0.843,136.243,32.84,24.212,1.352,High
Storage,Hybrid,NA,Off-Peak,0.206,16.176,52.794,5.358,19.416,0.766,42.541,14.47,4.465,1.61,Low
GPU,Liquid,ME,Peak,0.325,31.516,56.725,6.886,19.418,1.0,110.267,54.844,5.634,1.496,Medium
Compute,Liquid,NA,Peak,0.937,72.514,65.46,11.804,17.291,1.0,90.115,37.219,11.354,1.182,High
Compute,Air,EU,Night,0.823,67.085,82.773,10.856,26.015,0.833,97.099,24.453,17.085,1.431,Medium
Storage,Hybrid,NA,Peak,0.408,33.705,84.938,5.778,25.648,0.868,76.811,29.143,8.892,1.408,Medium
Compute,Air,EU,Off-Peak,0.959,80.652,64.658,26.633,35.778,0.751,127.497,31.333,23.044,1.464,Medium
GPU,Air,EU,Off-Peak,0.611,47.172,66.647,18.943,22.068,0.755,113.502,29.847,20.198,1.771,Low
Edge,Air,NA,Off-Peak,0.165,17.643,68.148,11.025,22.869,0.699,44.857,16.0,5.7,1.614,Low
Storage,Air,EU,Off-Peak,0.733,57.381,77.617,15.948,26.133,0.844,65.918,12.751,11.563,1.629,Low
Compute,Liquid,APAC,Night,0.584,44.225,52.848,15.082,19.349,0.993,60.048,32.669,5.094,1.385,High
Edge,Liquid,NA,Peak,0.615,53.332,39.412,24.675,24.584,0.92,56.751,22.175,6.314,1.633,Low
Storage,Air,NA,Off-Peak,0.995,83.716,98.0,20.852,23.671,0.812,83.931,32.915,9.484,1.703,Low
Storage,Air,NA,Off-Peak,0.237,20.266,42.328,9.226,26.855,0.787,49.526,23.332,5.926,1.733,Low
Compute,Hybrid,APAC,Peak,0.691,65.09,93.524,18.706,20.29,0.679,80.551,45.793,6.064,1.474,Low
Edge,Liquid,APAC,Night,0.513,41.656,94.973,19.926,15.0,1.0,49.954,30.418,3.712,1.05,High
Storage,Hybrid,APAC,Night,0.345,33.809,70.346,10.734,17.716,0.658,65.643,36.988,5.409,1.363,Medium
GPU,Air,NA,Peak,0.724,69.385,81.791,14.899,22.826,0.995,129.745,52.206,15.806,1.518,Medium
GPU,Liquid,NA,Off-Peak,0.701,55.457,65.098,7.3,18.787,0.937,133.961,53.759,14.53,1.393,High
Compute,Air,NA,Off-Peak,0.871,82.011,73.698,14.598,24.405,0.85,80.086,29.077,9.706,1.505,Medium
Storage,Air,NA,Off-Peak,0.891,76.044,59.202,19.452,20.019,0.942,172.682,69.289,20.915,1.394,High
GPU,Air,EU,Night,0.606,52.3,85.769,6.999,24.364,0.943,114.966,28.254,20.994,1.193,High
Compute,Air,ME,Off-Peak,0.393,50.08,97.278,9.054,22.43,0.586,126.374,61.472,5.913,1.654,Low
GPU,Air,NA,Off-Peak,0.577,60.974,85.263,20.31,28.395,0.776,114.913,45.712,14.373,1.498,Medium
Edge,Hybrid,ME,Peak,0.423,34.933,58.376,8.768,21.615,0.748,50.307,26.818,2.573,1.258,High
Storage,Air,NA,Off-Peak,0.35,33.153,45.003,8.316,26.971,0.821,61.87,27.747,6.775,1.581,Low
GPU,Air,ME,Off-Peak,0.596,55.69,95.725,14.458,19.214,0.759,109.022,52.635,5.388,1.382,Medium
GPU,Air,NA,Off-Peak,0.692,63.099,50.41,12.455,23.062,0.782,123.995,55.203,14.453,1.339,High
GPU,Air,ME,Off-Peak,0.632,51.617,71.505,18.206,23.42,0.873,113.283,57.448,6.346,1.591,Low
Compute,Liquid,NA,Peak,0.959,71.945,87.283,11.854,15.842,1.0,91.628,34.862,11.155,1.19,High
Compute,Air,ME,Peak,0.369,31.465,79.206,5.391,23.825,0.718,205.85,102.925,10.292,1.652,Low
Storage,Liquid,NA,Off-Peak,0.435,33.106,82.482,9.467,22.036,1.0,55.771,19.451,6.245,1.05,High
Storage,Air,NA,Off-Peak,0.701,1.046,65.32,13.506,22.465,0.828,92.351,37.271,11.488,1.474,Medium
Storage,Liquid,EU,Off-Peak,0.64,54.235,60.132,10.445,24.524,1.0,85.195,22.723,15.716,1.627,Low
GPU,Liquid,NA,Off-Peak,0.102,15.185,39.01,7.342,34.697,0.825,92.033,38.238,10.888,1.41,Medium
Compute,Hybrid,EU,Peak,0.381,31.468,30.768,22.278,25.652,0.924,98.7,24.619,17.21,1.672,Low
Storage,Hybrid,ME,Peak,0.328,39.397,62.933,16.092,23.157,0.705,64.927,36.147,3.479,1.731,Low
Compute,Liquid,EU,Peak,0.856,74.583,90.489,24.863,18.196,0.932,69.73,20.319,12.364,1.448,Medium
GPU,Air,APAC,Off-Peak,0.88,72.299,62.486,28.095,24.46,0.919,104.179,62.887,8.583,1.509,Medium
Storage,Liquid,NA,Peak,0.356,29.418,67.232,15.081,21.438,1.0,73.073,30.48,8.284,1.53,Medium
Compute,Liquid,EU,Off-Peak,0.192,17.607,66.484,20.938,20.333,0.921,47.312,12.338,8.352,1.431,Medium
Compute,Hybrid,EU,Off-Peak,0.285,23.828,53.723,6.653,21.973,0.707,60.454,16.291,10.83,1.366,Medium
GPU,Air,APAC,Night,0.259,26.284,70.513,18.433,23.414,0.739,105.383,62.798,8.496,1.682,Low
Storage,Air,NA,Night,0.314,33.475,98.0,10.637,24.79,0.883,61.555,21.882,8.389,1.658,Low
Compute,Liquid,EU,Night,0.311,23.807,59.907,30.013,15.0,1.0,64.19,17.688,12.661,1.315,High
Edge,Air,NA,Off-Peak,0.532,58.688,70.309,11.062,20.587,0.706,76.627,28.259,9.352,1.337,Medium
GPU,Air,NA,Off-Peak,0.388,32.351,64.339,28.297,20.673,0.734,108.48,42.4,12.529,1.741,Low
Edge,Air,NA,Off-Peak,0.604,51.241,39.609,12.234,20.118,0.644,67.377,26.522,7.994,1.551,Low
Storage,Liquid,NA,Night,0.41,35.912,31.143,18.935,15.0,1.0,43.863,18.276,5.837,1.326,High
Storage,Hybrid,NA,Night,0.833,64.059,74.063,36.081,19.035,0.904,82.333,34.983,9.376,1.509,Medium
GPU,Air,NA,Off-Peak,0.956,70.406,73.273,21.273,21.347,0.8,101.594,40.077,12.492,1.527,Low
Storage,Air,APAC,Off-Peak,0.464,35.376,53.341,6.61,25.343,0.945,67.234,40.199,5.216,1.206,High
GPU,Air,NA,Off-Peak,0.145,15.736,59.329,23.383,26.817,0.788,89.777,38.224,10.164,1.353,Medium
Compute,Air,APAC,Off-Peak,0.316,34.909,72.435,6.874,23.053,0.769,71.864,42.949,5.724,1.841,Low
Storage,Liquid,NA,Off-Peak,0.192,24.254,40.04,22.087,21.944,1.0,56.512,24.189,6.942,1.507,Medium
Compute,Liquid,NA,Night,0.41,39.357,52.76,11.204,17.051,0.861,108.948,45.543,13.425,1.397,Medium
Compute,Air,EU,Off-Peak,0.681,52.94,26.252,17.065,26.319,0.801,84.226,23.33,15.301,2.484,Low
Compute,Liquid,EU,Peak,0.567,43.632,76.83,33.344,25.67,0.861,66.499,14.084,12.754,1.694,Low
Compute,Liquid,EU,Night,0.319,24.97,77.229,11.455,15.0,1.0,61.839,16.873,10.52,1.158,High
Edge,Air,EU,Peak,0.791,61.119,75.015,15.106,27.113,0.813,66.881,15.768,11.762,1.844,Low
Compute,Air,NA,Peak,0.218,26.357,35.36,18.188,26.022,0.912,62.726,23.891,6.519,1.348,High
Storage,Hybrid,EU,Off-Peak,0.305,1.189,76.154,11.41,20.015,0.775,63.199,16.717,10.225,1.475,Medium
GPU,Air,EU,Peak,0.708,59.906,76.22,18.566,21.178,0.824,132.209,33.232,23.531,1.594,Low
Storage,Liquid,NA,Peak,0.278,25.783,50.321,10.908,21.36,0.887,70.827,28.465,8.517,1.529,Medium
Compute,Air,APAC,Peak,0.711,55.515,81.358,12.134,25.001,0.903,90.201,53.691,6.873,1.641,Low
GPU,Liquid,APAC,Peak,0.979,75.321,81.659,18.399,19.498,0.661,104.978,62.264,7.475,1.667,Low
Storage,Liquid,NA,Off-Peak,0.848,68.555,59.432,12.859,16.822,0.925,79.849,33.223,9.58,1.318,High
GPU,Liquid,APAC,Peak,0.244,22.885,40.995,10.065,28.148,0.785,106.492,61.339,9.062,2.448,Low
GPU,Hybrid,ME,Off-Peak,0.568,52.587,56.499,15.448,18.927,0.835,113.283,56.67,5.772,1.402,Medium
Edge,Hybrid,EU,Peak,0.48,41.843,65.435,8.88,25.169,0.738,74.798,15.841,13.407,1.758,Low
Storage,Liquid,NA,Off-Peak,0.993,79.9,87.949,11.528,19.359,0.947,72.481,28.699,8.293,1.488,Medium
Compute,Air,ME,Peak,0.968,77.54,64.373,14.16,27.39,0.898,100.584,49.08,4.946,2.028,Low
Storage,Air,NA,Peak,0.214,28.717,50.661,5.638,17.714,0.631,54.25,24.457,6.395,1.393,Medium
Compute,Liquid,NA,Peak,0.918,70.701,59.401,15.45,25.978,1.0,95.063,37.411,11.296,1.653,Low
GPU,Liquid,NA,Off-Peak,0.274,25.673,74.7,22.628,16.9,0.911,89.493,35.956,10.574,1.293,High
Compute,Air,APAC,Off-Peak,0.388,34.103,74.468,10.778,20.24,0.872,58.118,36.42,4.848,1.399,Medium
Compute,Air,ME,Off-Peak,0.418,37.616,56.786,17.131,27.915,0.89,70.961,37.876,3.87,1.287,High
GPU,Liquid,EU,Night,0.358,35.453,42.068,8.024,18.071,0.952,115.429,30.871,20.814,1.382,High
Storage,Air,ME,Night,0.868,65.663,73.612,15.225,21.216,0.939,80.405,41.896,2.717,1.819,Low
Compute,Air,NA,Off-Peak,0.397,33.395,38.601,16.7,19.567,0.91,74.685,32.237,9.606,1.322,High
Storage,Liquid,NA,Peak,0.835,68.194,52.417,11.203,19.11,0.868,84.404,31.321,9.994,1.555,Medium
GPU,Liquid,EU,Off-Peak,0.995,80.854,87.681,11.38,21.565,0.955,112.443,27.721,19.911,1.084,High
Compute,Air,ME,Peak,0.857,71.764,98.0,23.647,25.77,0.841,76.273,35.686,3.395,1.566,Low
GPU,Air,EU,Off-Peak,0.412,32.39,30.452,12.263,17.608,0.749,109.565,27.827,19.862,1.397,Medium
Compute,Air,NA,Peak,0.74,63.172,76.627,9.035,28.153,0.819,79.335,30.468,9.83,1.627,Low
GPU,Air,NA,Night,0.581,54.081,26.884,13.492,19.81,0.797,124.791,49.718,14.789,1.334,High
GPU,Liquid,NA,Night,0.808,73.769,68.411,8.991,20.426,0.866,105.719,40.157,12.672,1.325,High
Compute,Liquid,NA,Off-Peak,0.238,19.393,49.491,4.899,18.557,0.946,48.299,20.25,5.879,1.329,High
Storage,Air,NA,Off-Peak,0.674,56.623,75.482,9.511,23.396,0.848,83.679,33.956,11.38,1.642,Low
Compute,Air,ME,Off-Peak,0.796,65.171,76.745,9.721,25.894,0.73,90.202,45.264,4.501,1.794,Low
GPU,Air,EU,Peak,0.785,61.859,82.866,25.781,24.006,0.893,134.178,35.311,24.04,1.306,High
Storage,Hybrid,EU,Night,0.967,78.936,54.227,19.234,17.28,0.936,71.225,16.673,12.648,1.381,High
Storage,Air,NA,Off-Peak,0.153,15.978,64.349,7.145,19.241,0.968,36.34,9.933,3.643,1.462,Medium
Compute,Hybrid,NA,Peak,0.411,34.712,66.615,24.045,23.524,0.961,69.283,27.057,9.531,1.372,High
Compute,Hybrid,EU,Off-Peak,0.529,42.9,63.176,11.076,19.935,0.815,101.193,26.83,17.906,1.519,Medium
Compute,Liquid,APAC,Peak,0.379,29.973,76.982,14.148,22.683,0.87,66.603,34.403,6.288,1.415,Medium
Compute,Liquid,EU,Peak,0.379,34.206,83.559,17.969,20.277,1.0,98.681,23.383,17.802,1.312,High
Storage,Air,APAC,Off-Peak,0.259,25.058,63.053,8.843,24.402,0.896,66.046,41.333,5.605,1.117,High
GPU,Liquid,APAC,Off-Peak,0.832,67.624,46.255,15.405,20.244,0.981,114.25,71.993,8.509,1.563,Medium
Storage,Air,NA,Off-Peak,0.917,76.757,90.753,17.155,21.15,0.822,82.582,30.11,9.773,1.439,Medium
Storage,Hybrid,NA,Off-Peak,0.174,14.993,55.563,8.771,24.265,0.908,57.784,16.993,7.276,1.709,Low
Edge,Air,EU,Peak,0.239,1.343,67.98,10.413,22.933,0.6,59.111,13.368,10.078,1.77,Low
GPU,Liquid,EU,Off-Peak,0.306,35.192,60.461,3.263,15.0,0.965,91.882,19.99,16.206,1.237,High
Edge,Air,NA,Peak,0.558,52.353,41.751,17.361,24.325,0.82,57.231,22.787,6.827,1.72,Low
Storage,Hybrid,EU,Night,0.812,69.881,60.717,17.926,15.0,0.812,75.695,19.388,14.294,1.28,High
Compute,Air,EU,Peak,0.164,24.204,71.326,14.99,25.549,0.772,54.084,14.785,9.693,1.596,Low
Compute,Liquid,ME,Peak,0.673,51.881,51.915,13.933,19.137,0.801,102.106,50.275,5.363,1.659,Low
GPU,Air,NA,Night,0.234,26.198,55.254,25.359,24.112,0.952,88.229,34.711,10.598,1.219,High
Compute,Air,NA,Night,0.974,83.066,90.22,14.253,21.678,0.836,137.821,59.739,16.809,1.346,High
Compute,Liquid,EU,Night,0.909,78.054,86.538,11.284,15.0,1.0,81.577,21.879,13.711,1.516,Medium
Storage,Hybrid,EU,Peak,0.955,85.87,98.0,19.503,23.313,0.969,84.054,22.686,15.59,1.518,Medium
Storage,Air,EU,Off-Peak,0.196,18.537,58.43,12.671,29.855,0.677,45.279,11.229,8.0,1.79,Low
Storage,Hybrid,ME,Off-Peak,0.539,44.747,74.713,5.758,24.185,0.878,75.373,36.242,4.172,2.281,Medium
Compute,Liquid,APAC,Night,0.249,21.022,62.977,14.86,20.493,0.967,73.386,44.936,6.073,1.255,High
Compute,Hybrid,EU,Peak,0.64,50.725,40.946,11.166,28.371,0.926,84.132,22.371,15.11,1.61,Low
Storage,Air,NA,Peak,0.309,26.132,77.436,20.597,27.189,0.958,42.489,18.058,5.066,1.581,Medium
Edge,Air,EU,Off-Peak,0.794,57.905,69.806,25.038,21.65,0.804,57.714,15.393,10.538,1.619,Low
GPU,Hybrid,EU,Peak,0.68,54.582,69.144,9.101,26.121,0.75,138.874,35.528,24.412,1.763,Low
Edge,Air,APAC,Off-Peak,0.614,46.099,75.173,16.794,25.329,0.904,114.77,69.064,8.893,1.469,Medium
GPU,Liquid,ME,Night,0.843,63.737,71.454,10.334,15.753,0.957,101.817,48.563,4.546,1.069,High
Storage,Air,EU,Off-Peak,0.55,41.75,42.831,11.539,21.192,0.909,64.551,15.34,11.553,1.486,Medium
Compute,Air,EU,Off-Peak,0.343,33.365,38.67,10.326,23.438,0.726,60.527,16.625,11.338,1.658,Low
Storage,Liquid,NA,Night,0.659,61.989,65.627,10.81,15.0,1.0,67.667,27.336,8.478,1.171,High
Storage,Liquid,NA,Peak,0.961,78.966,66.18,17.041,19.171,0.997,84.929,31.059,10.308,1.47,Medium
Storage,Liquid,NA,Peak,0.641,49.544,63.294,7.864,21.771,0.862,66.369,26.061,7.914,1.492,Medium
Storage,Air,NA,Off-Peak,0.667,57.408,52.791,11.691,18.887,0.947,66.165,29.206,7.89,1.338,High
Storage,Air,EU,Peak,0.941,73.691,61.747,15.176,24.917,0.843,69.502,17.98,12.562,1.509,Medium
Compute,Air,NA,Peak,0.564,53.977,52.678,26.678,20.16,0.753,85.528,35.419,10.842,1.446,Medium
Storage,Air,EU,Peak,0.997,87.068,66.095,16.885,20.932,0.92,88.094,23.255,15.999,1.659,Low
Compute,Hybrid,EU,Night,0.244,32.444,55.734,18.856,15.0,0.727,69.706,13.78,11.964,1.401,Medium
GPU,Liquid,EU,Night,0.583,43.484,79.881,17.375,18.964,0.984,105.672,28.007,19.227,1.21,High
Compute,Air,EU,Off-Peak,0.292,21.683,77.014,7.768,21.136,0.811,72.565,19.301,12.628,1.349,High
Compute,Hybrid,NA,Peak,0.508,40.478,85.202,20.692,29.366,0.93,62.732,26.527,6.463,1.504,Medium
Storage,Air,ME,Peak,0.254,24.894,57.857,19.919,23.506,0.761,50.695,27.116,2.178,1.783,Low
Storage,Liquid,NA,Peak,0.3,30.902,52.185,17.8,20.485,0.869,58.236,23.984,7.658,1.418,Medium
Storage,Air,ME,Peak,0.29,27.174,40.112,24.19,24.547,0.868,45.112,20.184,2.045,1.648,Low
Compute,Liquid,NA,Peak,0.388,39.127,67.653,14.806,17.168,1.0,62.555,24.768,7.94,1.103,High
Storage,Air,EU,Off-Peak,0.221,16.258,57.541,7.397,23.724,0.969,71.943,14.511,13.409,1.231,High
Compute,Air,NA,Off-Peak,0.828,78.835,72.904,21.464,23.201,0.987,102.938,44.283,12.461,1.497,Medium
Edge,Air,NA,Peak,0.299,24.402,64.219,13.604,25.006,0.68,68.786,28.554,8.553,1.375,Medium
Edge,Air,EU,Off-Peak,0.475,34.182,81.181,7.531,21.754,0.75,52.295,10.25,9.463,1.42,Medium
Storage,Air,APAC,Off-Peak,0.114,15.573,64.39,14.318,22.847,0.793,38.233,20.412,2.222,1.475,Medium
Compute,Air,NA,Off-Peak,0.194,16.643,63.565,13.175,18.959,0.645,95.35,37.818,11.212,1.407,Medium
GPU,Air,EU,Peak,0.907,71.535,60.011,16.743,27.251,0.981,134.958,31.739,24.174,1.436,High
Compute,Liquid,NA,Night,0.853,67.0,94.854,18.591,16.464,1.0,97.661,40.111,11.666,1.427,High
Storage,Air,NA,Off-Peak,0.857,61.288,71.413,18.305,27.486,0.752,69.188,30.232,8.707,1.669,Low
Compute,Liquid,ME,Peak,0.47,37.592,62.461,18.162,22.282,0.879,79.612,42.119,4.079,1.498,Medium
Edge,Air,APAC,Off-Peak,0.227,19.853,66.073,8.948,22.638,0.834,39.738,25.814,3.055,1.661,Low
Compute,Hybrid,EU,Off-Peak,0.197,22.931,47.425,4.429,21.428,0.874,56.503,10.391,10.627,1.368,High
Storage,Hybrid,NA,Off-Peak,0.645,56.53,78.094,24.268,22.816,0.873,64.611,25.357,7.654,1.421,Medium
GPU,Air,NA,Off-Peak,0.845,68.558,96.39,11.157,25.386,0.891,119.454,44.44,14.893,1.779,Low
Storage,Liquid,ME,Off-Peak,0.91,71.458,64.583,11.234,18.177,0.943,81.603,40.597,3.445,1.08,High
Compute,Air,NA,Off-Peak,0.36,29.458,63.195,6.96,24.471,0.814,70.257,27.73,9.145,1.333,High
Edge,Hybrid,APAC,Off-Peak,0.389,37.74,55.488,11.659,20.534,0.822,64.732,37.901,5.745,1.355,High
Storage,Liquid,NA,Peak,0.191,24.785,64.046,8.688,26.139,1.0,55.839,22.034,6.255,1.371,High
Storage,Air,ME,Peak,0.797,69.276,79.585,13.825,25.343,0.966,95.888,48.708,4.722,1.489,Medium
Compute,Air,NA,Peak,0.348,29.124,68.647,14.411,29.053,0.852,121.917,46.119,14.967,1.55,Medium
Storage,Air,NA,Off-Peak,0.533,50.137,77.595,14.977,25.378,0.746,66.244,27.974,7.945,1.697,Low
Storage,Air,EU,Peak,0.936,75.081,52.928,10.439,26.36,0.782,75.46,14.445,13.785,1.713,Low
Compute,Liquid,ME,Off-Peak,0.777,60.206,80.233,11.147,22.347,0.893,85.25,38.748,5.107,1.509,Medium
Compute,Air,ME,Peak,0.147,18.323,60.367,22.638,26.063,0.826,72.089,38.16,3.325,1.506,Medium
GPU,Air,APAC,Off-Peak,0.107,27.8,87.34,7.412,18.806,0.889,84.354,49.427,6.901,1.386,High
Compute,Air,APAC,Off-Peak,0.809,69.538,67.793,18.94,22.006,0.881,72.797,45.113,5.782,1.517,Medium
Compute,Air,EU,Peak,0.597,49.241,93.986,6.618,24.868,0.961,103.284,24.274,17.172,1.285,High
Storage,Air,APAC,Off-Peak,0.748,58.097,87.252,17.655,23.668,0.716,91.273,55.071,6.776,1.593,Low
GPU,Hybrid,APAC,Night,0.241,32.138,74.601,10.343,21.575,0.744,91.511,54.509,7.529,1.911,Low
Compute,Air,EU,Peak,0.885,77.189,73.785,14.576,22.934,0.733,95.643,20.997,16.284,1.654,Low
Storage,Liquid,EU,Night,0.796,62.408,94.596,9.985,36.476,0.997,110.435,24.641,19.334,1.26,High
Compute,Air,EU,Off-Peak,0.902,75.774,59.166,10.694,21.631,0.9,112.833,28.747,20.52,1.658,Low
Compute,Air,EU,Off-Peak,0.407,42.431,73.427,5.003,24.5,0.72,66.646,18.452,11.814,1.663,Low
Compute,Liquid,APAC,Peak,0.348,34.5,90.761,16.309,20.906,1.0,55.112,34.408,3.927,1.317,High
GPU,Air,NA,Off-Peak,0.237,20.985,55.038,10.194,20.179,0.913,88.489,34.715,11.25,1.731,Low
Compute,Air,NA,Off-Peak,0.937,75.41,81.742,18.65,24.552,0.894,217.752,87.101,26.13,1.517,Medium
Compute,Liquid,EU,Off-Peak,0.259,28.433,45.771,20.324,19.939,0.924,65.276,19.182,12.096,1.104,High
Storage,Air,NA,Night,0.207,30.553,88.418,7.053,20.528,0.994,48.209,18.443,5.94,1.409,High
GPU,Air,EU,Off-Peak,0.273,30.593,55.942,18.571,31.461,0.889,106.292,24.477,17.438,1.558,Medium
Compute,Liquid,ME,Peak,0.794,61.203,69.526,20.082,16.386,0.828,86.211,45.002,3.242,1.453,Medium
Storage,Liquid,EU,Peak,0.901,72.382,64.175,16.382,18.389,0.878,84.158,19.041,15.636,1.542,Medium
Compute,Air,APAC,Peak,0.83,64.355,65.722,18.166,26.822,0.828,139.568,84.049,12.184,1.752,Low
Storage,Air,NA,Night,0.607,53.773,63.267,26.109,21.056,0.885,67.671,26.983,8.183,1.539,Medium
Storage,Air,ME,Peak,0.994,80.169,81.588,15.74,23.638,0.851,94.976,44.263,4.463,1.628,Low
Storage,Air,EU,Peak,0.162,25.981,55.193,9.043,22.24,0.894,32.523,11.392,5.871,1.409,Medium
Compute,Liquid,NA,Peak,0.88,75.657,39.136,11.539,16.923,0.825,88.435,33.89,10.679,1.276,High
Compute,Hybrid,EU,Night,0.485,50.443,72.545,10.789,21.522,0.863,106.439,23.332,18.511,1.328,High
Compute,Hybrid,ME,Off-Peak,0.51,52.242,92.12,6.715,20.656,0.755,67.345,33.538,3.771,1.483,Medium
Compute,Air,NA,Night,0.215,23.867,37.252,3.919,23.372,0.757,91.669,34.678,11.293,1.492,Medium
Compute,Air,EU,Off-Peak,0.13,15.297,63.731,5.658,18.277,0.915,64.995,16.643,11.359,1.312,High
GPU,Liquid,ME,Night,0.385,34.861,98.0,19.645,20.607,0.974,85.031,43.464,3.443,1.354,High
Edge,Air,NA,Peak,0.257,30.802,55.095,20.947,26.832,0.714,71.472,27.127,8.462,1.737,Low
Edge,Liquid,EU,Peak,0.535,40.515,65.621,10.747,19.211,1.0,64.78,19.506,11.697,1.508,Medium
GPU,Liquid,EU,Peak,0.233,38.422,50.533,20.63,22.701,1.0,97.291,25.239,17.481,1.699,Low
Storage,Hybrid,NA,Off-Peak,0.224,32.043,77.201,30.966,22.58,0.798,70.483,25.74,9.328,1.649,Low
GPU,Air,EU,Off-Peak,0.889,70.158,86.507,19.29,25.656,0.938,121.473,28.684,21.776,1.446,Medium
Compute,Air,NA,Peak,0.929,71.596,61.077,10.079,23.726,0.816,91.945,39.384,11.224,1.525,Medium
Storage,Hybrid,APAC,Peak,0.968,80.436,78.482,29.665,19.764,0.842,84.414,49.91,7.194,1.436,Medium
Storage,Liquid,NA,Off-Peak,0.712,52.486,58.656,11.155,15.0,0.7,62.514,25.586,8.436,1.446,Medium
Storage,Hybrid,NA,Peak,0.794,70.82,60.664,11.742,21.185,0.814,70.672,28.631,7.913,1.561,Low
GPU,Air,EU,Off-Peak,0.852,63.787,60.907,11.606,17.75,0.725,138.518,34.838,24.42,1.516,Low
Compute,Liquid,NA,Peak,0.693,53.092,62.082,15.916,22.932,0.864,71.179,26.515,9.614,1.267,High
Compute,Liquid,NA,Off-Peak,0.397,33.055,53.175,16.246,17.657,0.966,61.413,25.23,7.719,1.091,High
Edge,Air,APAC,Off-Peak,0.241,27.157,61.095,30.447,19.752,0.79,47.962,27.71,3.874,1.636,Low
Compute,Liquid,ME,Off-Peak,0.314,31.158,85.477,8.522,21.658,1.0,82.143,41.679,5.075,1.615,Medium
Storage,Liquid,APAC,Peak,0.856,65.879,61.684,14.163,22.082,0.862,67.907,40.594,5.002,1.375,High
Edge,Air,EU,Peak,0.726,58.613,57.782,20.4,24.679,0.888,57.7,14.812,10.77,1.214,High
Storage,Air,APAC,Night,0.51,42.564,72.171,19.164,25.87,0.933,64.862,37.632,6.161,1.497,Medium
Storage,Liquid,ME,Off-Peak,0.126,23.26,50.029,3.202,21.363,1.0,55.419,28.195,1.654,1.32,High
Compute,Air,EU,Off-Peak,0.34,27.986,49.136,9.127,23.141,0.852,72.285,21.928,12.961,1.445,Medium
Compute,Hybrid,NA,Off-Peak,0.756,64.301,73.437,12.427,21.416,0.886,91.0,34.85,11.121,1.37,High
GPU,Air,NA,Peak,0.561,52.015,65.507,7.04,20.051,0.896,106.914,41.147,13.592,1.446,Medium
Storage,Air,EU,Night,0.492,42.061,58.858,23.55,16.767,0.949,67.701,21.113,11.885,1.308,High
Storage,Hybrid,ME,Off-Peak,0.382,37.919,76.343,16.273,17.332,0.637,62.416,31.074,3.264,1.347,Medium
Compute,Hybrid,EU,Off-Peak,0.646,52.221,62.281,18.765,15.453,0.775,80.707,19.656,14.616,1.054,High
Compute,Air,EU,Night,0.97,70.379,91.174,12.036,19.454,0.953,88.602,24.97,15.554,1.352,High
Edge,Liquid,NA,Peak,0.911,74.695,77.964,15.76,27.183,0.947,90.138,36.097,11.022,1.488,Medium
Compute,Air,NA,Off-Peak,0.127,21.251,35.539,18.745,21.483,0.832,73.688,30.037,8.106,1.26,High
Storage,Air,EU,Night,0.533,48.578,71.348,24.445,21.86,0.876,111.749,25.765,20.095,1.504,Medium
Compute,Air,ME,Peak,0.397,35.889,56.292,20.69,26.885,0.782,71.529,35.059,3.459,1.538,Low
Storage,Air,NA,Peak,0.56,57.821,47.143,13.094,24.14,0.728,70.225,25.949,8.871,1.514,Low
Edge,Hybrid,APAC,Off-Peak,0.646,46.631,67.87,7.431,21.368,0.887,50.614,26.482,3.698,1.388,High
Storage,Liquid,NA,Peak,0.28,29.189,53.229,5.696,19.933,0.951,69.084,28.646,8.396,1.219,High
Compute,Hybrid,EU,Night,0.803,62.27,98.0,28.628,16.927,0.811,92.476,25.174,17.114,1.425,Medium
Storage,Liquid,EU,Peak,0.528,46.649,59.602,7.188,21.255,0.803,50.36,11.757,9.198,1.612,Low
GPU,Air,APAC,Off-Peak,0.993,74.25,78.281,16.524,21.794,0.942,143.139,88.591,10.673,1.449,Medium
Storage,Liquid,NA,Peak,0.123,15.154,44.857,4.935,18.913,1.0,61.718,24.148,8.005,1.295,High
GPU,Hybrid,NA,Peak,0.271,29.933,58.084,16.588,22.214,0.935,88.086,37.256,10.931,1.398,High
Storage,Liquid,NA,Night,0.721,66.428,77.777,21.402,36.398,0.86,64.422,25.944,7.09,1.153,High
GPU,Liquid,ME,Off-Peak,0.726,59.075,98.0,19.861,22.59,1.0,104.231,48.539,4.314,1.491,Medium
Storage,Hybrid,NA,Peak,0.624,53.404,71.233,13.199,25.621,0.622,98.447,38.021,11.54,1.531,Low
Compute,Air,NA,Peak,0.975,79.482,51.527,29.286,27.605,0.876,107.199,47.269,12.762,1.59,Low
Compute,Liquid,EU,Off-Peak,0.474,39.887,87.523,18.017,18.093,0.924,73.271,19.417,13.582,1.132,High
Compute,Hybrid,EU,Night,0.475,39.298,78.459,5.639,15.457,0.903,68.875,16.021,12.025,1.288,High
Edge,Hybrid,APAC,Off-Peak,0.919,65.153,31.799,11.646,23.649,0.977,63.441,37.841,5.623,1.284,High
GPU,Air,ME,Off-Peak,0.585,51.402,43.694,6.814,17.829,0.942,97.585,48.356,4.699,1.257,High
Storage,Liquid,EU,Peak,0.418,46.775,56.531,11.859,24.915,0.986,78.443,17.975,14.0,1.395,High
Compute,Liquid,ME,Night,0.747,62.41,55.853,13.227,22.887,0.908,106.159,53.111,5.43,1.483,Medium
Compute,Air,APAC,Off-Peak,0.658,51.007,66.805,12.873,26.143,0.928,122.702,75.851,10.616,1.626,Low
GPU,Liquid,NA,Off-Peak,0.376,28.855,54.331,9.915,19.029,0.97,109.949,42.998,13.328,1.167,High
Storage,Air,ME,Off-Peak,0.368,35.06,76.561,17.264,19.404,0.712,45.13,22.845,2.474,1.244,High
Compute,Air,EU,Off-Peak,0.456,42.193,80.135,12.888,21.861,0.914,84.028,20.767,14.54,1.199,High
Storage,Air,EU,Night,0.164,21.416,40.21,10.382,19.803,0.728,41.572,12.509,8.415,1.602,Low
Compute,Liquid,EU,Off-Peak,0.948,67.794,98.0,13.555,20.02,0.915,100.12,22.545,18.796,1.327,High
Compute,Air,EU,Night,0.265,19.855,82.057,9.352,21.604,0.93,63.631,16.917,11.695,1.478,Medium
Storage,Air,NA,Off-Peak,0.274,20.038,17.376,12.479,27.688,0.81,71.747,28.721,9.191,1.762,Low
Compute,Air,APAC,Off-Peak,0.682,50.531,55.109,13.414,21.925,0.848,96.488,55.063,8.003,1.435,Medium
Edge,Air,APAC,Night,0.752,63.207,52.877,16.915,24.017,0.865,58.033,33.928,4.38,1.402,Medium
Compute,Air,APAC,Peak,0.763,60.95,55.706,26.528,25.606,0.844,81.789,51.174,6.306,1.516,Medium
Compute,Air,NA,Off-Peak,0.438,35.336,26.141,15.348,22.603,0.802,87.549,33.568,10.372,1.597,Low
Compute,Liquid,ME,Off-Peak,0.886,72.426,75.269,12.548,19.671,0.858,77.61,40.492,5.026,1.357,High
GPU,Liquid,NA,Night,0.59,49.682,54.952,21.751,19.023,0.744,127.788,54.18,15.713,1.353,Medium
Storage,Air,NA,Peak,0.495,42.983,73.109,15.018,20.083,0.74,48.261,20.358,5.581,1.307,High
Storage,Air,NA,Peak,0.829,59.236,98.0,11.041,21.512,0.542,79.781,33.47,9.802,1.685,Low
Compute,Liquid,NA,Peak,0.319,28.87,86.331,9.848,17.431,0.883,70.743,24.853,8.861,1.234,High
Compute,Air,EU,Peak,0.874,81.101,62.908,27.685,26.158,0.65,103.022,26.113,17.676,1.506,Low
Storage,Hybrid,EU,Peak,0.585,51.129,65.994,8.816,24.743,0.81,64.264,13.979,11.736,1.932,Low
GPU,Liquid,APAC,Off-Peak,0.91,79.867,83.549,11.322,15.744,0.88,113.809,70.978,9.389,1.391,High
GPU,Air,ME,Night,0.281,39.751,88.389,10.446,22.564,0.839,198.79,99.395,9.94,1.557,Low
Compute,Air,APAC,Off-Peak,0.942,76.485,74.988,11.796,22.209,0.987,108.032,65.004,8.796,1.4,High
Storage,Liquid,EU,Peak,0.719,65.359,52.092,19.094,21.039,0.891,69.02,16.491,11.769,1.285,High
Edge,Air,APAC,Night,0.656,51.51,78.077,19.825,22.793,0.923,69.5,40.024,6.033,1.581,Medium
Compute,Air,APAC,Off-Peak,0.48,37.645,45.68,11.643,21.263,0.663,49.747,25.228,3.221,1.799,Low
GPU,Air,EU,Peak,0.961,82.778,55.71,21.495,26.853,0.915,124.892,29.763,22.038,1.463,Medium
Compute,Liquid,APAC,Peak,0.5,40.231,80.267,9.23,27.093,0.924,66.291,39.002,5.101,1.364,High
Edge,Liquid,EU,Off-Peak,0.549,44.542,84.798,20.088,18.397,0.742,66.732,17.368,11.583,1.474,Medium
GPU,Air,NA,Off-Peak,0.803,64.364,95.718,13.203,26.559,0.771,98.265,37.194,11.744,1.445,Medium
Edge,Liquid,EU,Off-Peak,0.356,28.779,85.58,14.228,21.327,0.662,52.8,10.059,10.151,1.662,Low
Storage,Air,EU,Peak,0.362,34.646,72.733,11.8,23.489,0.904,49.165,13.332,9.058,1.527,Medium
Compute,Liquid,APAC,Night,0.798,65.054,63.7,32.821,19.384,1.0,87.686,50.633,6.648,1.247,High
Edge,Air,NA,Peak,0.216,21.618,38.184,37.862,23.68,0.76,60.045,21.418,8.19,1.571,Low
Compute,Liquid,EU,Off-Peak,0.841,66.696,70.075,15.012,22.51,0.755,94.603,26.247,17.499,1.569,Low
Compute,Hybrid,ME,Off-Peak,0.663,50.431,63.819,19.474,25.358,0.723,93.303,45.825,4.345,1.609,Low
GPU,Air,ME,Peak,0.585,47.942,63.816,10.59,24.866,0.729,125.146,64.213,5.85,1.514,Low
GPU,Air,NA,Peak,0.306,30.787,59.987,6.102,22.513,0.823,108.352,43.777,13.23,1.367,Medium
Edge,Air,NA,Peak,0.808,74.505,64.709,27.174,26.953,0.768,69.363,26.395,8.358,1.591,Low
Compute,Air,EU,Peak,0.824,69.859,75.993,9.297,24.421,0.93,70.321,17.076,12.714,1.483,Medium
GPU,Air,EU,Peak,0.535,43.91,49.993,9.272,25.072,0.91,114.987,25.321,20.26,1.562,Medium
GPU,Hybrid,NA,Off-Peak,0.45,34.073,70.855,21.752,20.658,0.94,107.002,43.843,12.516,1.356,High
Compute,Hybrid,NA,Off-Peak,0.322,29.886,41.313,13.228,24.888,0.833,59.933,25.425,6.31,1.64,Low
Compute,Air,APAC,Off-Peak,0.779,68.783,75.852,15.622,21.879,0.91,84.537,52.632,6.87,1.32,High
Compute,Liquid,APAC,Off-Peak,0.676,57.937,62.577,11.196,18.597,0.972,112.362,67.709,8.827,1.29,High
Compute,Liquid,EU,Night,0.286,33.623,67.1,22.126,20.758,0.8,87.08,19.197,16.843,1.724,Low
Edge,Liquid,EU,Night,0.815,68.624,94.989,22.504,15.733,0.946,94.24,27.893,17.066,1.315,High
Storage,Air,EU,Peak,0.894,67.426,41.156,9.207,23.541,0.875,85.079,21.992,15.777,1.565,Low
GPU,Air,NA,Off-Peak,0.153,14.53,54.0,4.264,25.419,0.762,74.951,33.004,9.296,1.833,Low
Edge,Air,EU,Peak,0.795,59.432,76.331,19.439,26.677,0.869,103.196,25.624,17.917,1.667,Low
Compute,Air,NA,Peak,0.868,71.513,67.118,35.086,20.809,0.756,79.542,28.623,9.548,1.579,Low
GPU,Liquid,EU,Off-Peak,0.992,75.868,76.192,14.61,15.0,0.947,104.312,25.421,18.865,1.279,High
Storage,Liquid,NA,Off-Peak,0.314,36.226,63.538,8.943,20.426,0.852,61.903,24.734,7.834,1.281,High
GPU,Air,EU,Off-Peak,0.434,40.167,86.647,6.529,19.992,0.898,97.255,25.837,17.293,1.423,Medium
Compute,Air,EU,Off-Peak,0.97,76.252,51.866,20.07,24.094,0.709,83.728,21.731,14.236,2.548,Low
Edge,Hybrid,NA,Peak,0.185,22.301,32.158,5.441,20.957,0.826,36.372,13.637,4.296,1.498,Medium
Compute,Liquid,NA,Night,0.571,43.387,70.923,23.564,20.745,1.0,79.712,32.008,8.997,2.354,High
Compute,Hybrid,NA,Peak,0.556,42.061,86.154,23.327,24.183,0.941,69.907,29.758,9.293,1.468,Medium
GPU,Air,EU,Peak,0.646,64.514,85.859,16.606,21.053,0.811,112.747,28.158,19.888,1.282,High
Compute,Liquid,NA,Peak,0.398,33.207,55.625,7.511,22.329,0.805,77.462,31.976,9.061,1.665,Low
Storage,Liquid,NA,Night,0.933,73.673,55.392,16.149,19.584,1.0,71.947,27.633,8.715,1.273,High
Storage,Hybrid,EU,Off-Peak,0.343,45.407,68.358,11.965,21.501,0.879,73.741,18.746,12.487,1.715,Low
GPU,Air,APAC,Off-Peak,0.685,58.523,77.401,24.767,21.397,0.872,100.132,60.19,8.614,1.125,High
Compute,Air,NA,Off-Peak,0.546,43.534,44.695,30.123,24.426,0.713,77.718,29.532,9.612,1.659,Low
Compute,Air,EU,Off-Peak,0.34,35.165,50.874,12.507,25.144,0.873,58.202,15.113,11.127,1.384,High
Compute,Hybrid,ME,Night,0.27,30.833,65.43,8.053,20.611,0.719,76.555,37.882,3.104,1.546,Low
Storage,Hybrid,ME,Off-Peak,0.961,73.111,74.405,13.404,20.769,0.906,79.327,40.779,3.483,1.29,High
Compute,Hybrid,NA,Night,0.605,58.642,85.753,9.603,21.798,0.678,84.735,36.529,10.749,1.549,Low
Compute,Hybrid,APAC,Off-Peak,0.644,51.957,72.337,15.252,17.249,0.765,68.78,39.019,4.824,1.82,Low
Compute,Air,EU,Off-Peak,0.805,59.33,50.635,18.995,19.19,0.85,96.204,22.849,17.026,1.514,Medium
Compute,Air,ME,Peak,0.173,19.702,63.417,9.722,24.152,0.825,56.001,30.011,2.934,1.41,Medium
Storage,Air,EU,Night,0.742,54.237,47.986,14.673,26.193,0.801,98.461,25.754,18.2,1.626,Low
GPU,Air,APAC,Off-Peak,0.249,31.371,66.574,10.628,28.038,0.787,115.737,70.976,10.19,1.546,Low
Compute,Hybrid,APAC,Off-Peak,0.766,69.032,65.804,10.487,25.225,0.786,85.629,53.269,6.093,1.834,Low
Storage,Hybrid,EU,Off-Peak,0.227,18.149,93.369,31.791,21.146,0.827,64.246,15.938,11.268,1.252,High
Storage,Air,APAC,Off-Peak,0.849,70.058,78.18,11.216,17.81,0.885,77.242,48.852,5.946,1.277,High
Storage,Liquid,NA,Peak,0.713,57.94,87.457,15.741,22.478,0.786,81.912,33.361,10.084,1.593,Low
GPU,Hybrid,NA,Peak,0.447,35.701,61.109,5.611,21.204,0.886,94.636,42.949,10.398,1.29,High
Storage,Air,EU,Off-Peak,0.423,46.94,55.977,16.303,25.263,0.9,62.17,14.1,11.644,1.331,High
Storage,Air,ME,Peak,0.234,19.193,68.121,13.301,26.336,0.841,60.408,26.611,2.493,1.389,Medium
Compute,Air,EU,Off-Peak,0.914,67.03,64.529,29.588,29.2,0.794,87.009,23.132,15.392,1.807,Low
Storage,Air,EU,Off-Peak,0.207,19.269,63.219,13.282,28.599,0.849,49.892,14.963,9.134,1.605,Low
Storage,Liquid,EU,Peak,0.525,42.396,53.464,10.869,18.881,0.771,47.523,13.652,8.391,1.549,Low
Compute,Air,NA,Peak,0.313,27.762,88.307,20.756,25.397,0.812,64.723,27.138,7.347,1.529,Medium
Compute,Air,NA,Night,0.997,85.627,75.804,14.891,20.305,0.92,109.963,43.041,12.869,1.29,High
Edge,Hybrid,APAC,Off-Peak,0.627,58.508,56.307,10.624,19.645,0.841,87.21,52.327,6.813,1.415,Medium
Storage,Liquid,ME,Peak,0.235,24.95,52.617,4.636,21.117,1.0,38.65,20.884,1.415,1.323,High
Storage,Air,NA,Night,0.701,57.051,83.766,18.33,15.653,0.867,86.923,36.932,10.76,1.363,High
Edge,Hybrid,EU,Off-Peak,0.992,73.72,77.753,21.729,19.182,0.92,88.424,21.583,16.211,1.163,High
GPU,Air,NA,Peak,0.645,46.915,54.924,22.869,28.383,0.943,109.351,45.26,13.865,1.423,High
Storage,Air,NA,Peak,0.512,54.896,83.888,8.314,36.149,0.789,74.566,28.389,8.667,1.298,High
GPU,Hybrid,NA,Peak,0.364,29.741,63.489,7.84,18.236,0.807,107.469,40.748,12.675,1.05,High
GPU,Air,EU,Night,0.183,23.276,62.879,20.001,24.465,0.921,95.75,21.009,16.492,1.465,Medium
Storage,Liquid,NA,Off-Peak,0.305,28.831,49.57,9.089,22.996,0.962,56.776,20.157,7.204,1.387,High
Storage,Air,NA,Off-Peak,0.598,45.995,62.372,16.948,19.108,0.726,79.742,35.209,9.264,1.544,Low
Compute,Air,APAC,Night,0.778,60.233,68.834,17.18,24.488,0.664,115.269,66.776,9.835,1.584,Low
Edge,Liquid,ME,Peak,0.89,66.357,58.454,17.895,23.983,0.953,81.268,37.197,4.055,1.6,Medium
Storage,Air,NA,Peak,0.814,70.144,35.471,20.283,25.636,0.852,62.09,28.62,8.015,1.712,Low
Compute,Liquid,EU,Peak,0.213,28.657,80.368,4.006,20.35,0.918,67.282,15.958,11.929,1.267,High
GPU,Liquid,NA,Peak,0.796,75.571,49.718,18.623,23.685,0.891,131.68,50.867,15.138,1.809,Low
Storage,Hybrid,ME,Off-Peak,0.623,53.23,55.691,13.51,20.413,0.741,100.147,52.515,5.083,1.34,Medium
Compute,Liquid,EU,Off-Peak,0.522,41.197,56.741,9.647,19.628,0.765,63.517,15.739,11.108,1.358,Medium
Storage,Air,APAC,Peak,0.615,63.994,93.06,17.599,27.946,0.817,103.029,60.511,7.997,1.813,Low
Storage,Hybrid,NA,Peak,0.107,11.836,51.787,3.079,21.272,0.933,41.818,16.118,5.234,1.171,High
GPU,Liquid,EU,Peak,0.161,17.751,62.908,2.707,20.005,1.0,134.822,31.138,24.105,1.54,Medium
Compute,Liquid,EU,Night,0.573,51.005,77.678,24.542,21.301,1.0,84.705,19.857,15.597,1.4,High
GPU,Hybrid,NA,Off-Peak,0.256,22.075,80.867,13.691,17.839,0.97,100.834,39.92,12.592,1.383,High
Storage,Liquid,NA,Off-Peak,0.591,53.552,56.505,13.042,21.342,1.0,88.354,37.977,10.89,1.387,High
Compute,Air,EU,Peak,0.419,35.318,72.275,25.876,25.471,0.797,103.765,23.311,18.714,1.683,Low
Edge,Liquid,APAC,Off-Peak,0.917,66.094,62.345,22.261,20.692,0.823,56.996,35.351,5.147,1.242,High
Storage,Air,NA,Peak,0.955,73.794,47.749,38.382,25.533,0.886,82.696,34.095,10.459,1.524,Medium
Compute,Air,EU,Night,0.982,86.92,72.44,11.873,18.988,0.881,92.65,22.783,16.348,1.106,High
Storage,Liquid,NA,Off-Peak,0.909,65.523,62.029,16.618,15.0,1.0,61.186,22.27,7.164,1.217,High
GPU,Air,NA,Off-Peak,0.987,74.314,98.0,33.025,18.845,0.711,135.612,50.51,15.56,1.452,Medium
Compute,Air,EU,Off-Peak,0.736,55.917,92.678,22.998,21.739,0.836,106.317,26.637,19.458,1.454,Medium
Compute,Air,NA,Off-Peak,0.964,81.004,91.138,21.619,25.561,0.955,119.498,45.02,14.511,1.414,High
Compute,Liquid,EU,Peak,0.678,58.755,70.596,19.296,22.191,0.841,73.411,16.332,13.664,1.356,High
Compute,Air,NA,Peak,0.828,62.49,71.117,12.347,28.278,0.909,74.35,28.314,9.488,1.647,Low
GPU,Liquid,EU,Off-Peak,0.219,24.001,64.409,20.238,20.646,0.868,98.681,25.435,17.552,1.352,High
Storage,Air,EU,Peak,0.714,56.397,68.84,9.0,24.949,0.892,61.9,17.741,11.57,1.284,High
Compute,Air,ME,Peak,0.938,71.547,64.326,30.649,28.562,0.873,93.508,46.873,4.552,1.728,Low
Compute,Air,NA,Off-Peak,0.586,49.478,59.22,22.924,23.886,0.67,71.236,29.839,7.968,1.601,Low
Compute,Liquid,APAC,Night,0.268,25.11,71.846,15.608,20.565,0.911,59.887,35.922,5.042,1.432,Medium
Edge,Air,NA,Night,0.574,55.572,98.0,22.731,34.479,0.925,77.144,31.636,8.855,1.418,Medium
Compute,Hybrid,EU,Peak,0.736,56.542,72.17,7.875,20.39,0.567,77.06,19.049,14.152,1.599,Low
Edge,Hybrid,EU,Peak,0.793,61.113,71.055,12.854,24.397,0.924,65.313,14.296,11.517,1.543,Medium
Storage,Hybrid,NA,Off-Peak,0.571,52.019,56.551,17.39,20.885,0.821,77.146,31.929,9.19,1.412,Medium
Compute,Hybrid,EU,Night,0.296,35.12,34.452,15.506,15.959,0.744,74.501,16.548,12.676,1.339,Medium
GPU,Air,NA,Night,0.934,74.428,83.329,13.656,25.855,0.843,116.165,49.459,13.759,1.506,Medium
Storage,Liquid,NA,Night,0.796,67.497,56.83,19.117,17.036,1.0,113.396,44.955,13.356,1.303,High
GPU,Liquid,NA,Off-Peak,0.344,24.927,34.914,20.385,18.502,0.85,135.742,55.319,16.939,1.409,Medium
Edge,Liquid,APAC,Peak,0.831,67.564,94.972,12.833,18.746,0.893,78.324,42.597,5.78,1.05,High
Compute,Hybrid,APAC,Peak,0.413,41.327,79.023,16.086,20.053,0.95,57.962,37.831,5.272,1.493,Medium
Compute,Liquid,NA,Peak,0.381,40.526,37.312,11.555,21.272,0.917,66.822,23.627,8.26,1.479,Medium
GPU,Hybrid,EU,Off-Peak,0.877,72.071,98.0,15.559,24.761,0.811,102.791,24.565,17.965,1.399,Medium
Compute,Air,NA,Peak,0.886,71.846,49.502,16.348,27.46,0.667,125.227,49.127,14.526,1.494,Low
Compute,Hybrid,NA,Off-Peak,0.459,44.63,41.078,25.347,19.113,0.755,66.545,25.853,7.312,1.438,Medium
Compute,Liquid,APAC,Off-Peak,0.108,13.663,29.139,5.58,19.618,0.86,62.566,39.096,5.671,1.161,High
Compute,Liquid,EU,Peak,0.268,21.377,53.539,9.713,29.44,0.94,72.946,18.544,13.032,1.457,Medium
GPU,Air,NA,Night,0.918,70.65,92.219,12.305,19.701,0.962,128.003,50.064,15.421,1.381,High
Compute,Liquid,NA,Off-Peak,0.909,65.87,48.118,34.088,19.382,1.0,82.618,30.465,10.154,1.118,High
Storage,Hybrid,APAC,Night,0.508,38.756,54.706,14.168,21.625,0.829,77.696,45.504,6.764,1.554,Low
Storage,Air,NA,Night,0.374,29.131,67.782,14.029,19.967,0.907,44.375,18.509,5.024,1.273,High
Storage,Liquid,NA,Peak,0.372,32.059,54.286,20.549,16.141,1.0,48.615,17.395,6.257,1.2,High
Compute,Air,EU,Peak,0.907,68.244,73.224,11.396,31.005,0.613,90.386,25.576,17.026,1.932,Low
GPU,Hybrid,EU,Peak,0.392,30.332,77.11,9.065,22.498,0.86,140.073,31.614,25.535,1.603,Low
Compute,Air,EU,Off-Peak,0.56,41.178,57.267,11.264,26.008,0.831,72.903,18.67,13.3,1.762,Low
GPU,Air,APAC,Off-Peak,0.758,60.305,55.643,22.201,21.688,0.86,137.343,81.982,10.625,1.383,High
GPU,Air,NA,Night,0.289,29.705,66.959,9.971,27.933,0.984,117.863,49.088,13.277,1.429,High
Storage,Liquid,APAC,Peak,0.328,37.16,61.837,6.828,26.427,0.937,58.511,34.855,4.216,1.526,Medium
Storage,Air,NA,Off-Peak,0.422,44.562,74.704,17.586,22.36,0.729,82.577,33.425,10.09,1.571,Low
Storage,Liquid,EU,Night,0.689,62.161,82.336,8.537,17.398,0.91,87.292,20.411,16.179,1.802,Low
Compute,Hybrid,APAC,Off-Peak,0.836,59.809,42.363,15.777,20.59,0.745,83.536,50.774,6.735,1.619,Low
GPU,Hybrid,EU,Peak,0.592,45.484,54.807,12.414,23.52,0.765,100.081,24.843,17.433,2.33,Low
GPU,Air,APAC,Off-Peak,0.22,20.076,51.183,25.506,21.037,0.852,139.586,81.348,11.786,1.192,High
Compute,Hybrid,APAC,Peak,0.502,44.569,58.775,14.965,22.196,0.869,71.781,44.178,6.622,1.794,Low
Storage,Liquid,NA,Peak,0.215,18.875,85.136,15.167,15.0,0.944,36.937,13.752,4.239,1.184,High
Edge,Air,APAC,Peak,0.179,35.558,16.793,14.231,23.887,0.898,52.737,31.402,5.477,1.379,High
Edge,Air,ME,Peak,0.631,45.976,60.226,36.249,23.253,0.784,68.345,35.057,2.421,1.554,Low
Storage,Air,EU,Off-Peak,0.961,75.034,58.354,12.812,21.467,0.923,77.774,18.383,14.543,1.376,High
Storage,Hybrid,NA,Peak,0.854,64.242,87.368,14.475,25.274,0.846,93.515,34.977,11.824,1.601,Low
Compute,Air,NA,Off-Peak,0.797,65.129,57.805,20.594,22.467,0.917,79.35,35.523,10.499,1.626,Low
Edge,Air,NA,Peak,0.754,60.017,93.084,17.263,29.08,0.83,89.322,35.623,10.685,1.453,Medium
Compute,Liquid,NA,Peak,0.907,78.991,72.179,16.562,19.532,0.947,89.788,35.492,11.288,1.509,Medium
Storage,Liquid,EU,Peak,0.778,58.991,66.447,11.155,18.454,1.0,63.375,17.838,11.925,1.213,High
Compute,Liquid,NA,Peak,0.664,48.401,59.179,14.674,22.502,0.895,76.144,32.808,8.958,1.623,Low
Compute,Liquid,NA,Peak,0.428,37.453,57.854,10.742,17.864,0.737,87.531,36.477,11.151,1.675,Low
Storage,Air,EU,Off-Peak,0.191,18.029,31.147,10.853,22.735,0.803,46.131,12.781,8.371,1.712,Low
Edge,Hybrid,EU,Night,0.515,40.772,42.681,9.311,15.0,0.916,58.928,14.288,9.847,1.377,High
Compute,Air,EU,Peak,0.932,82.556,64.465,11.306,22.943,0.879,90.072,17.777,16.472,1.886,Low
Storage,Liquid,APAC,Peak,0.625,45.659,78.453,12.309,25.229,1.0,57.798,34.046,4.497,1.422,High
Compute,Liquid,NA,Peak,0.266,26.373,75.353,27.611,23.026,0.734,65.184,22.759,8.265,1.479,Medium
Compute,Air,NA,Night,0.684,57.744,42.505,22.255,19.286,0.718,102.224,37.251,12.212,1.518,Low
Storage,Hybrid,NA,Off-Peak,0.519,49.154,79.55,12.875,22.118,0.966,72.551,31.041,8.461,1.26,High
Storage,Air,EU,Off-Peak,0.938,69.328,77.223,14.985,24.08,0.713,72.311,15.4,13.37,1.548,Low
Compute,Air,NA,Peak,0.245,26.155,69.632,6.522,27.661,0.912,60.478,24.088,7.367,1.343,High
Compute,Hybrid,APAC,Peak,0.741,55.489,68.042,21.58,18.431,0.905,65.647,40.97,5.026,1.243,High
Compute,Liquid,NA,Peak,0.713,59.342,83.937,12.1,15.0,0.828,103.498,41.194,12.009,1.648,Low
Compute,Liquid,ME,Night,0.985,77.988,63.48,17.042,16.733,0.813,95.31,52.751,4.352,1.163,High
Edge,Liquid,EU,Peak,0.608,52.146,64.836,19.247,19.424,1.0,57.286,13.396,10.566,1.286,High
Edge,Hybrid,EU,Off-Peak,0.884,83.133,56.13,19.574,21.618,0.871,77.695,20.604,14.333,1.348,High
Compute,Air,APAC,Off-Peak,0.122,27.351,33.856,16.54,26.459,0.835,63.268,43.68,5.42,1.562,Low
Storage,Air,APAC,Off-Peak,0.211,23.403,8.816,18.713,24.197,0.795,75.789,43.693,6.166,1.516,Medium
Edge,Air,EU,Peak,0.411,36.201,51.502,6.827,27.947,0.785,73.251,20.185,13.581,1.7,Low
Compute,Air,ME,Off-Peak,0.657,53.82,68.37,9.563,23.068,0.774,92.851,46.774,4.748,1.491,Medium
GPU,Liquid,EU,Peak,0.504,45.029,77.78,38.103,21.095,1.0,102.171,25.926,18.11,1.468,Medium
Edge,Air,APAC,Night,0.282,29.625,79.442,10.246,23.834,0.98,74.777,46.072,5.797,1.296,High
Compute,Air,NA,Peak,0.63,52.771,98.0,21.613,27.607,0.91,83.881,34.076,11.115,1.622,Low
Compute,Air,APAC,Peak,0.61,46.672,60.174,13.906,28.443,0.935,72.653,46.516,5.633,1.744,Low
Edge,Liquid,NA,Peak,0.572,46.604,56.952,11.677,21.652,0.901,40.288,17.175,5.291,1.284,High
Storage,Hybrid,NA,Night,0.182,19.14,98.0,12.723,16.776,0.788,88.789,35.208,10.166,1.392,Medium
Compute,Air,EU,Peak,0.934,83.415,74.545,26.159,24.825,0.951,107.812,29.032,19.757,1.58,Medium
Compute,Liquid,NA,Off-Peak,0.633,57.079,51.924,15.497,21.525,1.0,89.861,35.858,11.237,1.671,Low
Storage,Air,NA,Peak,0.338,26.774,49.93,18.505,27.644,0.932,48.554,20.158,4.976,1.684,Low
Storage,Liquid,NA,Peak,0.719,51.299,59.367,11.961,19.811,1.0,75.396,28.467,9.95,1.41,High
GPU,Air,EU,Off-Peak,0.386,36.81,72.677,11.759,21.266,0.919,99.704,26.993,18.47,1.433,Medium
Edge,Air,APAC,Peak,0.555,44.393,62.563,12.188,26.599,0.837,61.229,38.265,4.749,1.736,Low
Compute,Liquid,EU,Off-Peak,0.407,30.22,58.286,7.601,15.0,0.925,53.447,10.014,9.961,1.05,High
Storage,Hybrid,APAC,Off-Peak,0.892,70.871,87.483,22.262,17.971,0.819,80.585,46.812,6.566,1.444,Medium
Storage,Air,EU,Night,0.995,72.699,70.28,21.052,21.463,0.852,91.418,16.845,16.436,1.419,Medium
Storage,Liquid,NA,Peak,0.245,22.159,54.781,17.859,19.772,0.791,50.184,18.21,5.954,1.673,Low
Compute,Liquid,NA,Off-Peak,0.121,26.257,44.974,1.815,18.842,0.879,66.648,26.571,7.767,1.6,Low
Edge,Hybrid,EU,Night,0.297,39.193,76.842,7.695,16.81,0.992,53.973,12.141,9.141,1.682,Low
GPU,Air,NA,Off-Peak,0.631,53.786,81.959,9.407,22.969,0.929,118.754,49.891,14.976,1.164,High
Storage,Air,NA,Peak,0.257,20.83,65.145,11.774,25.412,0.884,46.537,18.362,5.733,1.488,Medium
Storage,Hybrid,EU,Off-Peak,0.83,71.971,70.052,11.7,22.472,0.849,77.935,19.382,13.399,1.323,High
Compute,Air,EU,Night,0.468,34.1,82.541,10.743,19.615,0.608,63.88,14.964,11.481,1.347,Medium
Storage,Air,NA,Off-Peak,0.649,62.955,44.355,10.231,27.27,0.93,63.519,24.555,8.08,1.588,Medium
Storage,Air,APAC,Night,0.51,38.45,83.791,6.216,18.794,0.887,46.938,25.751,3.407,1.606,Low
Storage,Hybrid,APAC,Off-Peak,0.913,68.153,80.399,12.327,19.912,0.723,68.572,41.503,5.473,1.577,Low
Edge,Air,APAC,Peak,0.132,28.532,41.04,26.654,31.715,0.74,48.149,27.695,4.729,1.754,Low
Storage,Hybrid,ME,Peak,0.756,59.005,43.645,24.925,17.646,0.712,68.172,33.46,4.034,1.434,Medium
Compute,Air,NA,Peak,0.687,52.564,59.045,17.293,27.111,0.666,73.463,26.42,9.026,1.603,Low
GPU,Air,EU,Peak,0.685,60.603,66.894,22.928,25.152,0.913,100.99,26.72,18.057,1.485,Medium
Compute,Air,APAC,Night,0.473,39.86,77.703,6.205,19.979,0.699,69.499,46.651,5.87,1.679,Low
Compute,Air,EU,Off-Peak,0.114,21.187,68.758,4.482,28.692,0.851,56.028,13.932,9.444,1.668,Low
Compute,Liquid,APAC,Off-Peak,0.72,62.637,77.902,14.809,16.184,0.863,82.139,46.683,6.561,1.686,Low
Storage,Liquid,EU,Off-Peak,0.847,72.327,84.636,36.189,22.929,0.91,127.051,32.166,22.465,1.593,Low
GPU,Air,EU,Peak,0.177,22.679,79.422,16.552,25.818,0.797,90.091,22.626,16.184,1.87,Low
Storage,Air,NA,Peak,0.497,39.98,95.032,31.01,25.641,0.723,70.374,26.795,8.55,1.88,Low
GPU,Liquid,ME,Night,0.246,18.249,51.688,5.886,15.0,0.922,106.246,54.733,6.57,1.412,High
Storage,Hybrid,APAC,Off-Peak,0.65,56.505,67.064,11.151,19.452,0.802,81.108,51.413,6.239,1.435,Medium
Compute,Liquid,APAC,Off-Peak,0.807,62.785,53.339,23.072,15.411,0.852,71.264,44.52,5.388,1.314,High
GPU,Hybrid,EU,Night,0.7,61.567,68.412,8.602,37.663,0.678,117.981,27.16,20.915,1.515,Low
Compute,Air,NA,Peak,0.386,32.817,50.052,10.779,29.42,0.77,53.781,23.453,6.371,1.567,Low
Compute,Hybrid,NA,Night,0.226,19.736,82.393,5.118,18.416,0.875,56.103,19.68,6.932,1.567,Low
Storage,Air,APAC,Night,0.815,60.741,70.696,29.188,21.958,0.93,108.204,60.88,9.665,1.527,Medium
Compute,Air,NA,Peak,0.392,31.777,44.879,8.124,28.209,0.889,200.313,80.125,24.038,1.84,Low
Compute,Hybrid,NA,Peak,0.12,30.993,47.693,3.737,20.852,0.926,59.024,24.159,6.402,1.457,Medium
Storage,Hybrid,EU,Night,0.614,46.054,61.269,24.238,18.76,0.841,70.29,16.331,11.728,1.616,Low
Storage,Liquid,EU,Off-Peak,0.322,40.957,40.323,7.527,21.686,0.949,58.471,14.372,10.682,1.502,Medium
Storage,Air,EU,Peak,0.857,74.544,73.03,10.881,28.021,0.766,88.217,21.57,15.789,1.597,Low
Edge,Air,EU,Off-Peak,0.229,25.844,78.241,16.879,25.352,0.877,58.788,14.46,11.518,1.755,Low
Storage,Air,EU,Off-Peak,0.491,36.428,40.432,12.142,20.29,0.857,59.819,16.821,11.33,1.391,Medium
GPU,Hybrid,APAC,Off-Peak,0.328,27.697,67.72,9.073,23.181,0.917,94.149,56.638,7.896,1.621,Low
Compute,Air,NA,Night,0.721,0.287,33.55,25.913,17.65,0.862,111.021,46.695,13.474,1.445,Medium
Storage,Hybrid,NA,Night,0.594,46.383,78.206,12.73,23.745,0.852,84.018,33.223,9.654,1.702,Low
GPU,Air,EU,Night,0.812,65.465,55.744,16.736,16.302,0.78,130.381,30.344,23.241,1.469,Medium
Storage,Hybrid,ME,Peak,0.513,36.328,86.623,6.219,24.359,0.825,55.184,28.776,2.278,1.539,Low
GPU,Hybrid,NA,Off-Peak,0.104,19.992,71.986,11.604,19.869,0.862,88.538,38.109,10.6,1.547,Medium
Compute,Air,NA,Peak,0.294,33.898,68.039,6.853,25.533,0.858,71.711,29.378,8.639,1.558,Low
Compute,Air,EU,Peak,0.999,72.376,72.378,16.269,20.715,0.821,71.766,18.595,12.911,1.41,Medium
Storage,Hybrid,EU,Night,0.465,36.478,50.318,21.74,16.12,0.751,44.873,8.197,8.555,1.417,Medium
Compute,Liquid,ME,Off-Peak,0.658,57.155,72.815,12.09,20.703,0.884,71.33,34.175,4.079,1.574,Low
GPU,Liquid,APAC,Night,0.914,72.813,74.158,22.15,17.782,0.939,107.935,65.742,8.57,1.318,High
Compute,Liquid,EU,Peak,0.118,16.395,63.362,2.191,23.805,0.88,61.133,18.863,10.759,1.603,Low
Edge,Air,EU,Night,0.694,59.44,54.799,12.966,21.099,0.915,80.503,22.579,13.857,1.415,Medium
Edge,Hybrid,NA,Peak,0.36,29.284,84.046,7.4,15.0,0.927,49.181,19.94,5.796,1.071,High
Compute,Air,EU,Peak,0.351,29.98,87.004,15.965,27.463,0.775,62.919,13.606,11.014,1.549,Low
Compute,Hybrid,APAC,Off-Peak,0.302,24.444,54.846,4.967,23.351,0.943,72.969,48.47,6.56,1.383,High
GPU,Air,NA,Peak,0.84,65.192,72.044,16.115,30.507,0.81,118.774,44.793,13.753,1.82,Low
Edge,Liquid,NA,Off-Peak,0.436,40.463,64.921,11.308,18.886,1.0,44.298,19.688,6.398,1.332,High
Storage,Air,ME,Night,0.16,16.812,60.549,16.837,15.633,0.977,60.423,32.912,2.808,1.303,High
Compute,Air,EU,Off-Peak,0.187,20.45,46.432,24.368,20.848,0.988,62.969,19.612,11.705,1.408,High
Storage,Air,EU,Peak,0.234,19.788,68.326,26.73,27.816,0.76,30.21,12.179,5.244,1.584,Low
Storage,Liquid,NA,Peak,0.909,66.869,55.942,20.381,21.503,0.969,68.463,28.277,8.861,1.264,High
Compute,Liquid,EU,Off-Peak,0.485,42.842,68.902,6.235,23.149,0.831,69.761,18.162,12.244,1.559,Low
GPU,Hybrid,APAC,Off-Peak,0.924,74.783,42.253,12.062,24.8,0.841,128.697,73.974,10.564,1.489,Medium
Compute,Air,NA,Off-Peak,0.836,69.867,81.792,10.35,19.735,0.879,108.793,45.206,12.237,1.286,High
Compute,Liquid,EU,Peak,0.854,66.859,76.054,14.304,18.747,0.82,111.824,27.696,19.684,1.369,Medium
Compute,Liquid,NA,Off-Peak,0.358,33.788,52.426,26.643,15.994,0.978,53.384,23.043,5.871,1.122,High
Compute,Air,EU,Peak,0.344,36.56,68.609,14.571,26.087,0.889,69.352,19.267,12.42,1.56,Medium
Compute,Air,ME,Off-Peak,0.604,44.239,91.882,11.015,18.198,0.783,72.458,36.671,2.903,1.368,Medium
Storage,Air,EU,Off-Peak,0.476,46.06,89.7,18.446,21.973,0.752,55.614,10.865,10.632,1.727,Low
Compute,Air,ME,Peak,0.558,43.732,75.778,8.36,25.945,0.747,73.533,41.112,3.586,1.752,Low
Compute,Air,ME,Night,0.148,18.759,66.391,2.428,26.528,0.803,63.377,30.622,2.804,1.396,Medium
Compute,Liquid,ME,Off-Peak,0.974,79.756,92.45,14.462,19.41,1.0,77.622,38.282,2.99,1.635,Low
Edge,Air,APAC,Off-Peak,0.152,16.833,72.703,8.146,20.263,0.855,31.7,20.814,2.442,1.542,Medium
Storage,Liquid,NA,Off-Peak,0.261,28.572,46.502,13.916,15.0,1.0,63.026,24.544,8.007,1.219,High
Storage,Hybrid,ME,Night,0.71,58.925,75.759,12.435,21.291,0.87,99.78,49.857,5.059,1.554,Medium
Storage,Liquid,NA,Off-Peak,0.24,24.656,55.198,18.085,21.418,0.703,65.598,25.03,7.407,1.53,Low
Edge,Liquid,NA,Peak,0.196,27.052,88.333,9.367,19.909,1.0,87.456,36.146,10.669,1.514,Medium
Compute,Air,NA,Peak,0.238,17.974,70.994,13.621,22.95,0.809,56.444,23.011,6.472,1.339,High
Storage,Hybrid,NA,Peak,0.156,19.819,54.668,5.79,20.728,0.862,40.557,20.237,4.118,1.567,Low
GPU,Air,EU,Peak,0.326,35.16,58.712,12.358,26.659,0.848,91.68,24.502,16.566,1.429,Medium
Storage,Liquid,EU,Night,0.344,37.566,38.612,10.325,16.597,0.925,50.366,12.366,9.062,1.753,Low
Compute,Hybrid,NA,Off-Peak,0.549,43.684,68.583,16.07,21.836,0.87,64.899,25.054,7.805,1.595,Low
Storage,Liquid,EU,Night,0.495,42.585,56.056,6.946,18.342,1.0,46.117,13.436,8.594,1.43,High
Compute,Liquid,EU,Peak,0.526,43.941,68.864,8.243,21.32,0.967,86.849,17.184,15.163,1.336,High
Storage,Air,APAC,Off-Peak,0.654,54.606,98.0,12.122,27.34,0.894,51.989,28.645,3.955,1.605,Low
GPU,Air,NA,Night,0.308,43.795,60.739,15.179,24.915,0.989,218.444,87.378,26.213,1.262,High
Compute,Liquid,NA,Peak,0.221,29.507,37.525,8.729,21.512,0.971,228.777,91.511,27.453,1.283,High
GPU,Air,NA,Off-Peak,0.891,71.186,66.765,13.915,26.881,0.91,140.746,55.094,17.27,1.575,Medium
Compute,Liquid,NA,Night,0.671,52.189,67.894,30.732,34.844,1.0,79.698,28.618,9.628,1.379,High
GPU,Air,EU,Night,0.155,19.741,52.963,14.901,26.42,0.966,96.689,22.626,16.823,1.699,Low
Storage,Hybrid,EU,Night,0.965,83.048,78.198,25.873,20.613,0.74,91.952,24.407,16.396,1.158,High
Compute,Air,NA,Night,0.724,57.027,68.968,15.932,15.0,0.803,70.844,30.963,8.763,1.453,Medium
Compute,Liquid,NA,Off-Peak,0.237,19.568,66.646,7.392,21.516,0.937,60.309,23.707,7.002,1.494,Medium
Edge,Liquid,NA,Peak,0.972,80.16,78.521,24.897,21.947,0.959,73.373,32.156,8.182,1.345,High
Compute,Air,ME,Off-Peak,0.429,44.679,87.966,15.892,23.49,0.701,67.672,33.55,2.551,1.793,Low
Compute,Air,NA,Night,0.986,76.843,85.572,13.412,17.313,0.882,80.874,35.935,10.027,1.269,High
Compute,Air,APAC,Off-Peak,0.193,23.945,76.516,35.549,23.782,0.822,80.965,48.911,6.227,1.655,Low
Storage,Air,APAC,Peak,0.244,33.477,48.934,12.832,29.955,0.908,49.186,27.536,4.372,1.637,Low
Storage,Air,NA,Off-Peak,0.692,56.335,79.387,12.349,23.421,0.942,63.153,25.274,8.476,1.454,Medium
Compute,Air,ME,Off-Peak,0.12,15.006,68.247,11.902,22.231,0.861,60.119,28.757,2.63,1.524,Medium
Compute,Liquid,APAC,Peak,0.117,16.714,41.434,8.468,16.888,0.86,50.236,29.731,4.702,1.367,High
Compute,Air,EU,Off-Peak,0.813,66.411,63.388,14.703,21.261,0.863,97.226,23.082,17.135,1.398,Medium
Compute,Hybrid,EU,Off-Peak,0.251,32.588,63.848,13.913,21.696,0.782,122.082,31.795,21.275,1.521,Low
Storage,Liquid,EU,Off-Peak,0.927,68.234,77.12,15.9,20.98,0.83,69.618,18.926,11.953,1.565,Low
GPU,Air,NA,Peak,0.483,47.462,70.541,23.71,22.358,0.683,131.022,49.703,16.209,1.639,Low
Compute,Air,NA,Peak,0.886,75.707,72.101,15.802,23.187,0.814,110.466,42.242,14.895,1.401,Medium
Compute,Hybrid,APAC,Off-Peak,0.476,43.043,69.014,10.398,20.166,0.807,80.15,50.338,6.281,1.354,High
Compute,Air,APAC,Off-Peak,0.577,52.243,63.103,6.917,20.604,0.882,99.344,60.14,8.367,1.648,Low
Edge,Liquid,NA,Peak,0.385,38.393,62.907,12.194,23.015,0.988,50.875,18.686,7.153,1.549,Medium
Edge,Liquid,APAC,Peak,0.692,51.201,82.129,32.968,21.766,0.777,71.167,41.72,6.013,1.576,Low
GPU,Air,APAC,Peak,0.386,43.537,57.388,14.576,22.552,0.846,114.342,68.122,9.735,1.463,Medium
Compute,Hybrid,NA,Off-Peak,0.301,23.668,74.323,3.903,20.851,0.701,77.575,32.593,9.56,1.473,Medium
Compute,Air,EU,Night,0.173,30.868,65.055,17.002,23.655,0.753,80.737,17.829,14.183,1.717,Low
Compute,Air,EU,Off-Peak,0.152,18.409,80.396,9.601,24.265,0.918,63.97,17.597,12.339,1.505,Medium
Compute,Hybrid,APAC,Night,0.375,37.379,67.171,31.121,15.0,0.771,69.956,43.054,5.922,1.281,High
Storage,Liquid,APAC,Off-Peak,0.763,0.711,81.469,8.801,20.69,0.883,83.013,47.653,7.091,1.626,Low
GPU,Hybrid,NA,Off-Peak,0.285,26.094,5.147,7.657,21.523,0.948,101.716,38.537,12.313,1.256,High
GPU,Liquid,EU,Peak,0.369,37.06,46.684,14.779,20.789,0.864,141.338,34.535,25.865,1.397,Medium
GPU,Liquid,APAC,Off-Peak,0.915,77.023,77.574,10.198,19.629,0.935,122.539,72.949,10.271,1.222,High
Compute,Hybrid,APAC,Off-Peak,0.675,53.591,82.833,18.596,22.932,0.623,65.983,38.727,5.24,1.748,Low
Storage,Air,NA,Off-Peak,0.928,68.407,79.333,20.16,24.262,0.654,72.239,28.239,8.4,1.66,Low
Compute,Liquid,EU,Off-Peak,0.92,74.105,67.605,31.147,21.968,0.832,93.89,19.696,16.725,1.399,Medium
Compute,Liquid,APAC,Peak,0.157,13.588,42.114,29.864,22.161,1.0,53.809,33.028,3.975,1.361,High
GPU,Air,NA,Peak,0.96,76.899,70.675,22.527,32.39,0.722,105.141,44.162,13.341,1.675,Low
Compute,Liquid,EU,Night,0.146,22.529,65.755,10.311,18.638,1.0,56.234,14.375,9.039,1.491,Medium
Storage,Air,APAC,Peak,0.933,77.834,78.628,15.886,24.272,0.851,92.642,55.152,8.135,1.795,Low
Compute,Liquid,NA,Peak,0.592,47.126,80.038,8.643,18.539,1.0,53.278,24.766,5.453,1.563,Medium
Storage,Liquid,APAC,Night,0.58,45.254,64.555,22.48,19.579,0.731,222.67,133.602,17.814,1.484,Medium
GPU,Hybrid,NA,Off-Peak,0.742,54.015,71.802,12.862,20.36,0.738,124.928,50.56,15.509,1.546,Low
Compute,Air,NA,Peak,0.891,67.373,49.915,30.807,25.835,0.802,88.369,33.65,11.137,1.527,Low
GPU,Liquid,NA,Peak,0.655,62.867,57.137,9.491,20.78,0.939,97.738,37.362,11.531,1.309,High
Compute,Air,NA,Peak,0.483,39.781,83.58,12.97,24.601,0.684,54.887,23.934,6.871,1.693,Low
Storage,Liquid,NA,Off-Peak,0.201,19.151,69.107,28.755,15.0,0.998,52.14,19.108,5.924,1.226,High
GPU,Liquid,EU,Off-Peak,0.81,61.43,86.098,12.849,20.599,0.859,104.131,28.24,18.875,1.478,Medium
Storage,Liquid,NA,Peak,0.215,26.064,52.466,11.85,21.627,1.0,47.814,19.22,5.781,1.3,High
Edge,Hybrid,ME,Night,0.754,70.643,93.968,21.144,15.717,0.777,85.904,42.747,5.062,1.223,High
Compute,Hybrid,EU,Peak,0.575,55.179,71.387,9.23,26.127,0.82,101.918,24.179,17.884,1.437,Medium
Storage,Air,EU,Peak,0.447,35.043,53.749,16.072,20.051,0.842,90.709,22.525,16.202,1.186,High
Storage,Air,EU,Night,0.652,65.423,74.382,30.992,22.339,0.735,122.419,30.026,21.886,1.414,Medium
Edge,Liquid,EU,Peak,0.795,60.554,82.457,28.362,22.56,0.944,73.323,17.449,12.276,1.525,Medium
Compute,Air,EU,Night,0.947,74.387,82.137,22.063,21.226,0.731,80.018,20.779,14.477,1.42,Medium
GPU,Air,NA,Off-Peak,0.338,36.506,51.206,8.419,31.543,0.933,106.674,41.944,13.2,1.49,Medium
Storage,Liquid,APAC,Peak,0.952,83.999,74.537,37.122,29.539,0.935,85.372,49.81,6.307,1.333,High
Compute,Air,EU,Off-Peak,0.965,79.618,89.963,18.685,20.186,0.638,105.55,25.958,19.36,1.634,Low
Storage,Air,NA,Off-Peak,0.832,71.052,65.464,19.531,20.776,0.841,73.917,27.037,8.689,1.717,Low
Compute,Hybrid,EU,Night,0.893,72.453,74.675,19.316,19.941,0.915,103.761,25.856,19.231,1.576,Medium
Storage,Air,EU,Off-Peak,0.723,63.972,54.111,14.164,20.723,0.768,78.554,19.768,13.614,1.7,Low
GPU,Air,NA,Off-Peak,0.135,20.953,71.568,25.936,24.877,0.852,92.244,34.662,11.314,1.543,Medium
Storage,Air,APAC,Peak,0.618,51.994,58.765,20.199,33.276,0.967,91.167,53.301,7.365,1.434,High
Storage,Hybrid,EU,Off-Peak,0.772,56.352,97.103,8.249,21.543,0.735,67.604,15.434,12.426,1.609,Low
Storage,Hybrid,EU,Peak,0.948,71.402,86.835,14.551,24.67,0.712,83.135,21.267,15.668,1.597,Low
Compute,Liquid,EU,Peak,0.613,46.447,66.019,21.904,17.041,1.0,74.953,18.781,12.966,1.358,High
Compute,Air,ME,Night,0.815,69.152,42.022,22.015,18.723,0.617,186.294,93.147,9.315,1.416,Medium
Storage,Hybrid,NA,Peak,0.735,57.206,68.953,14.138,16.963,0.971,81.051,32.682,9.368,1.367,High
Compute,Liquid,EU,Peak,0.353,29.699,27.179,5.366,20.198,0.92,54.229,14.218,9.34,1.202,High
Compute,Hybrid,NA,Off-Peak,0.239,30.834,52.421,9.517,24.819,0.958,89.207,37.248,10.579,1.408,High
Storage,Liquid,APAC,Night,0.776,63.795,98.0,14.141,15.0,0.922,78.01,48.018,6.112,1.229,High
Compute,Air,NA,Peak,0.31,0.218,58.491,9.082,26.702,0.785,58.23,26.283,6.984,1.601,Low
Compute,Air,NA,Peak,0.32,27.804,52.287,7.779,24.414,0.744,75.838,33.447,9.136,1.525,Low
Storage,Air,APAC,Peak,0.68,50.78,62.678,8.559,25.647,0.941,68.278,42.195,6.148,1.361,High
Compute,Air,EU,Peak,0.81,62.414,77.376,11.543,31.386,0.977,85.541,18.147,15.779,1.534,Medium
Edge,Liquid,NA,Off-Peak,0.624,58.316,69.049,12.305,22.517,0.709,59.557,25.625,6.456,1.816,Low
GPU,Hybrid,EU,Off-Peak,0.896,66.835,98.0,21.298,20.405,0.928,114.975,25.792,21.008,1.236,High
GPU,Liquid,APAC,Off-Peak,0.29,27.457,67.676,13.557,17.881,0.957,107.277,65.281,9.023,1.261,High
Compute,Air,NA,Off-Peak,0.327,38.953,64.528,13.934,20.802,0.901,93.12,37.942,11.413,1.363,High
GPU,Air,NA,Night,0.673,62.298,66.861,21.084,26.636,0.955,134.736,54.072,16.311,1.84,Low
GPU,Air,ME,Off-Peak,0.846,64.967,70.128,10.367,25.291,0.759,103.483,50.889,5.442,1.57,Low
GPU,Air,EU,Night,0.585,46.345,91.262,16.086,24.019,0.888,93.859,24.544,16.576,1.728,Low
Compute,Air,NA,Off-Peak,0.109,11.341,67.857,17.48,21.208,0.931,75.997,27.242,8.804,1.34,High
Storage,Liquid,APAC,Off-Peak,0.709,57.682,49.752,17.907,19.588,0.699,84.423,51.178,6.33,1.42,Medium
GPU,Air,EU,Off-Peak,0.832,67.696,82.985,21.936,23.011,0.789,151.381,35.168,26.1,1.698,Low
Storage,Hybrid,NA,Off-Peak,0.349,37.863,77.103,13.065,17.319,0.777,77.998,34.231,9.067,1.084,High
Storage,Air,NA,Night,0.149,21.926,88.659,13.278,17.623,0.845,74.911,27.857,8.382,1.245,High
Storage,Hybrid,NA,Peak,0.566,52.049,67.311,15.763,19.01,0.771,57.968,21.295,6.64,1.597,Low
Storage,Liquid,APAC,Off-Peak,0.138,16.262,53.916,11.833,18.839,1.0,42.339,27.378,2.931,2.47,Medium
Compute,Air,NA,Off-Peak,0.474,35.739,81.76,11.539,18.726,0.914,78.11,30.127,9.355,1.293,High
Storage,Liquid,NA,Off-Peak,0.116,21.243,54.932,8.235,24.53,0.973,52.358,21.058,6.69,1.646,Low
Compute,Liquid,APAC,Off-Peak,0.302,23.644,70.221,18.043,23.842,0.802,60.629,33.843,4.575,1.666,Low
Storage,Liquid,NA,Off-Peak,0.45,41.261,94.478,15.623,16.671,0.72,156.413,64.17,19.394,1.775,Low
Compute,Liquid,EU,Peak,0.201,17.088,63.535,20.353,17.105,0.938,58.245,13.016,10.251,1.535,Medium
Storage,Air,NA,Night,0.203,20.652,69.975,5.663,21.574,0.885,49.383,17.672,4.922,1.39,High
Compute,Liquid,EU,Peak,0.844,72.165,68.682,24.425,21.483,0.892,87.612,17.343,15.827,1.526,Medium
Storage,Hybrid,NA,Off-Peak,0.137,19.317,33.088,11.676,20.206,0.897,44.849,16.063,4.786,1.187,High
GPU,Air,NA,Peak,0.72,56.034,84.281,12.617,27.28,0.794,113.406,46.057,13.884,1.651,Low
Compute,Air,EU,Peak,0.833,66.09,79.662,17.114,22.441,0.709,127.699,29.239,23.244,1.331,Medium
Compute,Hybrid,EU,Peak,0.218,20.012,74.169,8.319,23.318,0.799,54.875,15.613,10.04,1.403,Medium
Compute,Air,EU,Off-Peak,0.276,21.195,46.346,11.165,20.411,0.821,68.985,17.317,12.838,1.86,Low
GPU,Liquid,EU,Peak,0.677,50.795,55.781,24.136,18.167,0.837,111.659,29.652,19.714,1.523,Medium
Storage,Liquid,EU,Peak,0.384,29.302,69.295,6.548,22.816,0.96,51.612,10.133,9.061,1.33,High
Storage,Liquid,EU,Peak,0.529,43.098,65.664,10.475,21.292,0.928,56.471,13.658,8.826,1.43,Medium
Compute,Air,EU,Peak,0.852,72.609,53.924,10.1,29.581,0.959,118.504,31.81,21.549,1.336,High
Storage,Air,EU,Peak,0.224,19.567,43.994,10.434,20.625,0.76,51.265,8.993,9.363,1.338,Medium
GPU,Air,EU,Peak,0.658,55.885,64.398,16.796,20.962,0.861,108.025,28.456,19.155,1.274,High
GPU,Liquid,EU,Off-Peak,0.948,80.997,66.492,9.973,22.778,0.953,191.68,47.926,33.681,1.059,High
Storage,Liquid,NA,Off-Peak,0.152,18.709,40.633,16.034,17.154,1.0,46.438,19.575,4.891,1.325,High
Compute,Liquid,NA,Off-Peak,0.154,13.467,45.454,4.243,19.319,0.869,90.989,34.437,10.345,1.51,Medium
Compute,Liquid,NA,Night,0.599,43.338,65.96,23.708,17.944,0.955,78.741,29.849,10.227,1.614,Low
Compute,Air,ME,Off-Peak,0.964,71.615,75.473,15.65,21.824,0.968,95.828,46.848,3.99,1.419,High
Compute,Air,APAC,Night,0.298,35.59,44.013,7.088,20.13,0.677,80.677,50.712,7.516,1.353,Medium
Compute,Hybrid,EU,Peak,0.398,35.393,75.355,17.166,23.381,0.776,77.781,21.646,13.448,1.571,Low
Compute,Air,NA,Off-Peak,0.189,25.319,65.953,7.325,20.544,0.937,65.694,28.236,6.864,1.254,High
Compute,Air,NA,Peak,0.426,43.887,65.592,11.473,24.358,0.57,81.291,29.271,9.124,1.468,Low
Edge,Air,APAC,Off-Peak,0.14,16.558,74.478,4.271,25.791,0.827,206.893,124.136,16.551,1.731,Low
Storage,Air,APAC,Off-Peak,0.45,36.849,73.31,11.855,22.449,0.83,46.527,25.714,3.884,1.593,Low
GPU,Air,NA,Peak,0.6,53.884,42.062,13.492,21.512,0.769,144.123,56.531,16.958,1.309,High
GPU,Hybrid,APAC,Off-Peak,0.978,82.176,52.67,15.908,22.899,0.941,127.844,79.488,10.001,1.625,Low
Compute,Hybrid,EU,Off-Peak,0.837,59.73,84.36,18.393,23.001,0.692,88.463,20.668,16.103,1.521,Low
GPU,Hybrid,NA,Peak,0.84,64.462,56.904,27.71,21.653,0.947,122.496,48.071,15.12,1.433,Medium
Compute,Hybrid,APAC,Off-Peak,0.305,25.145,68.75,14.466,15.0,0.922,73.312,42.097,6.391,1.501,Medium
Storage,Hybrid,EU,Off-Peak,0.179,20.105,64.571,7.644,21.642,0.709,54.82,12.266,9.568,1.95,Low
Compute,Liquid,APAC,Peak,0.643,47.049,65.006,8.716,27.899,1.0,60.083,37.557,3.873,1.6,Medium
Edge,Air,NA,Peak,0.569,45.995,48.444,11.635,27.342,0.824,45.889,20.272,5.887,1.452,Medium
Compute,Liquid,NA,Night,0.565,46.425,66.812,9.869,15.0,1.0,72.226,31.226,8.291,1.268,High
Compute,Air,NA,Night,0.198,18.813,41.861,13.736,15.188,0.936,50.305,18.709,6.859,1.44,Medium
Edge,Air,NA,Peak,0.544,43.428,76.546,12.386,22.68,0.894,79.636,35.701,10.251,1.233,High
Compute,Air,EU,Night,0.235,19.741,81.594,5.537,22.914,0.725,74.108,19.714,12.734,1.579,Low
Storage,Liquid,NA,Peak,0.48,35.894,59.423,12.298,19.894,0.906,70.908,27.903,8.651,1.256,High
GPU,Air,EU,Night,0.156,32.804,61.58,10.047,24.178,0.929,102.937,26.391,17.48,1.466,Medium
GPU,Air,NA,Off-Peak,0.871,74.074,89.116,22.687,19.823,0.724,121.378,47.972,14.977,1.5,Low
Edge,Air,APAC,Night,0.112,9.18,52.922,6.547,17.869,0.977,46.406,27.258,1.937,1.422,High
Edge,Hybrid,EU,Off-Peak,0.945,71.595,64.232,11.827,18.531,0.775,89.953,25.793,16.596,1.467,Medium
Compute,Liquid,EU,Peak,0.877,63.155,81.732,28.331,22.915,0.991,76.511,17.298,14.473,1.176,High
GPU,Hybrid,NA,Peak,0.777,61.785,48.726,18.174,22.645,0.879,107.514,42.493,12.159,1.643,Low
Storage,Air,NA,Off-Peak,0.984,79.879,49.913,16.571,21.382,0.853,74.75,30.065,9.092,1.351,High
Storage,Air,NA,Peak,0.148,12.943,32.802,5.63,27.386,0.9,41.368,18.115,3.785,1.705,Low
Compute,Liquid,NA,Off-Peak,0.677,64.036,65.17,29.88,22.79,1.0,86.721,38.701,10.356,1.426,High
Storage,Air,NA,Night,0.864,74.607,73.403,14.903,16.166,0.909,100.775,39.246,11.674,1.466,Medium
Edge,Liquid,NA,Peak,0.214,23.204,50.023,5.514,24.097,0.804,48.588,19.636,5.899,1.775,Low
Edge,Liquid,EU,Off-Peak,0.626,56.799,50.624,16.632,18.397,0.928,110.797,26.456,20.022,1.269,High
Storage,Liquid,ME,Peak,0.455,42.414,68.558,14.752,24.332,0.984,69.228,31.747,3.409,1.538,Medium
Compute,Hybrid,NA,Off-Peak,0.492,53.826,52.493,18.326,21.446,0.828,75.143,30.068,9.022,1.753,Low
Compute,Air,APAC,Peak,0.921,68.119,81.568,17.463,27.532,0.885,120.0,73.52,8.349,1.488,Medium
GPU,Air,NA,Peak,0.585,54.961,86.142,11.918,21.651,0.817,111.548,45.437,13.129,1.307,High
GPU,Liquid,EU,Night,0.184,21.917,77.94,10.36,15.0,0.95,106.438,24.716,18.211,1.248,High
Storage,Air,EU,Night,0.943,71.952,80.015,30.4,20.402,0.714,67.221,17.479,13.152,1.444,Medium
Compute,Air,ME,Off-Peak,0.267,25.068,63.587,14.534,18.364,0.811,63.25,31.081,3.156,1.217,High
Storage,Air,NA,Off-Peak,0.903,71.866,67.536,10.258,19.581,0.942,83.553,31.648,9.833,1.31,High
Storage,Air,NA,Off-Peak,0.974,68.753,78.878,18.767,26.167,0.861,69.242,29.113,8.531,1.683,Low
Edge,Air,NA,Off-Peak,0.89,64.664,84.637,21.107,18.564,0.757,65.348,27.994,8.606,1.448,Medium
Storage,Air,EU,Peak,0.709,58.973,85.282,8.824,22.229,0.601,70.304,18.377,12.335,1.537,Low
Compute,Liquid,ME,Peak,0.769,60.701,91.066,31.902,20.329,0.777,92.976,44.216,3.485,1.699,Low
Storage,Liquid,APAC,Peak,0.73,58.735,63.936,21.571,21.12,1.0,51.764,33.937,3.437,1.343,High
Compute,Liquid,APAC,Peak,0.514,44.439,83.05,28.974,16.565,0.912,61.822,36.673,5.151,1.205,High
Edge,Liquid,EU,Peak,0.347,32.748,55.433,28.355,19.347,1.0,76.424,18.232,14.505,1.244,High
Compute,Air,APAC,Peak,0.357,0.721,72.265,24.726,25.06,0.881,85.086,53.661,7.298,1.721,Low
Storage,Air,EU,Off-Peak,0.758,64.384,68.662,10.436,24.492,0.915,68.037,14.181,12.334,1.536,Medium
Compute,Air,NA,Peak,0.663,56.338,54.5,33.233,21.915,0.767,92.365,39.693,10.584,1.503,Medium
Storage,Hybrid,APAC,Off-Peak,0.626,46.823,93.331,21.423,16.937,0.725,67.081,38.856,5.502,1.331,Medium
Storage,Liquid,NA,Off-Peak,0.687,50.175,86.862,15.649,15.4,0.958,56.238,21.173,7.348,1.217,High
GPU,Air,NA,Night,0.797,60.334,50.013,17.587,20.622,0.916,100.278,39.207,12.682,1.407,High
Compute,Air,NA,Peak,0.774,69.39,75.08,38.125,23.476,0.777,74.438,27.269,9.119,1.383,Medium
Compute,Hybrid,EU,Off-Peak,0.195,29.006,53.972,7.85,20.663,0.638,61.49,16.421,10.431,1.79,Low
Compute,Liquid,EU,Off-Peak,0.427,42.799,69.765,18.628,18.315,0.864,86.023,20.085,15.945,1.219,High
Storage,Hybrid,NA,Night,0.338,28.854,69.974,5.894,18.064,0.958,48.095,18.671,6.33,1.361,High
Compute,Air,APAC,Peak,0.584,46.95,79.195,33.981,24.245,0.812,69.13,40.618,5.167,1.378,Medium
Storage,Air,APAC,Peak,0.155,15.692,43.103,8.12,26.087,0.786,54.832,33.695,4.501,1.648,Low
GPU,Liquid,ME,Peak,0.786,66.47,42.869,19.706,24.113,0.957,124.13,56.931,6.113,1.722,Low
GPU,Liquid,EU,Peak,0.196,15.251,70.84,6.688,21.414,0.826,85.308,17.818,16.321,1.573,Low
Storage,Liquid,APAC,Off-Peak,0.344,26.501,45.66,12.311,20.471,0.945,47.854,27.051,3.437,1.259,High
Storage,Liquid,APAC,Night,0.804,74.128,65.727,32.484,15.0,0.983,66.961,40.466,5.03,1.437,High
Compute,Liquid,NA,Peak,0.146,14.698,57.382,11.167,25.223,0.957,107.365,41.886,13.178,1.814,Low
Storage,Liquid,NA,Peak,0.694,64.236,65.677,12.3,22.545,0.987,62.707,25.243,7.318,1.186,High
GPU,Air,EU,Peak,0.932,78.034,85.219,15.097,29.613,0.893,110.551,26.042,19.744,1.61,Low
Compute,Air,NA,Peak,0.656,52.383,45.085,12.967,24.252,0.79,63.651,26.992,7.25,1.47,Medium
Storage,Hybrid,NA,Night,0.741,65.37,54.121,12.937,18.26,0.666,95.33,37.52,11.121,1.643,Low
GPU,Air,EU,Night,0.813,59.136,62.881,11.195,17.005,0.926,130.443,32.964,22.19,1.604,Low
GPU,Liquid,NA,Peak,0.3,30.367,56.857,4.412,23.514,0.674,104.367,40.365,13.5,1.592,Low
Compute,Liquid,NA,Peak,0.623,55.029,45.804,12.846,16.903,1.0,72.799,28.469,8.629,1.279,High
Storage,Hybrid,EU,Night,0.378,36.047,71.996,8.192,19.585,0.9,78.498,19.558,14.479,1.377,High
Compute,Air,APAC,Peak,0.325,34.144,41.849,7.313,28.195,0.937,73.55,41.64,5.794,1.55,Medium
Compute,Air,APAC,Off-Peak,0.273,31.45,42.13,21.076,22.289,0.853,75.132,44.12,5.841,1.45,Medium
Edge,Hybrid,EU,Night,0.627,50.526,79.702,10.089,18.61,0.807,67.116,16.067,11.84,1.323,High
GPU,Hybrid,EU,Off-Peak,0.815,66.465,66.16,18.963,26.872,0.866,98.29,23.989,18.614,1.711,Low
GPU,Liquid,NA,Peak,0.888,1.117,89.052,19.888,15.0,0.954,115.353,44.961,13.617,1.252,High
Compute,Air,NA,Peak,0.486,45.666,17.321,7.869,24.448,0.808,72.319,28.65,8.586,1.59,Low
GPU,Air,NA,Night,0.436,42.268,53.39,28.157,17.74,0.905,108.71,42.371,13.051,1.302,High
Storage,Liquid,APAC,Peak,0.719,59.793,84.632,13.104,22.593,0.957,66.887,36.918,5.776,1.467,Medium
Compute,Hybrid,EU,Peak,0.802,68.935,60.833,20.276,26.782,0.691,93.745,22.555,18.489,1.773,Low
Storage,Hybrid,APAC,Off-Peak,0.328,27.808,69.887,7.794,17.572,0.782,73.361,42.488,6.192,1.485,Medium
Compute,Air,APAC,Night,0.368,37.795,51.003,14.961,22.771,0.777,48.81,28.932,3.393,1.381,Medium
GPU,Air,NA,Off-Peak,0.58,51.457,73.24,25.842,24.019,0.866,141.051,57.084,16.541,1.604,Low
Storage,Air,EU,Peak,0.5,46.16,60.216,12.863,27.437,0.907,67.278,15.156,11.576,1.3,High
Compute,Hybrid,EU,Off-Peak,0.735,67.58,98.0,27.616,19.652,0.78,78.02,18.614,14.181,1.341,High
Compute,Liquid,EU,Peak,0.554,56.257,68.368,12.784,24.39,0.837,81.339,19.367,14.397,1.551,Low
Compute,Air,EU,Peak,0.2,22.585,49.16,9.918,27.191,0.876,58.846,13.141,10.74,1.533,Medium
Compute,Air,ME,Night,0.249,28.131,45.161,12.755,20.993,0.842,56.418,30.49,4.039,1.417,Medium
Storage,Liquid,APAC,Peak,0.912,70.379,82.761,13.119,20.468,0.803,72.315,44.388,5.597,1.509,Medium
GPU,Air,ME,Peak,0.305,30.898,77.724,17.567,27.169,0.715,110.38,55.171,5.901,1.475,Medium
Compute,Hybrid,NA,Peak,0.145,34.36,44.605,13.738,24.572,0.923,74.724,24.919,10.057,1.654,Low
Compute,Liquid,NA,Off-Peak,0.758,62.478,89.676,20.86,17.85,0.948,87.147,35.013,9.344,1.535,Medium
Storage,Air,NA,Off-Peak,0.716,59.9,80.364,23.119,17.314,0.941,83.589,36.559,10.431,1.454,Medium
GPU,Air,NA,Off-Peak,0.64,50.497,68.801,12.716,17.42,0.913,149.526,55.856,18.542,1.313,High
Compute,Hybrid,EU,Off-Peak,0.552,41.013,64.856,12.757,24.507,0.701,66.194,18.56,11.793,1.683,Low
Compute,Air,EU,Off-Peak,0.973,79.122,96.709,32.556,20.738,0.892,138.777,37.239,25.432,1.568,Medium
Storage,Air,EU,Off-Peak,0.208,18.522,64.841,14.883,19.681,0.762,54.159,10.941,10.012,1.474,Medium
Compute,Hybrid,ME,Peak,0.559,51.784,68.771,10.022,22.731,0.715,75.333,40.009,4.258,1.49,Low
Compute,Hybrid,ME,Peak,0.608,1.466,56.932,15.835,23.691,0.891,63.516,30.467,3.204,1.437,Medium
GPU,Hybrid,NA,Off-Peak,0.12,17.866,56.586,11.093,18.791,0.734,87.919,35.022,9.569,1.53,Low
Storage,Air,APAC,Peak,0.471,35.624,93.94,16.376,18.73,0.918,77.314,46.472,5.75,1.287,High
Storage,Air,EU,Peak,0.805,70.592,69.448,9.459,23.918,0.857,67.579,17.254,11.675,1.387,Medium
GPU,Air,EU,Off-Peak,0.524,45.519,88.707,8.162,19.686,0.846,92.442,25.462,16.301,1.331,High
Storage,Air,APAC,Off-Peak,0.888,64.948,39.127,13.85,19.12,0.872,70.812,41.649,5.199,1.231,High
Compute,Liquid,NA,Off-Peak,0.68,54.564,60.844,37.932,21.362,0.958,107.407,44.373,12.613,1.407,High
Compute,Air,APAC,Off-Peak,0.789,63.345,82.575,14.985,18.926,0.908,84.587,49.35,6.598,1.305,High
Compute,Liquid,EU,Off-Peak,0.824,73.139,80.683,8.832,20.962,0.816,101.892,28.085,18.073,1.445,Medium
Compute,Air,APAC,Night,0.721,58.322,54.587,33.627,22.56,0.944,79.214,46.842,6.859,1.514,Medium
Storage,Air,ME,Peak,0.774,68.499,93.206,17.696,24.813,0.826,75.254,37.154,3.783,1.628,Low
GPU,Hybrid,EU,Off-Peak,0.726,57.8,98.0,8.068,24.742,0.675,92.745,22.123,16.138,1.557,Low
Edge,Air,NA,Peak,0.595,56.439,96.425,35.012,27.907,0.85,69.93,21.395,8.672,1.248,High
Storage,Air,NA,Peak,0.61,53.836,87.069,14.219,20.333,0.687,83.958,32.96,9.659,1.629,Low
Compute,Air,NA,Night,0.271,31.372,44.486,16.344,21.194,0.984,63.876,22.923,7.269,1.522,Medium
Compute,Air,NA,Peak,0.845,61.65,81.544,22.98,24.611,0.784,81.011,30.274,9.605,1.572,Low
GPU,Air,APAC,Peak,0.381,32.451,64.198,16.975,28.65,0.787,133.984,78.603,11.134,1.732,Low
Storage,Air,NA,Off-Peak,0.582,46.896,76.644,17.808,17.177,0.867,96.788,38.024,11.447,1.378,High
Storage,Liquid,ME,Peak,0.325,26.537,42.471,9.247,21.136,0.817,57.996,27.452,2.649,1.68,Low
GPU,Hybrid,APAC,Off-Peak,0.726,58.85,76.964,9.32,21.42,0.949,135.746,81.806,10.071,1.204,High
GPU,Liquid,NA,Peak,0.978,76.012,68.57,17.828,24.421,1.0,123.913,50.832,14.833,1.371,High
GPU,Air,EU,Peak,0.822,69.865,66.096,17.207,25.611,0.839,134.874,35.594,24.402,1.383,Medium
Compute,Liquid,EU,Off-Peak,0.657,55.969,68.22,27.016,20.142,1.0,112.768,26.77,20.061,1.269,High
GPU,Air,EU,Off-Peak,0.611,54.744,44.195,12.222,27.933,0.775,107.466,26.16,19.624,1.58,Low
GPU,Liquid,EU,Off-Peak,0.541,49.559,83.813,9.941,18.03,0.899,104.612,24.334,18.297,1.157,High
Compute,Liquid,NA,Off-Peak,0.284,29.424,70.152,5.434,19.191,1.0,53.405,22.369,6.514,1.507,Medium
Storage,Air,EU,Off-Peak,0.413,32.563,63.232,8.712,24.42,0.894,56.685,13.938,10.566,1.316,High
Compute,Hybrid,EU,Off-Peak,0.466,35.848,43.839,15.01,17.963,0.716,61.987,12.626,10.559,1.478,Medium
Edge,Hybrid,APAC,Peak,0.95,81.779,55.538,16.317,18.596,0.84,78.237,45.745,5.881,1.373,High
Compute,Hybrid,APAC,Peak,0.483,44.07,79.229,26.047,23.948,0.89,79.478,51.058,5.247,1.234,High
Storage,Air,NA,Peak,0.628,57.516,57.933,8.34,25.242,0.76,71.018,25.984,8.462,1.604,Low
Compute,Liquid,NA,Peak,0.93,77.513,60.0,20.569,26.527,0.76,98.91,36.441,11.559,1.516,Low
GPU,Hybrid,APAC,Peak,0.567,44.831,43.911,9.08,22.261,0.809,114.832,69.3,8.777,1.45,Medium
Compute,Air,ME,Peak,0.326,25.313,62.15,23.6,26.296,0.818,46.836,20.703,2.079,1.629,Low
Compute,Hybrid,EU,Night,0.443,40.069,50.899,7.557,15.547,0.866,68.638,14.12,12.475,1.333,High
Storage,Air,NA,Off-Peak,0.438,41.286,54.178,16.003,21.427,0.882,87.131,36.653,9.609,1.454,Medium
Edge,Air,NA,Peak,0.743,59.82,84.323,41.701,29.8,0.933,107.457,40.476,13.178,1.769,Low
Compute,Liquid,NA,Off-Peak,0.367,31.784,62.182,12.521,15.228,0.968,54.557,23.013,6.557,1.374,High
Compute,Liquid,NA,Off-Peak,0.757,56.335,47.446,9.436,20.884,1.0,98.3,36.171,11.938,1.512,Medium
GPU,Liquid,EU,Peak,0.9,74.984,65.796,24.624,24.865,1.0,123.803,28.087,21.997,1.254,High
Storage,Hybrid,EU,Off-Peak,0.402,44.867,67.207,11.626,20.518,0.617,72.944,19.541,12.711,1.336,Medium
Edge,Air,NA,Peak,0.222,21.592,65.486,19.044,21.765,0.76,33.447,9.215,3.245,1.306,High
Compute,Air,NA,Off-Peak,0.675,56.64,95.5,12.416,26.407,0.906,83.962,31.608,10.537,1.483,Medium
Storage,Hybrid,NA,Peak,0.425,48.165,73.434,10.966,25.958,0.904,70.421,26.698,9.112,1.551,Medium
Compute,Air,APAC,Off-Peak,0.581,50.326,69.392,15.866,22.91,0.846,105.837,66.466,8.826,1.05,High
Compute,Liquid,EU,Off-Peak,0.671,49.762,84.248,14.105,20.539,1.0,84.475,22.708,15.026,1.134,High
Storage,Liquid,ME,Off-Peak,0.467,42.512,75.949,15.963,17.156,1.0,58.767,30.785,3.219,1.05,High
Storage,Air,EU,Off-Peak,0.932,73.269,29.101,37.581,21.124,0.809,71.718,18.928,12.494,1.52,Medium
GPU,Air,NA,Off-Peak,0.46,40.549,53.512,36.827,23.028,0.761,114.31,47.711,13.192,1.475,Medium
Compute,Liquid,NA,Peak,0.377,32.345,60.481,19.098,20.944,0.935,107.098,41.46,13.579,1.383,High
Storage,Hybrid,EU,Off-Peak,0.897,65.136,49.253,25.129,17.0,0.957,75.972,15.396,13.544,1.373,High
Storage,Liquid,EU,Night,0.223,26.818,45.893,24.231,15.079,0.92,53.825,13.888,10.007,1.184,High
Edge,Liquid,EU,Off-Peak,0.212,31.657,72.118,5.792,15.34,1.0,52.93,16.186,9.05,1.496,Medium
Compute,Air,APAC,Night,0.942,77.767,67.616,18.803,23.509,0.788,92.506,57.351,7.136,1.64,Low
Compute,Air,APAC,Peak,0.288,22.304,68.193,18.893,26.395,0.909,62.156,38.647,5.512,1.657,Low
Compute,Air,NA,Peak,0.234,25.312,63.461,8.642,26.332,0.882,172.986,69.194,20.758,1.456,Medium
Storage,Air,APAC,Off-Peak,0.582,46.833,82.799,13.138,15.0,0.91,68.976,41.33,4.53,1.266,High
Compute,Air,EU,Peak,0.142,15.943,53.524,21.39,21.439,0.756,57.937,15.501,10.213,1.599,Low
Edge,Air,NA,Peak,0.658,49.347,85.717,17.91,25.976,0.762,93.824,36.807,11.797,1.452,Medium
Compute,Air,EU,Off-Peak,0.508,42.378,82.805,24.275,26.768,0.919,73.456,19.778,13.718,1.71,Low
GPU,Air,EU,Peak,0.676,52.975,52.564,24.197,26.188,0.782,128.431,30.467,23.48,1.346,Medium
Compute,Air,NA,Peak,0.356,32.27,68.868,6.92,27.019,0.897,72.58,28.392,8.142,1.635,Low
Storage,Liquid,EU,Night,0.915,73.215,71.253,14.454,18.663,0.837,83.854,18.219,14.095,1.568,Low
Edge,Liquid,NA,Peak,0.344,31.153,54.855,5.699,22.359,0.937,44.029,17.128,5.341,1.586,Medium
Compute,Air,NA,Peak,0.674,53.27,92.399,11.624,24.837,0.793,93.725,37.665,10.905,1.762,Low
Edge,Hybrid,NA,Peak,0.951,79.146,77.294,18.431,20.081,0.805,109.778,44.051,13.285,1.212,High
Storage,Air,NA,Night,0.461,42.282,45.257,10.378,23.623,0.731,58.054,23.094,6.916,1.388,Medium
Edge,Hybrid,NA,Off-Peak,0.245,21.252,66.086,9.56,22.811,0.922,45.91,20.526,6.287,1.332,High
Storage,Air,NA,Peak,0.162,15.606,59.493,8.791,26.23,0.876,35.654,15.264,5.25,1.398,Medium
Compute,Hybrid,APAC,Peak,0.967,79.197,61.423,28.676,23.749,0.877,89.802,55.891,7.41,1.458,Medium
Compute,Air,NA,Off-Peak,0.787,58.195,83.522,25.833,20.998,0.969,78.312,29.903,9.357,1.328,High
Compute,Liquid,EU,Peak,0.927,72.913,81.478,17.495,24.585,0.965,83.128,24.589,14.914,1.596,Medium
Compute,Air,NA,Night,0.729,58.098,45.989,20.442,15.642,0.888,71.845,28.188,8.517,1.088,High
Compute,Liquid,APAC,Off-Peak,0.408,31.515,68.571,9.555,18.293,0.789,93.643,52.78,6.704,1.316,High
Compute,Air,NA,Peak,0.211,15.055,48.686,10.426,28.422,0.951,51.762,19.768,5.552,1.679,Low
Storage,Air,NA,Night,0.936,76.484,75.772,22.236,20.643,0.861,72.787,32.196,8.198,1.272,High
GPU,Liquid,NA,Peak,0.541,42.131,54.086,8.856,20.711,1.0,98.465,38.258,11.42,1.446,High
Compute,Air,ME,Peak,0.457,37.939,71.217,8.642,22.792,0.941,112.444,57.526,4.982,1.231,High
Compute,Hybrid,EU,Peak,0.62,46.341,77.154,15.922,28.294,0.791,95.452,26.111,17.153,1.69,Low
Storage,Air,NA,Off-Peak,0.196,18.714,51.813,8.474,26.239,0.733,43.394,15.38,4.538,1.715,Low
Compute,Air,NA,Peak,0.378,33.38,53.723,14.56,31.009,0.862,74.976,29.105,9.219,1.627,Low
Compute,Liquid,NA,Peak,0.674,53.832,65.67,13.504,20.372,0.985,70.756,28.787,9.07,1.266,High
Compute,Air,NA,Peak,0.19,17.947,64.096,4.633,21.447,0.959,65.705,26.798,8.055,1.444,Medium
Edge,Air,APAC,Night,0.222,19.824,52.72,21.772,15.0,0.723,59.394,32.153,4.803,1.474,Medium
GPU,Liquid,EU,Peak,0.56,44.543,64.429,15.402,24.719,0.874,100.656,23.573,17.782,1.548,Medium
Compute,Liquid,EU,Peak,0.661,57.234,45.644,27.716,21.864,0.936,87.517,24.512,15.84,1.469,Medium
Storage,Hybrid,NA,Off-Peak,0.268,24.216,62.757,17.575,20.966,0.765,39.209,14.466,4.909,1.572,Low
Storage,Air,EU,Off-Peak,0.13,15.214,47.846,6.567,20.302,0.906,53.653,13.151,9.433,1.426,Medium
Storage,Liquid,NA,Night,0.963,77.013,78.144,13.621,19.324,1.0,108.268,44.144,12.382,1.416,High
Storage,Air,NA,Peak,0.125,14.788,64.275,19.973,24.953,0.836,34.8,15.777,4.049,1.195,High
Storage,Air,EU,Night,0.102,14.2,69.458,6.27,21.269,0.906,57.84,14.935,11.418,1.223,High
Compute,Liquid,NA,Off-Peak,0.391,36.168,60.791,9.1,15.0,0.925,63.378,25.087,7.335,1.237,High
Compute,Air,EU,Peak,0.3,27.332,51.685,11.291,28.846,0.983,60.327,14.616,10.753,1.704,Low
Storage,Air,APAC,Night,0.616,53.255,89.327,11.744,20.322,0.859,51.909,26.439,2.74,1.258,High
GPU,Air,NA,Off-Peak,0.905,68.056,88.758,29.177,22.327,0.798,139.278,55.043,16.614,1.37,Medium
Storage,Liquid,APAC,Off-Peak,0.533,42.065,63.77,12.493,19.249,0.796,110.857,68.007,9.006,1.603,Low
GPU,Hybrid,NA,Night,0.796,58.6,86.564,16.044,21.082,0.924,105.383,41.899,12.182,1.064,High
Edge,Liquid,NA,Off-Peak,0.918,69.804,82.87,13.769,18.765,0.822,80.602,32.426,8.909,1.825,Low
Compute,Air,EU,Peak,0.27,23.273,85.765,6.468,26.141,0.773,46.745,11.437,8.165,1.428,Medium
Storage,Liquid,EU,Night,0.539,49.536,76.231,9.337,15.0,0.808,127.762,32.068,22.881,1.308,High
Storage,Liquid,NA,Peak,0.678,53.952,73.883,36.592,20.585,1.0,63.539,27.402,7.182,1.41,High
Edge,Air,APAC,Off-Peak,0.399,36.273,57.295,7.35,23.588,0.921,39.243,23.04,2.863,1.35,High
Edge,Air,ME,Peak,0.766,60.329,74.734,14.696,24.178,0.811,66.512,37.376,3.278,1.38,Medium
Storage,Air,NA,Peak,0.735,63.887,57.498,11.272,28.967,0.777,56.492,25.658,7.551,1.607,Low
Compute,Air,APAC,Off-Peak,0.479,49.077,79.166,7.015,21.561,0.911,82.041,48.658,6.696,1.242,High
GPU,Hybrid,EU,Off-Peak,0.179,21.926,47.451,5.468,23.347,0.816,83.189,19.712,14.879,1.53,Medium
Compute,Air,ME,Off-Peak,0.11,11.243,66.395,23.164,22.711,0.819,72.844,36.388,2.425,1.721,Low
GPU,Air,NA,Night,0.432,45.774,61.401,15.42,22.813,0.682,104.157,39.151,12.653,1.428,Medium
Edge,Hybrid,APAC,Peak,0.174,27.111,69.273,23.715,26.367,0.842,57.553,32.873,4.327,1.571,Low
Compute,Hybrid,NA,Off-Peak,0.803,65.16,83.333,12.216,23.042,0.753,85.528,35.777,9.924,1.52,Low
Storage,Liquid,APAC,Off-Peak,0.401,39.426,71.297,14.111,16.023,0.972,58.11,33.865,4.324,1.572,Medium
Storage,Air,EU,Off-Peak,0.699,62.626,68.211,9.118,24.534,0.867,71.8,19.528,13.509,1.529,Medium
Storage,Air,NA,Off-Peak,0.412,33.646,72.44,12.771,25.092,0.829,46.66,17.886,5.867,1.317,High
Compute,Air,NA,Peak,0.816,61.223,54.358,23.71,25.109,0.816,119.204,47.613,15.212,1.522,Medium
GPU,Air,APAC,Off-Peak,0.9,72.001,94.383,16.36,22.552,0.748,107.445,63.5,7.755,1.583,Low
Edge,Air,EU,Off-Peak,0.854,63.392,86.729,19.077,25.838,0.907,71.123,17.635,13.434,1.753,Low
Edge,Liquid,NA,Peak,0.536,41.191,48.744,16.153,18.77,0.936,49.939,16.678,5.262,1.491,Medium
Compute,Air,EU,Off-Peak,0.176,24.326,80.124,7.955,21.509,0.811,77.613,20.256,13.704,1.509,Medium
GPU,Air,APAC,Peak,0.435,35.141,35.113,5.662,25.917,0.946,91.921,52.776,7.217,1.566,Medium
GPU,Air,NA,Night,0.482,43.719,74.188,24.325,23.091,0.805,94.619,39.788,11.382,1.452,Medium
Compute,Liquid,NA,Off-Peak,0.964,68.273,60.883,17.899,18.133,0.875,82.267,33.43,10.72,1.351,High
Compute,Liquid,ME,Peak,0.609,52.491,67.769,10.626,25.136,0.896,67.269,37.384,3.341,1.557,Medium
Compute,Liquid,NA,Peak,0.677,66.812,75.856,24.327,15.0,0.942,65.722,25.791,7.923,1.096,High
Edge,Air,NA,Off-Peak,0.804,75.73,88.615,15.467,21.387,0.688,78.565,30.633,8.669,1.691,Low
Storage,Air,NA,Off-Peak,0.611,49.151,68.219,11.631,21.517,0.731,63.259,25.816,7.176,1.421,Medium
GPU,Air,APAC,Night,0.639,55.587,62.839,12.755,20.961,0.921,105.277,65.776,7.938,1.337,High
Compute,Air,NA,Peak,0.321,29.801,45.277,17.121,25.294,0.842,94.126,35.794,11.183,1.589,Low
GPU,Hybrid,EU,Peak,0.153,21.824,60.787,4.193,27.834,0.92,127.472,31.977,22.626,1.709,Low
Compute,Hybrid,APAC,Night,0.749,61.626,50.808,10.49,15.0,0.812,70.173,44.75,5.191,1.44,Medium
Compute,Liquid,NA,Peak,0.864,65.918,83.493,17.837,22.243,1.0,77.997,33.719,8.949,1.245,High
Storage,Hybrid,APAC,Off-Peak,0.471,50.889,67.569,12.784,23.703,0.847,81.079,47.817,7.665,1.26,High
Compute,Liquid,EU,Peak,0.594,0.905,73.786,20.986,23.077,0.991,67.129,19.547,12.957,1.401,High
GPU,Air,EU,Off-Peak,0.377,33.82,78.131,6.601,20.574,0.917,88.504,22.196,14.386,1.322,High
Compute,Hybrid,NA,Peak,0.505,55.979,74.101,11.956,23.521,0.876,71.967,31.528,8.116,1.519,Medium
Storage,Air,EU,Off-Peak,0.288,20.975,79.966,19.955,23.278,0.633,62.42,13.278,10.59,1.665,Low
Storage,Liquid,NA,Off-Peak,0.784,0.948,61.876,28.588,18.307,1.0,66.285,28.716,7.401,1.117,High
Storage,Air,NA,Night,0.543,46.781,67.234,11.758,23.987,0.822,65.938,25.865,8.897,1.485,Medium
Compute,Air,ME,Peak,0.592,52.923,53.324,7.872,30.515,0.78,72.833,35.39,3.456,1.918,Low
Compute,Liquid,NA,Peak,0.133,26.082,37.885,10.412,19.508,1.0,64.268,25.767,6.822,1.621,Medium
Edge,Air,APAC,Peak,0.66,59.542,59.635,20.742,25.389,0.979,96.149,57.292,7.612,1.31,High
Compute,Air,NA,Night,0.282,34.005,59.7,6.538,17.226,0.753,77.489,34.706,9.941,1.22,High
GPU,Air,NA,Off-Peak,0.445,38.21,72.969,7.137,22.64,0.778,117.261,48.328,14.614,1.549,Low
Edge,Air,APAC,Off-Peak,0.471,42.79,63.376,12.001,21.197,0.725,48.518,25.812,4.077,1.754,Low
Compute,Hybrid,NA,Peak,0.504,44.295,74.995,10.885,27.269,0.935,71.102,27.959,9.023,1.417,High
Compute,Liquid,APAC,Off-Peak,0.305,22.929,92.127,5.448,23.29,1.0,75.509,50.258,6.598,1.359,High
Storage,Air,EU,Peak,0.865,65.118,57.061,17.771,22.808,0.939,89.94,22.606,16.327,1.242,High
Edge,Air,NA,Peak,0.485,38.086,73.035,7.842,24.31,0.949,39.311,14.387,4.065,1.515,Medium
Edge,Hybrid,EU,Off-Peak,0.651,50.307,55.124,12.606,18.943,0.843,102.386,24.935,18.306,1.452,Medium
Storage,Air,NA,Peak,0.653,59.502,82.19,31.481,25.698,0.966,72.13,28.517,9.514,1.511,Medium
GPU,Air,NA,Off-Peak,0.646,54.172,78.428,15.553,25.094,0.95,129.562,53.989,15.415,1.397,High
Compute,Air,APAC,Night,0.603,60.064,43.536,14.418,19.166,0.715,80.753,46.383,6.416,1.565,Low
Edge,Hybrid,NA,Night,0.84,63.974,63.341,13.708,17.517,0.797,52.162,19.714,5.68,1.071,High
Edge,Air,NA,Off-Peak,0.831,66.417,98.0,10.522,27.226,0.908,63.327,26.83,6.792,1.326,High
Compute,Air,APAC,Peak,0.475,41.025,43.281,8.898,24.484,0.603,49.483,27.902,3.612,1.409,Medium
Compute,Air,APAC,Off-Peak,0.672,52.257,48.75,9.35,20.158,0.808,68.341,43.031,4.998,1.631,Low
Compute,Air,EU,Peak,0.193,15.717,67.825,8.138,26.238,0.934,44.782,9.281,7.837,1.645,Low
Compute,Liquid,EU,Peak,0.182,30.44,58.392,16.344,18.631,1.0,58.417,16.097,10.623,1.277,High
GPU,Air,EU,Off-Peak,0.532,40.997,45.988,17.85,21.825,0.832,109.408,30.682,19.224,1.428,Medium
Compute,Air,EU,Night,0.91,70.057,84.171,31.225,20.723,0.683,70.321,13.423,12.756,1.461,Medium
Compute,Air,EU,Peak,0.685,50.591,81.828,10.214,23.587,0.821,77.518,22.776,13.986,1.646,Low
Compute,Air,ME,Peak,0.702,57.842,44.44,28.367,28.125,0.638,64.364,26.469,4.482,1.905,Low
Edge,Hybrid,NA,Off-Peak,0.242,0.397,91.254,5.803,23.551,0.943,44.303,16.1,5.765,1.55,Medium
Storage,Hybrid,EU,Peak,0.508,39.491,80.295,14.74,24.193,0.907,59.8,14.718,10.84,1.596,Low
Storage,Air,APAC,Off-Peak,0.461,40.194,69.176,16.551,21.789,0.877,61.725,39.124,4.201,1.573,Low
Compute,Air,EU,Peak,0.805,61.541,58.216,20.328,37.829,0.872,87.014,22.515,15.848,1.562,Low
Edge,Air,APAC,Peak,0.224,25.658,49.457,8.698,26.694,0.954,46.599,30.345,3.778,1.496,Medium
GPU,Liquid,NA,Off-Peak,0.585,49.908,50.848,36.447,19.089,0.984,97.193,38.287,11.416,1.249,High
Compute,Liquid,NA,Night,0.92,80.967,51.573,15.276,20.382,1.0,87.465,35.363,10.403,1.731,Low
Compute,Air,APAC,Off-Peak,0.903,74.367,76.518,27.377,23.424,0.985,96.684,56.153,7.828,1.313,High
Compute,Liquid,NA,Night,0.867,65.675,69.44,14.604,17.491,1.0,100.712,37.614,12.588,1.302,High
Compute,Liquid,APAC,Peak,0.437,38.573,77.558,17.474,20.625,1.0,74.282,42.768,5.838,1.514,Medium
Storage,Hybrid,NA,Night,0.947,71.442,82.619,21.745,19.303,0.916,72.632,31.79,8.851,1.278,High
Edge,Air,APAC,Peak,0.825,60.195,78.935,11.024,25.144,0.849,53.681,28.144,4.29,1.588,Low
Storage,Air,EU,Night,0.866,65.626,73.567,12.542,21.646,0.86,57.661,15.883,9.826,1.426,Medium
GPU,Air,NA,Off-Peak,0.939,76.165,61.504,14.421,21.415,0.932,126.349,51.321,14.816,1.364,High
Storage,Hybrid,EU,Peak,0.943,78.895,84.251,19.43,19.743,0.801,70.61,17.206,12.889,1.367,Medium
GPU,Liquid,EU,Peak,0.316,28.432,65.22,5.65,18.406,0.893,89.535,23.723,17.027,1.082,High
GPU,Liquid,NA,Off-Peak,0.215,28.625,57.206,2.643,22.262,0.982,212.099,84.84,25.452,1.706,Low
Compute,Air,EU,Peak,0.722,58.531,63.236,10.51,24.584,0.887,79.162,20.682,14.409,1.591,Low
Compute,Air,EU,Night,0.607,45.202,64.343,46.607,19.69,0.844,85.703,23.319,15.541,1.563,Low
Storage,Air,NA,Peak,0.395,31.943,47.987,11.05,27.13,0.931,48.938,21.245,5.897,1.503,Medium
Compute,Liquid,APAC,Peak,0.716,64.134,88.493,19.224,19.777,1.0,72.531,43.749,5.14,1.175,High
Compute,Air,NA,Peak,0.156,17.168,32.409,5.615,24.563,0.935,62.147,24.833,6.769,1.557,Medium
Storage,Air,NA,Peak,0.142,28.495,60.221,6.033,22.685,0.85,78.276,30.979,8.699,1.497,Medium
Edge,Liquid,EU,Off-Peak,0.419,39.914,64.272,28.025,20.62,0.969,50.829,10.037,9.556,1.415,High
Storage,Air,EU,Off-Peak,0.274,37.752,66.9,13.135,20.632,0.888,46.181,12.406,8.959,1.319,High
GPU,Air,ME,Night,0.747,58.12,62.71,13.779,16.251,0.867,109.955,57.767,5.173,1.135,High
Storage,Air,NA,Peak,0.953,74.094,77.347,24.699,28.887,0.802,87.878,34.346,11.468,1.67,Low
GPU,Hybrid,NA,Night,0.695,59.516,86.368,15.33,17.796,0.844,117.938,46.322,14.359,1.128,High
Storage,Liquid,NA,Peak,0.689,62.045,59.658,10.963,18.94,0.878,65.439,24.529,8.199,1.533,Medium
GPU,Hybrid,APAC,Night,0.106,15.312,74.59,10.138,18.977,0.963,73.125,44.611,5.969,1.205,High
Storage,Air,EU,Peak,0.561,54.816,64.62,12.833,20.148,0.878,83.201,23.716,14.152,1.66,Low
Storage,Hybrid,APAC,Off-Peak,0.835,65.595,79.238,9.799,23.525,0.883,76.561,46.63,5.688,1.168,High
Storage,Hybrid,NA,Off-Peak,0.689,55.224,49.29,14.678,17.657,0.649,69.268,28.583,8.752,1.272,High
Storage,Liquid,APAC,Peak,0.305,27.043,76.588,7.042,19.175,1.0,49.456,27.338,3.336,1.272,High
Compute,Hybrid,EU,Peak,0.864,69.07,98.0,26.971,22.061,0.99,102.953,28.376,18.833,1.699,Low
Compute,Air,ME,Off-Peak,0.968,75.729,60.141,21.601,21.504,0.913,85.095,41.082,4.878,1.382,High
Compute,Air,NA,Peak,0.351,28.251,58.613,11.951,24.203,0.745,74.049,29.729,8.85,1.5,Low
GPU,Air,EU,Off-Peak,0.286,39.19,77.311,12.729,25.306,0.893,102.297,26.973,19.376,1.587,Low
Compute,Liquid,APAC,Off-Peak,0.405,31.605,47.411,7.785,22.696,1.0,71.362,44.643,5.738,1.369,High
Compute,Liquid,EU,Off-Peak,0.157,21.54,70.558,13.889,23.583,1.0,58.707,16.488,10.794,1.516,Medium
GPU,Liquid,NA,Night,0.886,73.347,56.145,28.113,15.841,0.814,112.068,44.158,13.531,1.345,High
Compute,Air,ME,Peak,0.936,72.753,63.598,31.032,23.84,0.827,79.381,41.957,4.008,1.73,Low
Storage,Air,NA,Peak,0.67,61.727,77.796,11.828,22.917,0.823,74.104,31.395,8.782,1.288,High
Compute,Air,NA,Peak,0.788,61.495,89.995,9.439,22.417,0.95,98.767,44.882,11.274,1.272,High
Edge,Liquid,EU,Off-Peak,0.702,56.388,81.779,11.404,16.783,0.96,66.817,15.427,12.906,1.283,High
GPU,Air,EU,Night,0.44,37.436,68.864,10.543,15.0,0.921,111.795,27.405,19.55,1.303,High
GPU,Hybrid,APAC,Night,0.669,62.837,56.339,11.369,22.365,0.706,120.062,72.284,10.43,1.749,Low
Storage,Air,NA,Night,0.853,62.006,72.928,18.817,15.69,0.701,76.427,31.811,9.222,1.367,Medium
GPU,Air,EU,Night,0.829,69.089,68.552,13.364,25.02,0.676,101.678,28.763,17.786,1.557,Low
Compute,Hybrid,EU,Night,0.173,30.268,66.482,4.417,18.509,0.993,72.243,18.6,13.027,1.387,High
Compute,Air,NA,Peak,0.516,51.155,65.839,23.534,22.1,0.704,71.051,30.243,8.55,1.643,Low
Compute,Air,ME,Night,0.458,48.826,56.888,11.102,15.411,0.918,70.4,33.216,3.829,1.348,High
Storage,Air,APAC,Off-Peak,0.777,56.537,81.087,8.685,24.475,0.586,65.318,37.589,5.245,1.725,Low
Storage,Air,EU,Peak,0.551,51.952,62.398,12.186,19.959,0.841,77.869,21.707,14.431,1.508,Medium
Storage,Hybrid,NA,Peak,0.415,36.273,53.23,8.578,21.101,0.903,49.467,17.738,6.101,1.399,High
Compute,Liquid,ME,Peak,0.736,67.292,69.955,17.594,23.616,0.917,69.489,39.526,4.272,1.359,High
Storage,Air,NA,Off-Peak,0.526,43.671,54.169,11.371,22.328,0.852,50.114,20.214,5.48,1.282,High
GPU,Liquid,NA,Off-Peak,0.331,35.876,50.875,11.868,17.325,0.88,85.097,36.354,10.376,1.204,High
Storage,Air,NA,Peak,0.901,70.599,90.791,28.178,24.742,0.881,63.41,28.485,6.953,1.637,Low
GPU,Liquid,NA,Off-Peak,0.202,25.831,40.881,7.648,22.073,0.944,106.699,41.431,11.994,1.707,Low
Compute,Hybrid,APAC,Peak,0.116,11.916,80.977,4.864,21.512,0.937,52.597,30.81,4.467,1.364,High
GPU,Hybrid,EU,Night,0.23,25.649,77.756,6.833,19.315,0.879,84.698,21.988,13.712,1.409,Medium
Storage,Air,ME,Off-Peak,0.247,25.433,40.901,11.045,25.252,0.666,70.192,35.939,3.07,1.597,Low
Compute,Air,NA,Night,0.584,47.067,70.171,6.726,18.939,0.754,115.012,45.632,13.92,1.51,Low
Compute,Air,EU,Peak,0.662,56.125,73.378,33.561,23.162,0.918,87.123,23.457,15.22,1.198,High
Storage,Liquid,ME,Night,0.504,43.402,67.058,9.869,17.998,0.987,53.075,22.473,2.56,1.269,High
GPU,Liquid,APAC,Peak,0.284,22.31,58.895,20.49,21.393,1.0,93.363,51.817,7.896,1.317,High
Storage,Air,APAC,Off-Peak,0.219,20.146,53.466,8.691,26.96,0.773,37.281,19.421,3.323,1.355,Medium
Compute,Hybrid,NA,Off-Peak,0.543,44.236,54.287,13.906,19.052,0.76,70.54,29.508,8.635,1.448,Medium
GPU,Air,APAC,Off-Peak,0.609,43.716,60.325,9.285,21.586,0.942,98.712,61.111,8.031,1.55,Medium
Storage,Air,NA,Night,0.374,31.666,81.146,10.764,20.093,0.859,51.271,20.541,6.109,1.443,Medium
Storage,Air,EU,Off-Peak,0.298,38.187,84.678,17.212,19.366,0.877,57.052,15.717,9.937,1.552,Medium
Storage,Air,EU,Night,0.173,25.962,28.624,15.835,20.053,0.804,77.39,21.121,13.284,1.395,Medium
Compute,Air,EU,Peak,0.124,23.582,58.024,18.759,27.694,0.89,61.6,16.499,11.003,1.433,Medium
Storage,Liquid,APAC,Peak,0.195,16.428,59.891,21.205,18.215,0.992,54.363,31.695,4.203,1.161,High
Compute,Air,EU,Off-Peak,0.768,58.941,74.303,22.142,24.178,0.79,119.299,29.948,21.574,1.662,Low
Edge,Air,NA,Peak,0.41,33.034,58.107,13.059,24.591,0.771,81.961,33.414,10.647,1.775,Low
Storage,Liquid,EU,Night,0.125,15.224,67.652,4.176,15.0,0.955,50.607,13.606,8.87,1.068,High
Storage,Air,EU,Off-Peak,0.557,50.857,83.339,9.697,21.741,0.9,85.372,19.218,15.754,1.674,Low
Storage,Liquid,NA,Off-Peak,0.582,42.437,78.9,14.178,17.616,0.955,73.368,27.807,8.579,1.465,Medium
Edge,Air,NA,Off-Peak,0.486,44.121,29.963,13.618,22.485,0.882,62.701,26.087,7.814,1.734,Low
GPU,Liquid,NA,Off-Peak,0.2,22.032,58.53,13.316,18.729,0.817,95.654,37.928,11.475,1.647,Low
Storage,Hybrid,EU,Peak,0.779,56.919,64.791,15.33,23.586,0.886,63.582,12.843,10.495,1.227,High
GPU,Air,ME,Off-Peak,0.72,53.081,64.102,21.272,27.195,0.947,110.637,56.128,5.915,1.636,Low
Storage,Liquid,NA,Off-Peak,0.455,44.139,66.765,13.204,15.0,1.0,63.685,26.184,8.155,1.132,High
Storage,Hybrid,EU,Night,0.443,34.044,42.267,18.639,16.173,0.991,61.059,12.274,11.048,1.352,High
Compute,Liquid,APAC,Peak,0.24,21.359,89.273,13.635,23.378,0.745,43.649,26.659,3.137,1.61,Low
Storage,Air,NA,Off-Peak,0.778,76.794,98.0,25.546,25.695,0.875,75.577,31.007,8.712,1.634,Low
Compute,Air,ME,Peak,0.64,56.837,76.073,11.395,25.183,0.784,80.911,41.934,5.167,1.576,Low
Edge,Liquid,NA,Peak,0.177,14.117,53.54,8.641,18.802,0.797,69.369,32.19,8.412,1.379,Medium
Compute,Hybrid,APAC,Off-Peak,0.44,1.284,79.007,20.41,15.0,0.82,91.258,56.353,8.209,1.574,Low
Edge,Air,NA,Peak,0.913,67.637,64.84,17.215,25.826,0.873,63.853,25.906,7.551,1.454,Medium
Storage,Air,NA,Off-Peak,0.507,37.153,86.151,11.545,26.302,0.642,78.09,29.983,9.469,1.776,Low
Storage,Air,NA,Off-Peak,0.392,39.004,94.493,12.557,27.124,0.828,111.21,44.525,14.394,1.463,Medium
Storage,Air,NA,Peak,0.679,51.94,68.228,26.883,37.386,0.663,76.316,29.142,8.778,1.43,Medium
Compute,Air,APAC,Off-Peak,0.283,22.788,72.723,14.651,23.727,0.84,88.014,52.054,7.326,1.411,Medium
Compute,Air,NA,Peak,0.571,45.302,84.387,20.055,25.078,0.709,71.963,29.787,9.199,1.416,Medium
Compute,Air,EU,Night,0.703,55.742,63.466,12.449,16.713,0.817,61.037,13.617,11.104,1.159,High
Storage,Air,NA,Peak,0.869,72.545,67.96,23.095,25.668,0.741,79.598,31.775,9.699,1.709,Low
Storage,Hybrid,APAC,Peak,0.723,56.826,64.692,12.119,17.081,0.87,173.374,104.024,13.87,1.48,Medium
GPU,Air,APAC,Off-Peak,0.446,46.397,73.822,6.068,22.194,0.852,97.376,57.738,8.135,1.71,Low
Compute,Air,EU,Night,0.791,58.062,68.088,25.91,23.436,0.767,77.819,19.026,15.003,1.496,Medium
Compute,Air,NA,Night,0.909,76.139,68.093,15.503,24.291,0.722,82.121,30.951,10.543,1.868,Low
Storage,Hybrid,EU,Peak,0.53,40.884,95.969,20.672,22.604,0.795,66.912,17.378,11.861,1.483,Medium
Edge,Liquid,NA,Peak,0.104,11.29,57.367,2.938,26.701,0.903,65.724,30.427,7.851,1.635,Low
GPU,Liquid,NA,Off-Peak,0.893,73.294,67.28,13.991,17.669,0.919,125.949,50.157,14.6,1.42,Medium
Storage,Air,EU,Night,0.249,23.668,80.384,15.329,16.96,0.804,57.566,17.668,11.337,1.709,Low
Storage,Hybrid,ME,Peak,0.214,31.133,53.357,2.779,25.615,0.943,58.406,32.477,2.707,1.495,Medium
Compute,Air,APAC,Off-Peak,0.377,42.529,68.934,8.391,23.471,0.946,67.491,42.091,6.122,1.575,Medium
Edge,Air,EU,Peak,0.442,36.504,64.639,10.529,21.475,0.863,56.721,9.797,9.697,1.4,Medium
Storage,Liquid,EU,Peak,0.819,63.746,73.583,10.996,20.759,0.778,70.458,15.31,12.936,1.34,High
Compute,Hybrid,ME,Off-Peak,0.45,41.585,28.303,22.98,19.934,0.77,83.309,45.312,3.723,1.563,Low
Storage,Liquid,EU,Peak,0.144,18.597,64.499,12.802,25.378,1.0,58.409,11.804,10.985,1.514,Medium
Compute,Hybrid,EU,Peak,0.672,62.768,81.099,20.144,25.272,0.705,80.199,20.519,14.234,1.542,Low
Edge,Hybrid,ME,Peak,0.704,50.639,81.761,9.245,20.83,0.861,67.504,32.199,3.656,1.491,Medium
Compute,Air,NA,Off-Peak,0.833,71.89,98.0,13.664,23.083,0.869,84.258,35.629,10.319,1.181,High
Storage,Air,NA,Peak,0.459,38.069,51.354,13.547,23.243,0.694,50.014,21.687,5.872,1.685,Low
Compute,Air,EU,Off-Peak,0.177,18.97,44.438,5.821,27.119,0.83,60.804,14.713,11.341,1.632,Low
GPU,Hybrid,NA,Night,0.598,56.096,79.043,12.273,17.286,0.932,110.174,46.064,13.694,1.233,High
GPU,Air,NA,Peak,0.209,16.456,48.727,7.711,22.674,0.951,99.978,39.482,12.244,1.729,Low
Storage,Hybrid,EU,Off-Peak,0.115,20.755,78.933,3.353,17.81,0.871,91.055,18.331,15.916,1.334,High
Storage,Air,EU,Night,0.801,67.998,81.606,11.159,22.768,0.848,106.521,27.266,19.692,1.746,Low
GPU,Air,ME,Peak,0.463,41.139,74.146,27.883,35.692,0.918,102.449,53.976,5.425,1.858,Low
Compute,Air,NA,Peak,0.573,48.2,69.897,28.026,22.752,0.792,72.026,28.937,8.784,1.624,Low
Compute,Air,NA,Peak,0.697,57.269,67.042,16.287,22.716,0.861,104.248,43.187,12.736,1.419,Medium
Compute,Hybrid,NA,Off-Peak,0.461,1.264,75.258,17.916,27.061,0.838,68.825,30.809,7.235,1.661,Low
Edge,Air,EU,Off-Peak,0.146,24.479,70.417,3.232,26.841,0.897,39.425,13.607,7.133,1.378,High
Compute,Air,APAC,Peak,0.327,31.083,69.761,15.886,25.058,0.859,55.905,30.016,3.296,1.557,Low
GPU,Air,EU,Night,0.275,32.223,59.032,9.692,23.621,0.756,124.741,34.153,22.497,2.267,Low
Storage,Air,NA,Off-Peak,0.98,73.634,49.146,27.407,21.837,0.783,63.309,26.56,8.473,1.28,High
Compute,Air,EU,Peak,0.766,60.057,64.662,12.169,25.104,0.823,87.139,17.642,15.884,1.711,Low
Compute,Air,EU,Off-Peak,0.506,43.064,61.823,22.33,26.235,0.766,73.269,23.369,13.366,1.496,Medium
Compute,Hybrid,NA,Peak,0.157,23.756,67.703,23.995,23.258,0.966,66.585,29.22,8.465,1.433,High
Storage,Air,EU,Off-Peak,0.204,25.958,85.279,9.649,19.587,0.736,80.961,20.016,14.648,1.642,Low
Compute,Air,EU,Peak,0.832,63.515,51.669,11.086,23.026,0.845,82.874,20.912,15.102,1.622,Low
Compute,Liquid,ME,Off-Peak,0.951,84.812,67.071,18.184,19.84,0.971,94.55,47.66,4.446,1.05,High
GPU,Air,APAC,Peak,0.128,16.322,48.502,2.325,26.912,0.868,71.466,44.399,5.802,1.656,Low
Edge,Air,APAC,Off-Peak,0.919,74.355,60.627,14.793,27.233,0.888,69.853,41.196,5.689,1.437,Medium
Compute,Liquid,APAC,Peak,0.443,44.783,71.552,8.743,18.282,1.0,73.768,41.807,5.076,1.437,High
Compute,Air,APAC,Off-Peak,0.292,23.477,70.843,5.64,24.358,0.946,77.048,44.255,6.66,1.535,Medium
Compute,Liquid,ME,Peak,0.192,23.029,58.031,11.391,18.209,0.764,62.835,33.42,2.936,1.437,Medium
Storage,Air,NA,Peak,0.795,66.36,81.6,12.08,21.775,0.875,75.34,28.785,8.783,1.294,High
GPU,Liquid,EU,Peak,0.522,40.7,98.0,10.365,21.649,0.818,90.749,19.806,16.111,1.635,Low
Compute,Hybrid,APAC,Peak,0.849,71.315,81.05,9.286,19.561,0.897,104.432,64.366,7.31,1.475,Medium
Compute,Air,EU,Off-Peak,0.304,33.757,32.564,6.632,22.541,0.742,60.376,15.085,9.959,1.51,Low
GPU,Air,NA,Night,0.711,55.024,76.249,27.218,20.202,0.851,117.526,47.801,14.124,1.208,High
Storage,Air,NA,Off-Peak,0.206,29.658,66.668,16.431,20.671,0.878,64.593,26.31,7.854,1.401,Medium
Compute,Air,NA,Night,0.181,20.992,46.558,14.464,23.314,0.737,45.887,17.971,5.921,1.814,Low
Storage,Hybrid,NA,Peak,0.22,27.77,63.237,25.806,21.883,0.909,52.972,16.333,5.881,1.496,Medium
Compute,Liquid,NA,Peak,0.828,62.097,81.072,23.201,20.048,0.898,108.503,46.94,12.359,1.136,High
Compute,Air,EU,Off-Peak,0.69,55.925,70.05,20.634,20.424,0.879,83.264,22.539,15.632,1.424,Medium
GPU,Liquid,APAC,Night,0.249,27.728,79.298,8.581,23.561,0.828,91.85,55.177,7.648,1.727,Low
GPU,Air,APAC,Off-Peak,0.446,48.088,69.072,7.999,21.029,0.845,108.4,66.606,8.52,1.599,Low
Storage,Liquid,APAC,Peak,0.787,56.036,70.801,36.19,19.136,0.846,58.76,34.113,5.224,1.186,High
Edge,Liquid,APAC,Peak,0.357,36.009,40.918,15.086,22.01,1.0,56.839,34.776,5.385,1.471,Medium
Storage,Liquid,EU,Peak,0.929,73.189,52.1,16.222,21.593,0.942,70.401,17.459,12.922,1.645,Low
GPU,Air,NA,Peak,0.923,69.899,56.744,14.243,22.188,0.845,138.403,52.803,16.283,1.374,High
Storage,Liquid,NA,Off-Peak,0.598,46.657,77.377,13.876,15.0,0.935,69.657,29.083,7.268,1.324,High
GPU,Air,ME,Peak,0.669,55.568,62.116,8.483,26.811,0.882,109.095,56.252,5.474,1.632,Low
Edge,Liquid,NA,Night,0.688,61.747,53.142,9.317,15.0,0.845,81.654,34.745,9.345,1.167,High
Compute,Air,APAC,Night,0.333,31.01,59.95,14.12,22.557,0.888,54.457,30.591,3.678,1.336,High
Edge,Air,NA,Night,0.429,32.386,62.439,8.949,21.048,0.935,54.161,20.357,6.329,1.05,High
GPU,Liquid,ME,Night,0.222,32.324,47.786,15.662,36.002,0.933,122.126,56.451,6.928,1.39,High
GPU,Hybrid,EU,Peak,0.932,73.07,77.917,13.097,22.321,0.915,123.526,34.276,22.353,1.458,Medium
Compute,Air,APAC,Night,0.751,55.017,94.599,15.356,23.16,0.806,80.348,47.697,6.934,1.513,Medium
GPU,Hybrid,NA,Peak,0.142,18.166,42.785,49.312,18.883,0.687,91.689,36.649,11.753,1.213,High
GPU,Liquid,NA,Night,0.594,49.66,73.204,23.154,15.165,1.0,92.319,37.775,10.503,1.128,High
Compute,Liquid,EU,Peak,0.409,38.965,45.191,14.427,16.731,1.0,58.359,16.521,10.367,1.37,High
Edge,Hybrid,ME,Off-Peak,0.834,67.39,92.414,21.801,18.449,0.926,186.646,93.323,9.332,1.329,High
Compute,Air,EU,Peak,0.409,44.968,45.969,18.025,35.728,0.636,75.966,18.348,14.248,1.428,Medium
Compute,Hybrid,ME,Peak,0.68,54.557,40.809,8.365,24.001,0.693,72.726,32.835,3.538,1.379,Medium
Storage,Air,APAC,Night,0.249,38.563,65.302,6.304,15.0,0.94,58.218,36.124,4.263,1.05,High
Storage,Air,APAC,Night,0.603,46.346,52.67,16.994,21.801,0.928,105.16,62.202,8.389,1.288,High
Storage,Liquid,EU,Off-Peak,0.364,34.997,94.039,13.869,23.437,1.0,85.547,21.426,14.928,1.508,Medium
Compute,Hybrid,NA,Off-Peak,0.248,26.3,41.49,3.528,23.255,0.921,55.287,20.584,6.121,1.494,Medium
Edge,Hybrid,NA,Off-Peak,0.657,53.563,44.984,11.257,17.319,0.755,82.696,33.736,9.754,1.48,Medium
Compute,Liquid,ME,Peak,0.675,56.296,71.305,12.026,22.383,1.0,97.054,45.358,5.455,1.062,High
Compute,Liquid,ME,Off-Peak,0.985,82.298,41.078,18.652,22.081,1.0,113.07,54.828,5.506,1.362,High
Compute,Air,APAC,Off-Peak,0.702,57.267,46.18,8.263,22.295,0.886,81.621,51.715,5.928,1.49,Medium
Storage,Hybrid,NA,Off-Peak,0.564,56.006,51.113,19.882,25.168,0.696,78.574,33.715,9.957,1.797,Low
Edge,Air,NA,Night,0.921,73.057,57.305,22.726,21.56,0.96,70.116,26.954,9.274,1.288,High
Storage,Liquid,ME,Off-Peak,0.845,69.543,61.64,30.854,21.082,0.938,65.055,33.471,3.107,1.245,High
GPU,Liquid,NA,Off-Peak,0.594,48.529,56.697,9.201,17.164,1.0,143.279,57.792,17.38,1.558,Medium
Compute,Liquid,APAC,Night,0.56,46.663,52.395,13.833,17.997,0.99,86.994,51.587,6.542,1.404,High
Storage,Air,NA,Night,0.948,74.483,87.012,11.937,20.116,0.775,97.167,39.516,11.45,1.457,Medium
Storage,Hybrid,EU,Night,0.655,48.92,66.337,19.664,19.242,0.938,106.085,28.031,18.798,1.751,Low
Storage,Liquid,APAC,Off-Peak,0.742,56.453,70.02,8.79,20.517,0.863,74.953,42.222,4.333,1.464,Medium
Compute,Hybrid,NA,Peak,0.178,15.104,57.757,7.166,20.433,0.825,48.381,20.85,5.777,1.33,High
Storage,Air,NA,Peak,0.746,61.353,68.527,24.694,24.87,0.687,65.168,23.84,7.617,1.857,Low
Storage,Liquid,ME,Peak,0.338,27.595,63.326,7.356,27.131,0.954,53.834,25.985,3.026,1.333,High
GPU,Liquid,EU,Off-Peak,0.204,27.479,66.81,18.657,22.13,0.966,89.937,24.284,16.46,1.328,High
Storage,Liquid,APAC,Peak,0.865,67.612,88.84,19.444,22.545,0.971,69.325,38.359,6.205,1.196,High
Compute,Hybrid,APAC,Off-Peak,0.722,59.703,84.413,13.539,21.479,0.787,78.589,48.034,6.207,1.289,High
Storage,Air,NA,Night,0.467,44.802,98.0,27.125,23.865,0.743,88.568,35.82,10.061,1.673,Low
Compute,Air,NA,Night,0.488,50.9,52.684,15.113,19.457,0.778,74.689,30.014,9.006,1.385,Medium
GPU,Air,EU,Peak,0.277,27.136,50.278,6.376,27.061,0.795,105.185,26.193,19.132,1.611,Low
Storage,Air,NA,Peak,0.109,13.398,68.844,13.066,21.856,0.847,54.028,20.175,6.479,1.557,Low
Compute,Hybrid,EU,Night,0.414,31.139,49.819,11.818,17.092,0.969,64.731,12.497,11.18,1.583,Medium
Edge,Air,APAC,Off-Peak,0.234,28.86,60.127,13.544,21.969,0.796,40.352,26.144,2.554,1.59,Low
Storage,Air,NA,Night,0.48,38.902,98.0,10.045,25.404,0.981,62.831,24.636,7.674,1.409,High
Compute,Air,EU,Night,0.85,68.593,98.0,17.204,25.3,0.632,86.351,18.62,14.585,1.776,Low
Storage,Liquid,NA,Off-Peak,0.203,23.929,45.589,8.988,20.01,0.968,57.703,22.416,6.691,1.335,High
Compute,Air,NA,Peak,0.183,27.517,38.945,22.788,23.63,0.851,75.454,32.545,9.383,1.473,Medium
GPU,Air,EU,Off-Peak,0.912,78.134,42.516,14.814,21.696,0.775,106.196,22.88,19.122,1.701,Low
GPU,Air,APAC,Off-Peak,0.771,61.276,70.813,8.852,26.477,0.932,111.804,66.958,9.061,1.391,High
Edge,Air,NA,Peak,0.148,26.063,51.671,10.824,24.941,0.838,39.463,13.889,5.134,1.537,Medium
Storage,Hybrid,EU,Off-Peak,0.172,22.003,56.992,8.538,22.827,0.879,50.512,9.8,8.881,1.283,High
Storage,Air,EU,Night,0.716,55.336,64.827,7.312,22.425,0.91,99.992,26.136,17.446,1.425,Medium
GPU,Liquid,NA,Peak,0.433,33.82,58.353,15.002,27.258,0.926,129.799,52.162,15.915,1.226,High
Compute,Hybrid,EU,Night,0.752,68.573,63.194,31.795,17.17,0.904,108.135,25.836,19.39,1.256,High
Storage,Liquid,ME,Off-Peak,0.464,36.161,65.101,14.679,19.78,0.807,53.75,25.859,3.282,1.35,High
Storage,Hybrid,EU,Night,0.971,73.189,92.205,14.205,16.003,0.746,75.116,17.251,13.549,1.36,Medium
Compute,Hybrid,NA,Peak,0.725,52.179,33.416,22.665,22.321,0.716,101.045,38.273,12.033,1.461,Medium
Storage,Air,EU,Peak,0.142,25.718,52.631,10.871,25.884,0.907,61.247,15.441,9.854,1.737,Low
GPU,Liquid,EU,Peak,0.397,34.494,46.988,8.265,23.021,0.947,93.801,22.746,17.304,1.566,Medium
GPU,Air,NA,Peak,0.607,47.033,74.857,18.58,21.708,0.905,132.102,53.827,16.323,1.485,Medium
Compute,Air,NA,Peak,0.228,19.846,53.108,23.127,26.713,0.921,62.783,22.745,6.682,1.464,Medium
Compute,Hybrid,NA,Night,0.102,14.404,74.308,15.029,16.051,0.926,64.89,29.381,8.04,1.638,Low
Compute,Liquid,NA,Off-Peak,0.171,18.047,73.41,8.799,17.799,0.94,46.683,18.445,5.988,1.654,Low
GPU,Liquid,NA,Night,0.572,43.331,53.526,15.95,18.19,0.954,109.342,41.301,13.153,1.298,High
Compute,Liquid,EU,Off-Peak,0.669,52.631,72.566,20.935,15.0,0.936,69.433,17.974,12.261,1.05,High
GPU,Air,NA,Peak,0.184,19.576,75.689,12.741,23.824,0.824,97.442,38.482,11.845,1.668,Low
Compute,Hybrid,APAC,Off-Peak,0.699,54.087,64.066,13.555,22.076,0.903,81.937,50.769,6.345,1.569,Medium
Storage,Air,EU,Night,0.655,59.446,67.705,14.39,20.516,0.949,67.321,19.141,12.063,1.666,Low
Compute,Air,APAC,Off-Peak,0.946,78.48,64.119,20.633,22.511,0.931,99.17,60.637,6.626,1.379,High
GPU,Hybrid,EU,Peak,0.857,73.98,68.553,17.985,25.893,0.725,128.118,30.975,22.718,1.69,Low
Compute,Air,NA,Night,0.949,76.409,78.598,33.178,17.981,0.685,91.472,35.189,10.347,1.515,Low
Storage,Liquid,EU,Peak,0.969,73.878,83.204,11.097,17.681,1.0,74.708,16.353,14.006,2.305,High
Compute,Liquid,APAC,Off-Peak,0.497,42.761,76.208,16.0,15.909,0.837,69.822,43.751,5.33,1.296,High
GPU,Air,NA,Off-Peak,0.539,44.516,64.587,24.476,25.725,0.83,117.847,45.986,13.575,1.418,Medium
GPU,Hybrid,NA,Peak,0.353,38.574,49.654,6.115,21.606,0.93,97.499,37.801,11.993,1.151,High
Compute,Liquid,NA,Peak,0.558,45.997,60.372,18.852,24.221,1.0,98.458,35.756,11.443,1.409,High
GPU,Air,NA,Night,0.236,26.459,77.617,14.531,23.19,0.686,87.3,34.899,10.394,1.553,Low
Storage,Air,NA,Night,0.704,64.787,90.456,10.043,23.191,0.694,112.724,45.047,13.438,1.539,Low
Compute,Hybrid,NA,Off-Peak,0.122,14.616,55.353,4.712,19.081,0.824,48.717,14.782,6.11,1.504,Medium
Storage,Air,NA,Peak,0.312,38.882,65.306,9.715,23.226,0.876,63.05,25.778,6.856,1.51,Medium
Compute,Hybrid,EU,Peak,0.287,27.699,62.12,5.638,30.794,0.973,51.262,11.678,9.434,1.639,Low
GPU,Air,NA,Peak,0.944,74.464,74.75,18.795,28.827,0.628,123.603,50.548,14.967,1.561,Low
GPU,Liquid,EU,Off-Peak,0.23,23.124,25.272,9.548,24.055,0.782,85.728,21.341,15.205,1.381,Medium
Compute,Hybrid,EU,Peak,0.902,68.587,54.95,22.988,17.65,0.857,73.569,16.269,13.784,2.231,High
Storage,Air,EU,Peak,0.212,22.581,69.991,9.264,24.743,0.821,51.963,13.958,9.622,1.279,High
GPU,Liquid,NA,Off-Peak,0.686,68.521,71.469,10.166,21.902,1.0,100.2,39.207,12.655,1.307,High
Edge,Liquid,EU,Off-Peak,0.388,34.954,77.924,28.67,22.121,0.985,60.844,17.685,11.46,1.395,High
Storage,Liquid,NA,Night,0.384,30.996,60.682,7.961,20.14,0.952,48.59,19.334,6.222,1.552,Medium
Edge,Liquid,EU,Off-Peak,0.998,71.768,56.76,12.532,21.038,1.0,66.088,19.096,11.215,1.34,High
Storage,Liquid,EU,Off-Peak,0.303,22.275,59.076,10.846,20.271,0.859,58.486,17.392,11.151,1.225,High
Compute,Liquid,NA,Peak,0.282,30.135,75.646,24.871,22.601,0.81,71.822,29.357,9.258,1.428,Medium
GPU,Hybrid,NA,Off-Peak,0.63,46.533,71.631,11.476,23.408,0.861,130.469,52.312,14.922,1.593,Low
Storage,Liquid,NA,Off-Peak,0.767,60.771,45.599,34.582,18.145,0.902,99.24,38.808,11.281,1.07,High
Storage,Air,NA,Off-Peak,0.984,72.897,60.081,17.968,26.865,0.816,90.925,36.023,10.687,1.58,Low
Storage,Hybrid,NA,Off-Peak,0.731,64.119,59.739,11.34,23.915,0.812,72.648,29.991,9.141,1.437,Medium
GPU,Air,ME,Off-Peak,0.606,54.505,45.173,21.545,22.984,0.872,112.409,59.093,5.771,1.675,Low
GPU,Air,NA,Night,0.468,42.747,57.88,7.727,21.404,0.849,109.684,42.903,14.173,1.507,Medium
Storage,Air,EU,Off-Peak,0.636,50.58,81.124,14.258,22.401,0.957,89.808,25.886,16.08,1.253,High
Compute,Air,EU,Off-Peak,0.641,53.695,52.465,8.912,20.326,0.62,68.819,17.692,12.111,1.785,Low
Storage,Air,EU,Off-Peak,0.296,31.367,73.201,6.968,24.305,0.796,44.965,9.132,8.438,1.605,Low
Storage,Air,ME,Peak,0.704,57.643,76.334,24.156,29.795,0.761,71.349,38.907,3.66,1.435,Medium
Compute,Air,APAC,Off-Peak,0.284,29.299,53.144,7.538,21.261,0.887,61.91,35.52,5.661,1.419,Medium
GPU,Liquid,APAC,Night,0.541,43.699,70.825,8.363,19.828,0.933,98.682,61.116,8.072,1.518,Medium
Storage,Air,ME,Peak,0.334,25.893,54.863,23.667,28.322,0.822,73.399,33.992,4.223,1.552,Low
Compute,Air,NA,Peak,0.382,33.066,71.298,11.352,26.322,0.827,93.654,35.287,11.031,1.668,Low
Compute,Air,EU,Off-Peak,0.652,58.178,98.0,14.052,37.173,0.68,94.914,25.362,16.438,1.35,Medium
Compute,Air,APAC,Peak,0.158,15.493,88.193,9.911,25.906,0.698,51.871,30.732,4.104,1.308,Medium
Edge,Air,EU,Off-Peak,0.111,13.207,23.778,15.22,19.642,0.689,52.582,15.694,9.437,1.708,Low
Compute,Liquid,ME,Peak,0.218,22.034,54.037,10.686,18.231,1.0,55.061,26.817,2.704,1.38,High
Compute,Hybrid,NA,Off-Peak,0.252,28.319,52.179,13.597,23.208,0.826,55.988,24.021,7.079,1.491,Medium
Storage,Hybrid,EU,Off-Peak,0.278,25.318,70.073,11.513,22.308,0.636,66.748,16.333,12.053,1.699,Low
Compute,Hybrid,ME,Off-Peak,0.797,59.538,85.865,12.489,17.327,0.745,78.947,38.462,4.205,1.292,High
Compute,Air,NA,Peak,0.502,50.485,75.97,13.941,20.25,0.925,81.664,33.962,10.623,1.384,High
Compute,Air,APAC,Peak,0.523,43.553,71.732,11.476,29.496,0.952,107.63,61.671,7.922,1.475,Medium
Storage,Air,NA,Peak,0.68,60.31,53.801,17.965,25.624,0.853,110.325,43.754,12.871,1.797,Low
Storage,Liquid,EU,Off-Peak,0.756,60.908,90.123,19.637,17.799,0.86,84.531,24.342,14.921,1.548,Medium
Compute,Air,ME,Peak,0.103,15.328,49.54,11.173,23.559,0.767,67.255,33.199,3.652,1.796,Low
Storage,Liquid,NA,Off-Peak,0.871,70.799,50.525,14.175,20.743,0.983,84.696,35.134,10.125,1.373,High
Edge,Air,NA,Off-Peak,0.99,75.397,48.711,15.175,23.455,0.964,86.816,34.452,9.565,1.458,Medium
Compute,Air,NA,Peak,0.21,23.672,54.97,7.528,25.305,0.913,69.539,25.731,8.374,1.184,High
Compute,Hybrid,APAC,Peak,0.686,61.391,84.299,13.946,16.892,0.848,88.937,52.56,7.807,1.319,High
Compute,Liquid,APAC,Peak,0.102,11.658,41.729,20.48,25.833,0.866,62.138,37.945,4.953,1.268,High
Storage,Hybrid,NA,Off-Peak,0.144,17.878,67.631,14.057,25.093,0.705,47.074,19.27,5.968,1.693,Low
GPU,Liquid,NA,Peak,0.357,33.135,51.463,11.461,21.69,0.996,121.059,47.108,14.987,1.215,High
Compute,Hybrid,APAC,Peak,0.862,73.471,63.51,15.803,26.331,0.717,87.65,52.517,7.491,1.582,Low
GPU,Liquid,APAC,Peak,0.687,55.082,46.115,21.718,34.765,0.923,115.144,68.336,9.363,1.705,Low
Compute,Hybrid,NA,Night,0.501,44.848,77.15,10.739,17.921,0.9,75.791,32.597,8.24,1.367,High
Storage,Air,NA,Off-Peak,0.495,41.432,56.433,21.555,22.785,0.914,66.403,28.118,7.934,1.412,Medium
GPU,Liquid,APAC,Night,0.519,38.224,69.531,6.576,17.122,0.926,92.72,55.139,7.07,1.289,High
Compute,Liquid,EU,Peak,0.38,40.649,61.682,20.985,17.463,1.0,59.172,16.45,10.262,1.184,High
Storage,Air,ME,Peak,0.89,72.833,69.499,26.884,21.769,0.69,78.96,43.488,3.713,1.525,Low
Compute,Hybrid,EU,Peak,0.611,50.01,67.909,7.603,24.469,0.819,85.776,21.721,15.757,1.454,Medium
GPU,Hybrid,EU,Night,0.536,46.821,74.277,18.831,19.789,0.899,118.943,31.887,21.194,1.521,Medium
Compute,Air,EU,Peak,0.519,40.039,79.636,8.743,31.001,0.719,64.253,14.884,11.194,1.5,Low
GPU,Air,ME,Off-Peak,0.942,71.98,60.836,25.209,23.978,0.816,113.235,57.551,6.19,1.474,Medium
Compute,Air,NA,Peak,0.751,66.26,56.321,12.575,31.113,0.877,76.027,31.139,8.611,1.801,Low
GPU,Hybrid,NA,Off-Peak,0.23,22.529,91.023,5.49,15.634,0.939,93.576,39.826,11.791,1.277,High
Compute,Liquid,NA,Peak,0.493,38.271,63.398,7.311,18.916,0.91,68.326,27.925,8.448,1.287,High
GPU,Air,APAC,Off-Peak,0.36,27.506,69.944,12.143,23.417,0.829,92.293,53.062,7.644,1.436,Medium
Compute,Liquid,EU,Night,0.988,71.395,61.682,10.24,20.427,0.865,94.974,22.276,16.895,1.567,Low
Edge,Air,NA,Off-Peak,0.474,44.886,48.282,17.583,22.102,0.863,52.874,21.867,5.858,1.447,Medium
Compute,Liquid,EU,Off-Peak,0.161,22.406,47.412,13.943,21.447,0.76,51.795,10.767,9.456,1.33,High
Compute,Air,NA,Off-Peak,0.47,47.315,58.525,20.291,27.022,0.814,69.135,25.85,8.682,1.349,High
Storage,Air,NA,Night,0.389,31.17,65.291,11.681,25.156,0.95,83.898,32.041,10.774,1.471,Medium
Compute,Liquid,NA,Peak,0.64,46.783,98.0,10.406,27.161,0.863,65.818,27.312,7.92,1.719,Low
Compute,Air,EU,Peak,0.303,24.254,68.356,5.32,20.538,0.87,66.416,17.304,10.928,1.228,High
Edge,Air,APAC,Off-Peak,0.132,17.04,43.478,3.62,21.782,0.78,43.21,25.044,4.013,1.603,Low
Edge,Air,APAC,Off-Peak,0.186,28.377,54.361,3.979,29.472,0.88,83.826,50.016,6.599,1.954,Low
Compute,Air,ME,Night,0.355,29.299,49.685,17.131,18.682,0.802,67.934,30.803,3.377,1.429,Medium
Edge,Air,EU,Off-Peak,0.413,48.679,34.854,19.186,21.198,0.833,40.455,13.167,7.381,1.597,Low
Storage,Hybrid,APAC,Off-Peak,0.851,61.621,71.382,38.857,20.944,0.939,77.182,48.134,6.106,1.379,High
Compute,Hybrid,NA,Peak,0.343,31.541,43.177,9.187,27.919,0.678,77.975,32.1,9.743,1.801,Low
GPU,Hybrid,NA,Off-Peak,0.128,11.656,68.268,19.581,18.131,0.819,99.13,37.188,12.804,1.445,Medium
Storage,Hybrid,NA,Off-Peak,0.803,57.955,66.741,27.039,17.158,0.896,75.477,30.399,8.293,1.43,Medium
Edge,Air,EU,Off-Peak,0.882,65.078,75.459,11.512,21.097,0.927,64.451,12.883,11.202,1.383,High
Compute,Air,NA,Peak,0.543,43.191,58.636,11.064,28.984,0.745,73.09,31.279,8.444,1.724,Low
Storage,Air,NA,Night,0.356,32.126,73.223,35.383,22.091,0.742,61.69,27.593,7.703,1.715,Low
Compute,Hybrid,EU,Peak,0.795,64.652,93.499,15.628,15.66,0.671,80.095,20.728,14.822,1.539,Low
Compute,Liquid,NA,Peak,0.108,13.221,41.874,5.819,21.338,0.876,64.573,25.919,7.43,1.488,Medium
Compute,Air,EU,Night,0.932,66.857,74.5,17.887,20.326,0.851,79.021,19.258,13.769,1.505,Medium
Edge,Air,EU,Off-Peak,0.879,63.99,90.995,25.43,25.068,0.881,64.426,20.265,11.294,1.594,Low
GPU,Liquid,NA,Off-Peak,0.59,42.937,96.705,21.652,19.195,0.799,119.553,45.59,14.948,1.449,Medium
GPU,Liquid,NA,Night,0.35,31.276,74.278,16.901,17.691,0.892,121.592,47.038,14.71,1.287,High
Storage,Hybrid,NA,Peak,0.13,19.706,59.523,5.835,22.861,0.908,41.021,17.537,5.581,1.515,Medium
Compute,Air,NA,Peak,1.0,76.551,81.842,25.634,22.162,0.808,96.45,36.086,11.414,1.495,Medium
Compute,Hybrid,EU,Off-Peak,0.786,63.474,58.49,13.032,21.827,0.914,92.389,24.396,17.062,1.248,High
Compute,Air,APAC,Peak,0.405,33.437,46.611,26.369,23.113,0.717,68.116,39.168,4.483,1.564,Low
Compute,Liquid,NA,Night,0.117,14.319,55.472,5.754,17.264,0.977,65.807,26.988,8.989,1.271,High
GPU,Hybrid,NA,Night,0.675,53.047,69.21,13.955,24.681,0.824,91.722,33.086,10.87,1.694,Low
Storage,Hybrid,APAC,Peak,0.988,86.053,71.291,21.529,21.034,0.826,82.645,49.967,6.997,1.597,Low
Compute,Air,NA,Night,0.736,63.209,72.799,15.854,20.641,0.748,125.929,49.7,14.276,1.518,Low
Compute,Air,NA,Peak,0.175,16.501,57.186,4.221,24.609,0.807,72.068,31.382,9.118,1.371,Medium
Compute,Air,EU,Off-Peak,0.462,34.428,83.7,21.405,20.626,0.963,64.427,15.777,11.33,1.421,High
Storage,Air,EU,Night,0.198,16.876,68.748,7.817,23.733,0.818,85.246,20.454,15.226,1.572,Low
Edge,Liquid,EU,Night,0.921,66.511,48.841,14.101,18.001,0.95,76.354,20.314,13.443,1.314,High
Storage,Hybrid,APAC,Peak,0.397,36.319,55.955,8.788,26.102,0.962,76.653,46.249,6.629,1.384,High
GPU,Air,NA,Peak,0.76,66.048,67.369,9.975,18.353,0.952,103.91,40.696,12.122,1.407,High
Storage,Air,EU,Peak,0.176,20.603,81.952,9.029,27.958,0.938,63.446,13.1,11.695,1.336,High
Compute,Air,NA,Off-Peak,0.216,25.436,52.106,26.131,23.352,0.622,74.981,30.44,9.41,1.604,Low
Compute,Hybrid,APAC,Off-Peak,0.712,64.055,80.955,18.173,22.299,0.986,91.469,51.326,7.262,1.451,Medium
GPU,Hybrid,APAC,Peak,0.859,74.125,49.483,19.885,22.511,0.862,121.538,72.681,9.245,1.374,High
GPU,Air,NA,Off-Peak,0.281,23.747,54.226,14.954,20.752,0.879,81.235,31.424,10.077,1.312,High
Compute,Air,NA,Night,0.477,36.529,75.418,10.731,35.905,0.779,84.493,32.426,11.259,1.562,Low
Storage,Liquid,NA,Off-Peak,0.657,46.942,79.807,18.726,17.248,1.0,72.092,30.75,8.813,1.388,High
Storage,Liquid,NA,Peak,0.817,61.717,94.583,10.884,20.966,0.898,70.796,26.418,9.329,1.723,Low
Storage,Air,NA,Night,0.665,56.279,77.632,14.701,21.595,0.736,63.479,23.091,7.429,1.249,High
Edge,Hybrid,EU,Peak,0.186,26.911,71.792,7.638,22.849,0.841,54.112,11.646,9.725,1.616,Low
Storage,Hybrid,ME,Off-Peak,0.589,46.713,61.949,21.745,19.447,0.818,90.046,46.625,4.811,1.322,High
Storage,Liquid,NA,Peak,0.896,73.258,76.334,14.891,23.825,1.0,82.655,33.812,9.478,1.422,High
Compute,Liquid,NA,Off-Peak,0.881,73.407,81.409,33.907,16.165,0.756,130.453,50.962,16.058,1.78,Low
Compute,Air,NA,Off-Peak,0.627,51.539,83.331,26.466,19.49,0.915,62.542,26.995,7.416,1.321,High
Compute,Liquid,NA,Off-Peak,0.996,78.952,69.05,15.003,15.0,1.0,83.879,32.734,9.676,1.373,High
Compute,Air,NA,Off-Peak,0.195,17.402,59.681,10.157,16.389,0.891,83.65,32.314,9.865,1.238,High
GPU,Air,APAC,Peak,0.531,42.91,70.411,12.799,24.451,0.833,92.774,54.816,7.887,1.462,Medium
GPU,Air,NA,Off-Peak,0.798,59.683,84.883,22.517,21.878,0.609,118.621,44.415,14.831,1.705,Low
Compute,Air,ME,Off-Peak,0.227,20.085,65.889,29.688,15.529,0.873,71.653,34.953,3.859,1.05,High
GPU,Air,EU,Peak,0.975,69.779,58.872,11.085,35.215,0.827,114.383,28.43,20.999,1.584,Low
Compute,Liquid,EU,Night,0.419,33.913,72.278,6.861,19.268,0.985,63.98,13.985,12.093,1.266,High
Compute,Liquid,NA,Night,0.415,44.562,91.535,13.101,15.232,0.8,72.969,29.661,8.947,1.48,Medium
Compute,Liquid,EU,Night,0.292,34.181,41.461,8.522,16.728,0.989,72.113,18.19,12.319,1.33,High
Compute,Air,EU,Off-Peak,0.359,35.408,91.624,8.301,24.33,0.698,53.358,12.485,9.926,1.926,Low
Compute,Air,NA,Peak,0.62,62.227,61.471,11.618,23.188,0.649,90.575,39.472,10.303,1.536,Low
Storage,Hybrid,NA,Off-Peak,0.486,37.347,53.143,23.543,20.653,0.956,55.649,25.029,5.589,1.513,Medium
Storage,Air,ME,Night,0.274,26.932,53.064,5.784,22.368,0.714,46.283,20.32,2.48,1.41,Medium
Edge,Hybrid,NA,Peak,0.828,64.837,70.446,24.078,22.75,0.849,61.359,25.241,7.695,1.328,High
Compute,Air,EU,Off-Peak,0.156,15.184,57.785,11.799,23.673,0.83,92.402,24.982,16.471,1.3,High
Compute,Liquid,NA,Peak,0.851,63.65,73.579,12.088,21.379,0.861,89.987,36.764,11.614,1.189,High
Compute,Air,NA,Peak,0.347,31.699,35.463,15.661,26.568,0.829,74.977,27.876,8.4,1.636,Low
Storage,Liquid,NA,Peak,0.546,42.181,74.233,12.917,16.362,1.0,104.834,38.538,12.973,1.05,High
Compute,Hybrid,NA,Night,0.443,38.707,86.664,16.429,19.51,0.794,71.217,28.064,8.637,1.588,Low
GPU,Hybrid,EU,Off-Peak,0.614,60.84,43.239,17.947,22.43,0.92,102.305,26.601,18.215,1.489,Medium
Storage,Hybrid,EU,Peak,0.816,74.845,74.55,22.98,23.946,0.898,94.873,21.67,17.358,1.749,Low
Storage,Air,APAC,Off-Peak,0.99,84.407,58.129,13.569,27.218,0.903,83.989,51.123,6.766,1.453,Medium
Storage,Liquid,APAC,Peak,0.375,26.879,44.914,18.143,18.04,0.898,42.143,23.435,3.734,1.537,Medium
Compute,Air,NA,Off-Peak,0.598,46.582,80.734,7.758,22.373,0.741,68.201,27.195,8.359,1.641,Low
Compute,Liquid,EU,Night,0.519,39.217,95.211,12.834,22.302,0.901,79.324,21.787,14.57,1.05,High
Compute,Air,APAC,Off-Peak,0.999,83.605,74.499,19.897,25.594,0.814,88.87,54.072,7.133,1.444,Medium
Storage,Hybrid,EU,Off-Peak,0.828,67.719,83.803,12.82,18.581,0.891,98.676,22.549,17.499,1.224,High
Compute,Hybrid,EU,Off-Peak,0.457,40.192,27.417,10.827,19.954,0.908,88.146,17.713,15.573,1.373,High
Compute,Air,APAC,Off-Peak,0.529,46.446,50.212,7.686,20.799,0.837,69.297,46.623,5.894,1.332,High
Edge,Air,NA,Off-Peak,0.321,29.918,41.58,7.399,19.861,0.705,47.608,18.944,5.2,1.626,Low
Compute,Air,APAC,Night,0.78,68.17,87.684,12.268,17.524,0.925,83.521,50.281,7.491,1.454,Medium
GPU,Liquid,NA,Off-Peak,0.861,61.897,90.676,32.856,18.485,0.922,113.107,41.804,13.956,1.416,Medium
GPU,Air,EU,Night,0.968,82.808,89.635,21.256,18.383,0.517,105.197,23.807,19.199,1.395,Low
Compute,Hybrid,NA,Night,0.609,46.35,73.805,9.267,22.103,0.787,61.351,25.88,7.786,1.286,High
Compute,Liquid,APAC,Off-Peak,0.704,56.605,48.955,20.76,18.865,0.786,82.628,50.753,7.102,1.479,Medium
Compute,Liquid,EU,Night,0.501,44.334,50.224,8.955,16.376,0.789,72.073,16.813,12.665,1.442,Medium
Storage,Liquid,EU,Peak,0.648,54.944,98.0,21.694,22.603,0.921,82.609,20.205,14.992,1.456,Medium
Storage,Air,APAC,Off-Peak,0.414,30.414,43.526,24.609,22.911,0.929,55.336,32.105,4.355,1.625,Low
GPU,Hybrid,APAC,Off-Peak,0.764,59.406,51.415,18.664,22.681,0.791,101.795,61.704,8.256,1.737,Low
Edge,Liquid,APAC,Off-Peak,0.12,9.842,55.118,6.986,18.568,0.807,45.418,26.677,3.738,1.268,High
Storage,Hybrid,NA,Night,0.126,11.185,74.876,8.387,16.606,0.788,90.985,33.807,10.497,1.465,Medium
Compute,Liquid,APAC,Peak,0.745,56.799,94.063,16.492,18.519,0.989,94.797,58.151,8.071,1.104,High
Compute,Liquid,EU,Peak,0.938,73.44,80.49,19.878,15.0,0.898,84.272,20.548,14.804,1.279,High
GPU,Air,EU,Night,0.669,0.521,72.781,11.657,22.534,0.867,109.056,28.632,20.13,1.792,Low
Compute,Liquid,ME,Peak,0.754,58.818,69.683,10.623,16.204,0.797,112.927,53.831,5.284,1.528,Low
Compute,Liquid,NA,Peak,0.842,60.328,66.945,25.105,19.15,0.826,86.356,31.927,10.415,1.476,Medium
GPU,Liquid,NA,Peak,0.426,42.353,69.778,7.535,22.211,0.978,103.167,41.056,11.546,1.456,Medium
Storage,Liquid,EU,Off-Peak,0.197,21.948,54.515,14.509,15.0,0.854,68.157,19.903,11.967,1.471,Medium
Edge,Air,APAC,Off-Peak,0.94,76.002,98.0,14.029,23.829,0.798,63.782,36.778,4.781,1.788,Low
Storage,Hybrid,EU,Night,0.945,72.434,53.118,17.763,16.534,0.711,69.251,19.693,12.857,1.683,Low
Compute,Hybrid,EU,Peak,0.498,48.081,45.495,23.115,24.564,0.654,70.338,15.144,12.82,1.696,Low
Edge,Air,EU,Night,0.295,23.416,58.587,5.76,21.547,0.831,37.614,10.124,6.601,1.752,Low
Compute,Hybrid,EU,Peak,0.903,76.138,54.57,17.305,20.31,0.862,77.759,21.018,14.128,1.381,High
Compute,Air,APAC,Peak,0.738,63.023,89.284,8.196,29.046,0.812,105.366,62.255,8.856,1.84,Low
Storage,Liquid,NA,Off-Peak,0.107,11.916,63.411,21.145,24.195,0.749,44.674,18.392,5.939,1.826,Low
Compute,Air,EU,Peak,0.197,19.099,73.362,10.035,22.711,0.826,49.973,10.983,8.943,1.629,Low
Storage,Hybrid,APAC,Peak,0.985,85.542,63.571,23.631,23.187,0.922,157.544,95.591,11.738,1.416,Medium
Compute,Air,EU,Peak,0.134,17.808,33.154,7.787,26.081,0.843,53.874,16.97,9.801,1.794,Low
Storage,Air,NA,Peak,0.354,37.864,67.538,13.963,29.447,0.793,50.13,20.716,6.332,1.593,Low
Compute,Air,NA,Night,0.594,50.203,73.993,13.901,15.968,0.807,72.603,26.654,9.027,1.221,High
GPU,Air,APAC,Peak,0.266,36.435,80.18,6.297,27.124,0.795,104.517,63.043,9.015,1.71,Low
GPU,Liquid,NA,Night,0.309,41.436,61.947,12.528,15.0,0.94,88.95,33.086,10.576,1.298,High
Compute,Air,NA,Night,0.418,47.206,69.908,7.72,19.851,0.765,77.535,27.291,9.424,1.436,Medium
Compute,Liquid,NA,Peak,0.343,0.145,77.629,6.091,21.622,1.0,54.299,22.781,6.531,1.534,Medium
Compute,Hybrid,EU,Off-Peak,0.823,63.746,69.557,9.944,22.709,0.799,91.169,23.782,17.389,1.744,Low
Compute,Hybrid,APAC,Off-Peak,0.55,43.707,63.981,11.064,23.769,0.843,92.023,51.724,8.527,1.339,High
GPU,Hybrid,APAC,Night,0.351,27.513,43.797,19.6,15.99,0.959,85.418,49.45,7.759,1.507,Medium
GPU,Air,NA,Night,0.382,1.259,66.935,13.238,22.357,0.918,112.2,44.842,13.557,1.28,High
Compute,Air,EU,Off-Peak,0.136,11.756,43.496,12.765,25.382,0.624,57.685,17.781,9.893,1.463,Low
Compute,Liquid,APAC,Peak,0.144,16.197,74.017,8.193,18.276,1.0,51.843,31.63,3.962,1.28,High
Compute,Air,NA,Off-Peak,0.746,61.433,77.128,14.729,20.863,0.873,78.176,29.729,9.107,1.361,High
Storage,Hybrid,NA,Night,0.202,19.489,39.831,8.431,18.334,0.653,50.623,18.757,5.995,1.553,Low
Compute,Air,APAC,Off-Peak,0.528,41.722,54.922,14.772,20.327,0.708,69.751,39.842,6.555,1.445,Medium
Edge,Hybrid,EU,Night,0.858,62.264,74.012,17.943,18.167,0.764,79.315,20.839,14.673,1.352,Medium
GPU,Air,EU,Off-Peak,0.432,32.915,44.265,21.479,22.967,0.828,107.071,23.117,19.333,1.837,Low
Compute,Hybrid,NA,Peak,0.411,49.121,71.86,20.036,24.122,0.763,209.584,83.833,25.15,1.61,Low
Storage,Air,APAC,Night,0.886,67.356,67.411,10.941,24.179,0.891,76.598,49.51,5.735,1.443,Medium
Edge,Air,EU,Night,0.878,64.818,63.499,13.154,18.638,0.88,52.291,12.051,10.179,2.288,High
Storage,Liquid,APAC,Peak,0.892,68.45,98.0,29.013,19.861,0.988,119.872,72.581,8.427,1.171,High
Compute,Air,ME,Peak,0.615,46.28,60.32,14.954,26.853,0.792,76.646,36.887,3.564,1.847,Low
Compute,Liquid,ME,Off-Peak,0.957,74.818,95.372,14.622,25.607,0.968,98.17,50.648,4.378,1.508,Medium
GPU,Liquid,APAC,Off-Peak,0.837,65.764,91.571,13.3,18.933,1.0,118.445,72.704,8.77,1.172,High
Storage,Air,NA,Peak,0.474,44.57,85.136,13.94,26.059,0.824,80.877,34.203,10.419,1.51,Medium
Storage,Hybrid,APAC,Peak,0.667,50.858,55.662,10.464,23.683,0.882,79.386,47.927,7.284,1.512,Medium
GPU,Air,NA,Off-Peak,0.21,24.636,54.721,24.705,22.328,0.939,82.46,35.11,9.41,1.05,High
GPU,Liquid,APAC,Peak,0.596,46.765,82.321,12.1,19.374,0.995,139.351,82.43,10.5,1.36,High
Edge,Liquid,NA,Peak,0.337,44.282,58.987,5.745,23.228,0.971,63.757,23.339,7.163,1.436,High
Compute,Liquid,EU,Off-Peak,0.355,46.814,54.214,9.238,26.025,0.903,82.493,23.074,14.802,1.496,Medium
Storage,Air,NA,Night,0.213,23.742,77.452,8.861,23.889,0.968,64.948,22.406,8.211,1.229,High
GPU,Air,APAC,Off-Peak,0.422,36.87,60.767,8.087,23.169,0.942,88.57,53.153,7.034,1.506,Medium
GPU,Liquid,NA,Off-Peak,0.533,43.709,81.732,26.032,18.162,0.731,122.101,45.016,15.159,1.444,Medium
Storage,Air,EU,Off-Peak,0.64,46.858,73.119,25.281,24.073,0.881,97.645,24.771,17.545,1.566,Low
Compute,Air,APAC,Off-Peak,0.374,40.328,58.054,11.635,23.299,0.682,85.368,49.567,6.498,1.624,Low
GPU,Liquid,EU,Peak,0.813,67.47,28.841,34.997,20.402,0.775,113.349,32.369,20.43,1.244,High
GPU,Liquid,NA,Peak,0.569,61.131,62.299,14.064,18.404,0.95,116.922,48.667,14.793,1.311,High
Compute,Air,EU,Peak,0.674,50.388,79.876,7.554,26.4,0.847,114.006,28.308,22.031,1.769,Low
Storage,Air,NA,Night,0.35,29.054,50.595,17.415,26.277,0.74,50.533,19.594,6.179,1.745,Low
Compute,Air,EU,Night,0.833,71.774,50.311,10.601,22.003,0.819,82.449,20.508,14.421,1.798,Low
Compute,Air,ME,Off-Peak,0.662,55.682,71.9,39.423,19.892,0.796,76.896,41.616,4.048,1.468,Medium
Compute,Air,EU,Night,0.876,75.206,62.122,12.177,19.219,0.759,103.375,26.96,18.3,1.424,Medium
Storage,Air,NA,Night,0.244,18.904,38.581,10.986,27.663,0.958,52.035,19.257,5.539,1.321,High
Storage,Hybrid,NA,Night,0.443,42.818,84.666,20.702,16.502,0.865,60.249,24.53,6.861,1.374,High
Storage,Liquid,ME,Peak,0.202,20.279,61.375,13.046,24.628,0.978,54.36,22.776,3.311,1.372,High
Storage,Air,NA,Off-Peak,0.294,24.545,70.919,8.28,20.521,0.807,55.015,23.581,7.138,1.565,Low
GPU,Air,EU,Off-Peak,0.455,49.083,51.783,27.241,21.205,0.995,99.799,28.811,17.922,1.385,High
Compute,Liquid,EU,Off-Peak,0.905,73.399,70.25,10.915,22.75,0.804,98.244,22.99,17.523,1.814,Low
Compute,Air,APAC,Peak,0.601,51.341,78.406,23.733,26.313,0.917,96.633,59.428,7.683,1.476,Medium
GPU,Liquid,APAC,Off-Peak,0.397,40.207,57.337,11.579,19.06,0.963,111.151,64.132,8.18,1.417,High
Compute,Hybrid,NA,Off-Peak,0.772,56.52,36.677,12.444,19.179,0.843,99.141,36.454,11.945,1.459,Medium
Edge,Liquid,EU,Night,0.118,14.529,52.092,19.651,20.836,0.944,40.498,5.76,8.205,1.288,High
GPU,Air,EU,Off-Peak,0.433,0.141,62.401,18.303,21.109,0.84,81.351,21.229,14.523,1.456,Medium
Storage,Liquid,NA,Peak,0.641,47.961,78.099,19.108,17.75,1.0,64.147,26.938,7.425,1.417,High
Edge,Hybrid,NA,Peak,0.625,51.695,67.911,23.498,24.584,0.914,73.483,29.124,9.506,1.756,Low
Compute,Liquid,EU,Off-Peak,0.647,56.531,60.549,11.637,17.072,0.951,85.548,22.248,16.046,1.549,Medium
Compute,Liquid,NA,Off-Peak,0.29,26.64,50.547,13.863,18.244,0.996,64.921,23.192,8.539,1.212,High
Storage,Air,APAC,Off-Peak,0.403,54.74,79.092,12.779,27.526,0.853,73.564,45.478,5.605,1.542,Medium
Compute,Air,NA,Off-Peak,0.938,76.152,90.498,15.509,17.908,0.831,87.877,39.337,10.741,1.271,High
Edge,Liquid,NA,Night,0.977,82.698,52.862,27.166,16.625,0.842,76.886,31.063,9.564,1.062,High
Compute,Hybrid,NA,Peak,0.381,29.695,70.732,28.498,24.53,0.636,55.834,23.007,7.049,1.641,Low
Storage,Liquid,NA,Off-Peak,0.68,50.071,47.773,11.509,18.861,0.867,69.111,28.101,8.144,1.435,Medium
Storage,Liquid,EU,Night,0.317,34.146,75.557,19.633,15.0,1.0,58.709,14.506,10.175,1.05,High
Storage,Air,NA,Night,0.432,34.382,69.149,5.199,18.745,0.656,66.784,28.559,7.963,1.229,High
Compute,Air,APAC,Peak,0.813,65.855,87.475,24.344,27.545,0.704,111.484,66.91,9.345,1.816,Low
Compute,Liquid,ME,Peak,0.551,53.43,74.393,11.509,22.591,0.937,91.781,47.958,4.694,1.539,Medium
GPU,Air,APAC,Peak,0.865,66.548,47.327,18.094,22.556,0.761,107.512,65.873,9.972,1.498,Medium
Compute,Liquid,NA,Night,0.666,53.675,72.346,20.663,22.949,1.0,121.095,50.073,15.055,1.421,High
GPU,Air,ME,Off-Peak,0.666,53.238,86.613,14.066,23.67,0.74,129.043,67.255,5.859,1.742,Low
Storage,Liquid,NA,Off-Peak,0.13,20.491,78.56,5.41,37.557,0.952,49.854,22.422,6.727,1.293,High
GPU,Hybrid,EU,Peak,0.775,57.579,50.553,14.951,21.537,0.962,118.723,26.571,22.31,1.32,High
GPU,Air,EU,Peak,0.98,73.654,65.642,15.169,30.555,0.913,108.056,25.563,18.508,1.783,Low
Compute,Air,NA,Off-Peak,0.526,38.614,83.59,13.263,20.342,0.815,69.638,24.083,9.073,1.384,Medium
Storage,Liquid,APAC,Off-Peak,0.243,27.397,61.335,14.891,35.012,1.0,55.246,32.944,4.57,1.544,Medium
GPU,Hybrid,NA,Off-Peak,0.979,79.477,86.784,22.753,15.089,0.938,120.998,46.206,14.76,1.498,Medium
Storage,Liquid,EU,Peak,0.361,39.326,64.679,8.995,25.121,0.81,62.604,18.975,10.972,1.697,Low
Edge,Air,NA,Peak,0.468,38.481,46.348,6.945,25.907,0.9,55.63,18.795,7.154,1.451,Medium
Storage,Air,APAC,Night,0.17,28.486,65.492,7.352,20.435,0.833,78.675,50.11,5.89,1.217,High
Compute,Air,APAC,Peak,0.2,25.869,80.764,15.831,24.173,0.783,75.456,44.061,5.947,1.559,Low
Compute,Air,NA,Night,0.295,30.951,54.883,12.32,21.194,0.907,49.256,15.783,6.255,1.364,High
Edge,Hybrid,EU,Peak,0.594,46.348,67.944,9.242,17.377,0.906,55.502,13.928,10.774,1.507,Medium
Compute,Hybrid,APAC,Peak,0.602,46.551,34.324,11.639,21.634,0.728,69.336,39.908,6.412,1.371,Medium
GPU,Air,EU,Off-Peak,0.646,57.43,58.989,19.904,25.963,0.918,103.532,23.576,19.26,1.76,Low
GPU,Air,EU,Night,0.625,55.248,69.012,26.612,24.744,0.873,106.434,25.471,19.692,1.721,Low
Compute,Air,EU,Peak,0.546,42.808,62.129,23.582,21.851,0.945,73.475,20.931,14.52,1.574,Medium
Compute,Hybrid,NA,Off-Peak,0.822,74.621,63.788,17.94,25.055,0.805,68.058,26.138,8.796,1.713,Low
GPU,Liquid,EU,Off-Peak,0.941,71.186,57.658,32.344,15.0,1.0,108.972,32.287,19.22,1.325,High
Compute,Liquid,EU,Peak,0.343,31.854,38.492,18.031,22.733,0.909,62.091,17.484,11.656,1.414,Medium
GPU,Air,EU,Peak,0.217,17.989,89.702,12.333,25.867,0.901,177.511,44.378,31.952,1.64,Low
Storage,Liquid,APAC,Night,0.483,46.988,76.919,13.922,15.489,0.853,74.411,45.78,5.197,1.186,High
Storage,Air,NA,Peak,0.124,12.107,64.655,5.923,29.784,0.871,44.293,16.687,5.584,1.574,Low
GPU,Air,NA,Off-Peak,0.895,72.239,64.929,18.473,22.131,0.925,115.0,45.793,13.693,1.391,High
Compute,Liquid,NA,Night,0.316,37.883,49.408,6.314,21.587,0.941,87.93,36.304,10.141,1.315,High
Storage,Liquid,NA,Peak,0.594,46.129,66.835,21.268,21.592,0.901,90.841,38.552,10.422,1.383,High
Compute,Air,NA,Peak,0.204,26.889,38.623,3.031,37.55,0.841,78.091,28.732,9.531,1.434,Medium
Compute,Air,ME,Peak,0.598,50.629,69.562,14.87,28.187,0.665,94.732,43.597,4.384,1.606,Low
Storage,Air,NA,Peak,0.135,13.276,53.162,27.255,21.884,0.75,55.069,23.311,6.285,1.577,Low
GPU,Air,EU,Peak,0.792,66.953,81.377,13.827,26.916,0.76,115.247,28.995,20.521,1.301,High
Compute,Liquid,NA,Off-Peak,0.96,77.951,50.796,18.555,22.014,0.91,92.61,35.817,11.348,1.397,High
Storage,Hybrid,EU,Off-Peak,0.376,27.87,65.711,11.849,18.174,0.626,83.123,19.739,15.172,1.569,Low
Storage,Air,ME,Off-Peak,0.332,29.067,59.288,27.908,24.122,0.796,43.624,21.063,2.739,1.67,Low
Compute,Air,NA,Night,0.503,37.533,71.251,27.151,23.351,0.921,70.59,30.692,7.869,1.636,Low
Compute,Air,APAC,Peak,0.658,47.833,56.224,9.108,27.901,0.853,70.811,42.046,6.132,1.812,Low
Edge,Liquid,ME,Peak,0.27,32.976,47.338,17.446,22.108,0.868,60.254,27.431,3.236,1.413,Medium
GPU,Air,EU,Peak,0.823,61.318,49.738,34.024,27.695,0.842,110.013,26.86,20.731,1.798,Low
Storage,Liquid,NA,Peak,0.279,25.382,27.473,22.378,23.524,1.0,48.04,19.588,6.069,2.354,High
Storage,Air,EU,Peak,0.105,9.985,78.977,15.297,24.342,0.726,44.372,13.018,8.298,1.58,Low
Compute,Liquid,APAC,Off-Peak,0.572,51.662,96.41,16.482,17.5,0.981,73.355,45.196,6.027,1.2,High
Storage,Hybrid,NA,Night,0.204,17.278,62.979,12.834,19.386,0.759,36.673,17.766,4.7,1.329,High
Storage,Hybrid,EU,Night,0.728,61.608,85.138,11.226,19.131,0.872,71.246,17.219,12.524,1.603,Low
Storage,Hybrid,NA,Peak,0.251,30.256,46.73,38.214,23.079,0.911,56.215,21.784,7.102,1.604,Low
Compute,Liquid,NA,Night,0.836,61.283,66.61,15.576,20.315,1.0,87.266,37.383,10.785,1.37,High
Compute,Hybrid,APAC,Night,0.523,47.14,64.583,9.477,18.025,0.828,59.872,33.664,5.37,1.473,Medium
Compute,Air,EU,Peak,0.61,45.776,60.056,15.047,22.531,0.863,98.719,25.546,17.6,1.36,High
Edge,Air,NA,Peak,0.268,31.176,71.685,4.961,28.973,0.744,60.81,23.696,7.563,1.675,Low
Storage,Air,EU,Night,0.232,26.837,65.907,6.035,23.162,0.966,62.581,20.732,11.191,1.411,High
Storage,Liquid,NA,Off-Peak,0.668,58.767,77.594,27.431,18.124,1.0,99.261,36.939,11.72,1.353,High
Compute,Hybrid,NA,Night,0.33,31.424,87.58,7.186,15.0,0.889,72.923,27.406,8.594,1.464,Medium
Compute,Air,EU,Off-Peak,0.447,38.166,47.818,9.099,26.605,0.689,52.664,14.458,9.449,1.438,Medium
GPU,Liquid,EU,Peak,0.532,45.069,48.242,11.439,18.966,1.0,103.462,26.149,17.705,1.324,High
Storage,Liquid,NA,Peak,0.307,25.073,58.681,25.242,17.804,0.854,60.025,21.122,7.002,1.302,High
Storage,Hybrid,NA,Night,0.816,67.949,73.585,16.168,24.082,0.907,65.418,27.014,8.501,1.415,Medium
Compute,Liquid,EU,Peak,0.945,78.544,89.831,14.514,23.972,0.872,106.475,22.653,18.939,1.21,High
GPU,Hybrid,APAC,Peak,0.489,42.172,67.958,10.996,22.994,0.832,93.791,53.51,6.837,1.462,Medium
Compute,Air,APAC,Off-Peak,0.926,71.897,60.524,25.892,23.697,0.864,102.354,58.917,6.908,1.141,High
Compute,Air,NA,Peak,0.894,70.134,44.193,13.024,26.096,0.808,76.611,31.232,9.032,2.111,Low
Storage,Liquid,EU,Peak,0.249,24.956,55.213,12.934,20.196,0.948,92.007,26.885,15.847,1.301,High
Compute,Air,APAC,Off-Peak,0.256,21.902,70.089,11.552,25.535,0.853,86.636,52.027,8.16,1.405,Medium
Compute,Air,EU,Peak,0.53,46.338,51.985,12.869,29.441,0.906,77.476,20.913,14.354,1.763,Low
Storage,Liquid,ME,Off-Peak,0.573,42.875,72.934,20.994,21.944,0.875,71.697,36.883,3.055,1.307,High
Storage,Liquid,ME,Peak,0.407,37.92,82.028,15.935,20.658,1.0,71.217,39.391,3.835,1.451,High
GPU,Liquid,NA,Off-Peak,0.382,31.068,35.644,8.928,19.423,0.999,85.232,38.846,10.139,1.47,Medium
Storage,Air,NA,Peak,0.488,40.597,84.975,13.952,22.593,0.855,70.551,28.721,7.506,1.479,Medium
Compute,Liquid,NA,Peak,0.721,72.416,92.668,34.52,22.889,1.0,76.861,33.31,8.94,1.185,High
Compute,Air,NA,Off-Peak,0.176,19.315,38.402,14.797,17.584,0.759,63.473,24.245,8.097,1.682,Low
Edge,Air,ME,Peak,0.74,59.653,90.491,8.767,25.278,0.881,62.407,29.568,3.868,1.901,Low
Storage,Liquid,ME,Peak,0.934,68.34,73.95,20.916,18.278,0.776,83.033,43.97,3.897,1.345,Medium
GPU,Air,NA,Off-Peak,0.787,70.908,76.042,25.632,20.77,0.837,129.529,49.625,15.329,1.594,Low
Compute,Air,EU,Peak,0.273,21.806,30.114,8.338,25.061,0.905,48.606,10.069,8.369,1.722,Low
Storage,Liquid,EU,Peak,0.179,25.242,51.156,13.425,19.463,1.0,67.982,14.797,12.397,1.179,High
Compute,Air,NA,Off-Peak,0.541,49.971,61.516,22.567,34.383,0.847,59.954,26.679,7.086,1.55,Low
Storage,Hybrid,EU,Off-Peak,0.961,85.509,89.325,17.327,15.567,0.873,98.762,21.315,17.974,1.467,Medium
Edge,Liquid,ME,Off-Peak,0.837,71.015,65.912,17.754,18.381,0.978,67.344,36.034,3.451,1.467,Medium
Edge,Hybrid,NA,Off-Peak,0.606,53.456,55.562,9.637,29.201,0.915,78.203,31.123,8.429,1.76,Low
Storage,Air,NA,Off-Peak,0.229,22.064,42.555,4.831,25.348,0.885,38.086,19.071,4.133,1.663,Low
Storage,Liquid,NA,Off-Peak,0.742,54.694,69.165,10.488,19.551,0.973,67.011,28.521,8.102,1.429,High
Edge,Air,NA,Peak,0.832,60.371,72.33,20.975,24.432,0.846,68.684,30.278,7.577,1.744,Low
Storage,Hybrid,NA,Peak,0.942,73.969,85.611,13.687,18.418,0.837,62.281,26.509,8.004,1.533,Medium
Compute,Air,EU,Off-Peak,0.651,52.25,53.389,19.172,23.739,0.842,80.148,20.086,14.311,1.746,Low
Storage,Air,EU,Off-Peak,0.563,40.297,54.686,20.172,24.871,0.819,57.584,16.888,10.662,1.399,Medium
Compute,Hybrid,APAC,Off-Peak,0.657,56.573,87.888,10.255,24.608,0.815,110.144,66.494,8.0,1.264,High
Storage,Air,NA,Peak,0.949,69.276,88.906,26.348,21.048,0.87,87.546,34.775,10.099,1.589,Low
Storage,Air,NA,Peak,0.665,57.551,83.281,11.476,28.205,0.85,111.19,42.664,13.537,1.497,Medium
Storage,Air,APAC,Night,0.332,28.259,34.196,8.481,23.615,0.739,46.915,29.17,4.144,1.47,Medium
Compute,Liquid,APAC,Off-Peak,0.673,49.361,53.899,10.181,15.0,0.796,93.479,58.211,7.695,1.324,High
Compute,Air,NA,Off-Peak,0.892,66.226,76.237,9.974,18.706,0.672,86.116,34.038,9.357,1.441,Medium
Storage,Air,NA,Peak,0.61,51.661,68.737,18.226,20.909,0.954,64.453,26.857,8.127,1.207,High
GPU,Air,APAC,Peak,0.552,50.534,56.362,13.18,28.36,0.846,111.762,66.799,8.373,1.723,Low
Storage,Liquid,NA,Peak,0.76,55.313,80.677,8.233,20.824,1.0,80.693,31.533,9.525,1.534,Medium
Compute,Liquid,NA,Off-Peak,0.695,49.868,70.45,34.251,18.826,0.839,82.448,30.009,9.146,1.374,Medium
Edge,Air,EU,Night,0.151,26.856,64.567,15.136,25.287,0.715,50.28,13.997,9.464,1.574,Low
Edge,Air,NA,Night,0.753,55.446,65.212,11.028,19.46,0.962,56.68,24.096,6.473,1.32,High
Compute,Air,NA,Off-Peak,0.467,41.421,52.831,20.297,23.575,0.65,83.649,35.392,9.542,1.469,Low
Compute,Air,EU,Night,0.947,72.429,83.715,13.618,17.173,0.859,94.969,24.592,16.993,1.516,Medium
GPU,Air,APAC,Off-Peak,0.974,79.704,80.4,13.009,25.134,0.789,123.404,73.008,10.374,1.667,Low
GPU,Air,APAC,Peak,0.504,39.67,48.191,30.171,25.546,0.9,84.585,55.418,7.258,1.344,High
Edge,Liquid,ME,Peak,0.972,78.919,75.813,35.076,22.425,1.0,69.969,36.93,3.613,1.369,High
GPU,Hybrid,NA,Off-Peak,0.38,29.342,57.151,15.687,23.353,0.842,89.463,35.549,10.956,1.477,Medium
Storage,Air,NA,Peak,0.714,53.842,57.513,16.863,25.7,0.797,103.124,39.815,12.297,1.64,Low
Storage,Liquid,APAC,Off-Peak,0.168,16.949,57.048,7.536,17.481,0.887,44.338,27.026,3.09,1.228,High
Compute,Liquid,EU,Night,0.23,23.937,52.211,5.19,21.607,1.0,97.99,21.423,17.819,1.365,High
Compute,Liquid,NA,Peak,0.878,65.141,69.378,16.478,25.248,0.869,107.311,48.356,12.231,1.386,High
Storage,Hybrid,NA,Peak,0.904,69.454,95.719,20.707,23.702,0.695,69.412,27.128,8.249,1.667,Low
Storage,Air,NA,Peak,0.579,47.522,73.795,15.027,24.183,0.937,50.188,22.536,5.351,1.421,High
Storage,Air,EU,Off-Peak,0.406,42.643,78.253,5.912,27.558,0.874,50.332,12.706,8.318,1.419,Medium
GPU,Liquid,NA,Peak,0.506,41.045,56.528,26.148,22.434,0.938,118.447,48.159,14.714,1.439,Medium
Compute,Air,ME,Off-Peak,0.883,68.231,63.428,11.21,24.957,0.834,80.459,39.717,4.425,1.314,High
Storage,Air,NA,Peak,0.29,23.409,68.762,14.464,27.327,0.769,42.221,15.139,5.396,1.615,Low
Compute,Air,ME,Off-Peak,0.365,28.785,30.84,26.453,22.732,0.902,74.27,37.079,4.103,1.478,Medium
Storage,Air,APAC,Peak,0.807,60.862,56.839,13.078,21.119,0.796,63.35,37.314,4.815,1.463,Medium
GPU,Liquid,EU,Night,0.942,68.35,81.632,18.72,15.0,0.793,129.292,35.44,23.238,1.39,Medium
Storage,Air,APAC,Off-Peak,0.184,1.212,63.281,11.151,20.559,0.881,51.709,31.554,4.522,1.435,Medium
Edge,Air,EU,Off-Peak,0.823,69.1,64.383,17.588,25.659,0.979,79.456,20.549,14.177,1.474,Medium
Compute,Air,NA,Off-Peak,0.681,60.953,70.693,10.599,25.025,0.751,70.953,29.064,8.466,1.225,High
Storage,Air,NA,Off-Peak,0.308,35.785,52.405,20.263,24.863,0.7,71.895,26.592,8.423,1.645,Low
Compute,Hybrid,EU,Peak,0.78,61.813,88.344,11.001,20.614,0.816,88.382,21.603,15.179,1.423,Medium
Storage,Air,EU,Off-Peak,0.755,65.077,85.917,23.933,27.289,0.793,71.376,16.247,13.133,1.509,Medium
GPU,Hybrid,EU,Off-Peak,0.228,39.4,42.05,10.003,28.577,0.783,85.61,21.044,14.548,1.52,Low
Storage,Liquid,EU,Off-Peak,0.552,47.557,49.232,39.706,15.0,0.954,56.477,14.664,10.214,1.326,High
GPU,Liquid,EU,Peak,0.782,60.598,98.0,12.381,20.033,0.937,115.052,31.792,20.832,1.471,Medium
Compute,Air,EU,Peak,0.272,35.021,55.896,5.601,22.233,0.933,77.093,19.237,14.876,1.338,High
GPU,Air,EU,Peak,0.516,44.529,79.995,13.667,23.468,0.882,101.404,27.761,17.359,1.465,Medium
Compute,Hybrid,EU,Peak,0.209,23.637,48.311,6.217,20.693,0.59,84.825,19.881,15.2,1.8,Low
GPU,Hybrid,APAC,Night,0.376,32.785,54.887,6.767,15.0,0.705,120.769,74.573,10.916,1.365,Medium
Compute,Air,EU,Peak,0.296,27.661,55.774,22.846,30.116,0.889,59.084,14.85,9.977,1.623,Low
Compute,Air,APAC,Peak,0.555,39.795,73.393,15.159,25.689,0.835,141.675,84.896,10.534,1.35,High
Storage,Air,EU,Off-Peak,0.227,21.799,62.948,17.78,23.252,0.893,55.187,12.299,9.731,1.575,Low
Edge,Hybrid,EU,Night,0.445,42.956,40.91,7.636,20.215,0.924,44.009,12.432,7.425,1.381,High
Compute,Air,EU,Off-Peak,0.348,0.236,50.24,5.563,15.0,0.862,67.872,16.174,12.4,1.483,Medium
Compute,Liquid,NA,Peak,0.771,57.785,60.929,18.547,19.58,0.791,78.173,29.886,10.405,1.448,Medium
GPU,Liquid,ME,Peak,0.73,54.474,68.637,13.501,20.655,0.843,117.075,57.336,5.496,1.329,High
Compute,Liquid,NA,Off-Peak,0.185,25.067,66.096,6.167,22.627,0.752,55.04,21.042,6.646,1.699,Low
Compute,Liquid,NA,Peak,0.958,73.671,72.732,22.116,21.314,1.0,90.307,38.29,10.493,1.25,High
Storage,Air,NA,Peak,0.77,60.045,48.894,10.262,30.059,0.872,69.014,33.553,7.791,1.502,Medium
Compute,Hybrid,NA,Peak,0.654,65.816,73.181,12.7,27.665,0.796,88.596,38.717,10.083,1.55,Low
Edge,Liquid,APAC,Night,0.53,45.786,59.413,12.724,15.0,0.982,67.756,42.736,4.991,1.178,High
GPU,Liquid,EU,Peak,0.26,28.178,78.835,4.945,20.164,0.853,113.86,27.604,20.73,1.05,High
Storage,Air,APAC,Off-Peak,0.966,75.296,71.558,13.31,24.22,0.912,95.327,58.413,6.951,1.531,Medium
Edge,Liquid,NA,Night,0.107,14.927,48.991,16.58,15.0,0.904,43.882,14.69,4.918,1.05,High
Storage,Air,NA,Off-Peak,0.723,54.088,61.151,11.374,21.108,0.827,60.818,24.225,7.365,1.482,Medium
Compute,Air,NA,Peak,0.557,47.728,75.491,17.08,24.71,0.77,72.409,29.494,9.341,1.745,Low
Compute,Liquid,EU,Peak,0.912,73.002,55.435,15.207,20.562,0.89,76.074,17.682,13.933,1.633,Low
Storage,Liquid,APAC,Night,0.443,37.444,50.329,11.242,15.0,0.716,55.486,38.013,4.208,1.472,Medium
Compute,Liquid,EU,Peak,0.567,55.744,61.776,10.494,19.735,0.946,85.66,21.316,15.66,1.743,Low
Edge,Air,NA,Off-Peak,0.768,71.874,79.182,17.63,24.046,0.626,113.506,47.453,13.956,1.514,Low
GPU,Liquid,ME,Night,0.143,0.323,58.204,10.333,16.78,0.836,94.822,48.778,5.044,1.328,High
Compute,Air,NA,Peak,0.149,26.666,57.769,19.636,21.974,0.802,82.064,34.911,9.722,1.543,Low
Storage,Liquid,EU,Off-Peak,0.291,29.122,69.441,20.552,23.867,1.0,42.25,11.081,8.36,1.505,Medium
GPU,Air,EU,Night,0.232,29.492,44.976,4.139,29.96,0.691,97.377,29.681,17.381,1.956,Low
Edge,Liquid,NA,Off-Peak,0.106,13.518,67.283,8.262,21.993,0.818,42.619,14.549,4.875,1.42,Medium
GPU,Hybrid,NA,Off-Peak,0.661,47.351,80.352,10.486,21.024,0.899,103.187,40.307,12.464,1.705,Low
Storage,Air,NA,Night,0.816,64.099,93.641,18.845,19.78,0.842,68.131,28.177,8.335,1.529,Medium
GPU,Air,APAC,Off-Peak,0.961,80.327,98.0,18.959,22.719,0.967,102.886,62.218,8.517,1.544,Medium
Storage,Liquid,EU,Off-Peak,0.497,39.376,73.151,6.377,18.962,0.884,54.481,13.998,10.276,1.433,Medium
Storage,Liquid,APAC,Off-Peak,0.352,33.11,76.023,15.274,18.807,0.815,57.671,36.113,3.935,1.362,Medium
Compute,Liquid,EU,Peak,0.878,64.796,63.339,10.307,21.953,0.964,88.074,19.469,16.917,1.424,High
Compute,Liquid,EU,Peak,0.86,66.593,81.421,16.012,22.771,0.786,76.196,19.46,13.357,1.264,High
Storage,Air,APAC,Peak,0.662,54.158,95.987,12.375,30.224,0.831,63.679,39.323,5.383,1.833,Low
Compute,Air,ME,Peak,0.346,30.095,40.215,8.936,26.818,0.663,60.806,31.014,3.44,2.104,Low
Compute,Air,NA,Peak,0.918,71.67,90.761,13.449,23.443,0.848,91.458,33.784,10.89,1.746,Low
GPU,Air,NA,Off-Peak,0.261,28.28,68.289,4.974,20.42,0.902,114.704,45.041,14.041,1.079,High
Compute,Liquid,APAC,Peak,0.139,31.519,70.119,14.343,21.711,1.0,61.736,35.148,4.064,1.257,High
Storage,Air,ME,Night,0.817,66.334,78.529,16.073,20.692,0.813,129.432,64.662,6.019,1.382,Medium
Storage,Hybrid,ME,Off-Peak,0.607,45.211,46.375,13.072,25.418,0.729,91.208,44.33,4.211,1.804,Low
Edge,Hybrid,EU,Off-Peak,0.322,28.281,33.667,15.921,23.117,0.873,40.555,8.457,7.087,1.456,Medium
Storage,Hybrid,NA,Off-Peak,0.704,60.189,70.115,15.799,18.417,0.693,59.905,24.464,7.208,1.484,Low
Compute,Hybrid,NA,Peak,0.79,64.133,50.212,33.338,22.321,0.823,70.027,29.672,8.382,1.479,Medium
Storage,Air,ME,Off-Peak,0.86,65.419,97.4,19.833,20.781,0.895,68.732,32.714,3.849,1.432,Medium
GPU,Hybrid,EU,Off-Peak,0.354,33.966,47.03,9.079,26.342,0.918,115.052,30.119,20.197,1.597,Low
Edge,Air,NA,Off-Peak,0.123,0.41,73.138,4.64,20.7,0.85,44.912,19.145,5.38,1.483,Medium
Storage,Air,ME,Peak,0.559,48.945,70.695,9.719,21.23,0.698,68.076,34.275,4.188,1.517,Low
Compute,Liquid,NA,Off-Peak,0.87,68.957,83.241,22.732,17.557,0.927,81.837,30.81,10.217,1.268,High
Edge,Air,APAC,Off-Peak,0.287,33.403,47.025,9.592,19.115,0.874,92.796,56.49,7.66,1.131,High
Compute,Hybrid,EU,Off-Peak,0.479,47.375,93.087,15.133,17.165,0.985,77.108,18.682,13.969,1.171,High
Storage,Liquid,NA,Peak,0.331,26.225,61.368,9.744,22.456,0.99,53.948,21.205,5.872,1.339,High
Storage,Liquid,NA,Off-Peak,0.112,13.225,88.68,13.676,19.209,0.731,55.99,25.082,5.822,1.403,Medium
Compute,Air,NA,Off-Peak,0.909,76.03,80.654,21.231,29.854,0.864,81.059,29.482,10.11,1.667,Low
Compute,Liquid,EU,Off-Peak,0.222,16.315,48.302,12.719,25.679,0.892,51.999,11.337,9.022,1.188,High
Compute,Air,EU,Off-Peak,0.79,61.796,79.941,11.651,23.697,0.778,75.8,16.496,13.596,1.579,Low
Storage,Hybrid,NA,Peak,0.412,31.929,76.287,7.2,25.466,0.869,54.643,25.579,6.34,1.514,Medium
Edge,Air,ME,Peak,0.35,31.109,56.397,6.177,24.459,0.643,60.845,30.322,3.057,1.498,Low
Compute,Liquid,NA,Peak,0.947,75.263,81.329,16.597,24.098,0.835,111.778,43.631,13.437,1.512,Medium
GPU,Air,NA,Peak,0.691,52.497,82.546,11.609,25.086,0.872,132.586,54.975,15.451,1.421,Medium
Compute,Air,NA,Peak,0.718,60.633,54.574,9.976,23.862,0.857,82.178,34.344,10.35,1.322,High
Storage,Air,NA,Peak,0.784,64.299,60.871,20.875,23.121,0.891,88.384,34.111,9.804,1.402,Medium
Compute,Air,ME,Peak,0.407,38.947,45.941,7.577,24.535,0.946,64.171,33.496,3.458,1.519,Medium
Edge,Liquid,NA,Off-Peak,0.607,45.943,94.031,16.805,19.137,0.943,67.7,27.437,6.624,1.435,Medium
GPU,Air,EU,Night,0.343,33.298,55.577,14.681,24.111,0.968,101.737,26.633,18.595,1.296,High
Storage,Air,APAC,Peak,0.851,68.605,98.0,36.679,25.14,0.803,65.812,38.224,5.475,1.745,Low
GPU,Liquid,EU,Peak,0.639,50.333,68.042,9.042,17.501,1.0,91.345,19.246,16.426,1.102,High
Storage,Air,NA,Night,0.319,34.943,28.403,8.85,25.357,0.889,66.275,23.743,8.274,1.272,High
Edge,Air,APAC,Off-Peak,0.91,71.148,83.983,21.269,23.279,0.836,62.945,38.514,4.589,1.58,Low
GPU,Hybrid,APAC,Peak,0.623,47.703,75.013,10.265,25.897,0.867,135.666,84.297,10.368,1.793,Low
Edge,Air,NA,Off-Peak,0.546,47.982,61.451,17.478,16.823,0.953,63.37,23.176,8.752,1.455,Medium
Storage,Air,EU,Peak,0.131,12.005,56.075,13.932,21.344,0.937,52.816,9.743,9.019,1.506,Medium
Compute,Air,ME,Off-Peak,0.919,66.646,93.135,15.561,15.0,0.936,79.226,40.679,3.852,1.133,High
Storage,Air,EU,Night,0.957,71.154,73.825,17.724,18.868,0.815,128.239,34.746,22.956,1.488,Medium
Compute,Liquid,APAC,Peak,0.606,60.793,62.026,16.223,23.534,1.0,81.458,50.421,6.444,1.063,High
Storage,Air,ME,Night,0.498,35.512,32.831,10.263,21.644,0.863,64.701,34.066,4.16,1.375,High
Storage,Liquid,EU,Peak,0.424,40.551,75.776,8.946,21.553,0.894,70.832,15.413,12.923,1.422,Medium
Storage,Air,NA,Off-Peak,0.341,33.132,64.036,18.889,27.854,0.943,54.918,25.045,7.088,1.223,High
Compute,Air,NA,Off-Peak,0.617,46.209,70.32,12.215,24.092,0.74,68.314,30.916,8.077,1.61,Low
Compute,Air,EU,Off-Peak,0.215,22.509,68.944,5.449,23.062,0.841,60.572,16.74,10.586,1.351,High
Storage,Liquid,NA,Peak,0.927,70.943,79.981,12.206,16.747,0.754,87.758,33.296,10.716,1.05,High
Edge,Hybrid,ME,Off-Peak,0.258,27.596,40.766,6.612,24.082,0.929,69.801,34.76,3.433,1.441,Medium
Compute,Liquid,EU,Off-Peak,0.771,63.513,62.735,26.175,26.156,0.97,72.094,18.974,12.729,1.652,Low
Storage,Hybrid,EU,Off-Peak,0.376,32.842,66.405,16.789,15.147,0.648,64.663,19.257,11.56,1.333,Medium
GPU,Air,APAC,Peak,0.303,28.255,62.017,10.455,25.781,0.738,85.03,50.944,7.71,1.385,Medium
Storage,Air,EU,Peak,0.602,45.223,39.151,11.126,23.563,0.993,90.542,24.996,16.876,1.517,Medium
Compute,Air,NA,Off-Peak,0.789,64.551,60.554,10.488,18.942,0.918,97.496,41.28,12.215,1.467,Medium
Storage,Air,NA,Night,0.754,55.521,87.907,23.58,18.689,0.652,83.204,34.716,10.172,1.409,Medium
Compute,Air,EU,Off-Peak,0.31,32.72,8.98,9.143,21.318,0.855,80.597,15.817,14.095,2.565,Low
Edge,Air,APAC,Off-Peak,0.397,49.811,24.754,33.734,21.501,0.821,77.035,43.715,6.407,1.635,Low
Compute,Air,EU,Peak,0.882,67.351,69.605,12.996,23.184,0.758,117.362,29.428,20.833,1.55,Low
Compute,Air,NA,Off-Peak,0.751,58.984,73.275,14.271,23.111,0.763,82.122,31.225,9.683,1.548,Low
Compute,Air,NA,Peak,0.741,56.697,66.503,10.156,22.791,0.919,74.929,29.684,8.177,1.09,High
Compute,Air,APAC,Off-Peak,0.342,37.948,74.384,4.116,25.242,0.924,71.505,41.375,4.961,1.342,High
GPU,Hybrid,ME,Night,0.813,66.712,98.0,26.449,16.608,0.645,221.039,110.52,11.052,1.438,Medium
Compute,Air,NA,Night,0.423,44.321,76.41,5.951,20.625,0.938,61.578,23.101,7.745,1.409,High
Compute,Liquid,APAC,Peak,0.461,41.809,35.886,10.861,27.77,0.955,67.714,38.457,5.365,1.725,Low
Storage,Liquid,EU,Off-Peak,0.359,33.984,49.553,9.454,17.385,1.0,49.24,11.983,7.756,1.303,High
Compute,Air,EU,Peak,0.209,22.87,60.517,4.578,33.841,0.662,77.726,16.739,14.316,1.754,Low
Compute,Air,APAC,Peak,0.478,45.217,39.795,16.488,21.163,0.91,86.513,54.016,6.646,1.785,Low
GPU,Air,NA,Peak,0.115,11.189,64.538,9.887,21.08,0.846,96.854,38.097,12.623,1.154,High
GPU,Liquid,EU,Peak,0.51,43.393,74.414,25.663,18.011,0.804,102.88,23.553,18.124,1.157,High
Edge,Air,NA,Off-Peak,0.753,53.311,37.87,13.432,20.125,0.937,65.116,27.39,8.513,1.206,High
GPU,Air,NA,Off-Peak,0.965,70.474,76.32,10.477,26.425,0.831,101.842,43.3,12.8,1.642,Low
Storage,Air,EU,Night,0.171,25.917,63.753,15.099,15.0,0.764,48.635,13.771,8.422,2.32,High
Compute,Hybrid,NA,Peak,0.353,41.884,43.14,11.302,20.54,0.895,87.712,33.95,10.462,1.549,Medium
GPU,Air,EU,Peak,0.545,41.863,62.389,9.174,29.417,0.723,109.56,29.069,19.518,1.505,Low
GPU,Liquid,NA,Peak,0.253,25.114,68.094,5.211,18.259,0.878,93.343,35.52,11.181,1.135,High
GPU,Air,EU,Peak,0.205,17.942,49.71,14.416,25.738,0.9,96.135,21.18,16.843,1.452,Medium
Storage,Hybrid,NA,Night,0.507,48.028,81.313,13.49,21.046,0.869,83.645,34.912,11.21,1.274,High
Compute,Liquid,APAC,Peak,0.623,47.174,51.031,13.958,15.0,1.0,74.65,48.759,5.467,1.33,High
GPU,Air,EU,Night,0.838,62.397,67.403,38.176,26.577,0.91,102.153,24.465,18.831,1.694,Low
GPU,Hybrid,ME,Peak,0.998,89.203,69.959,34.327,15.147,0.702,126.527,61.508,5.614,1.579,Low
Edge,Liquid,ME,Peak,0.797,68.233,67.462,15.789,15.218,0.871,125.115,61.588,6.678,1.347,High
Compute,Air,NA,Peak,0.299,22.788,65.134,26.519,23.692,0.815,58.683,24.603,7.254,1.19,High
Compute,Air,NA,Night,0.773,56.367,57.854,20.64,20.477,0.923,76.32,30.89,9.707,1.406,High
Compute,Liquid,EU,Peak,0.583,50.846,56.266,12.2,24.413,1.0,85.923,20.906,15.287,1.662,Low
GPU,Hybrid,EU,Night,0.506,42.203,48.911,28.479,21.74,0.855,116.655,29.475,21.005,1.553,Low
Compute,Liquid,NA,Off-Peak,0.942,71.826,76.029,13.852,16.812,1.0,90.528,34.539,10.881,1.38,High
Compute,Liquid,NA,Peak,0.732,58.612,79.374,22.989,23.229,1.0,63.927,26.16,6.997,1.189,High
Edge,Liquid,EU,Off-Peak,0.714,51.355,65.161,11.216,23.153,1.0,48.25,12.267,8.423,1.505,Medium
Compute,Air,ME,Peak,0.111,15.381,44.822,11.069,29.078,0.899,79.752,41.392,3.873,1.899,Low
GPU,Liquid,ME,Peak,0.879,81.182,61.1,21.405,21.77,1.0,118.505,58.251,5.816,1.532,Medium
Compute,Air,NA,Night,0.814,58.122,79.856,28.453,19.905,0.864,86.843,36.786,10.384,1.287,High
GPU,Hybrid,NA,Off-Peak,0.369,34.004,30.204,7.242,20.798,0.937,98.274,40.074,11.877,1.276,High
Storage,Liquid,NA,Off-Peak,0.363,44.56,58.601,10.878,26.801,0.851,47.861,22.438,5.479,1.477,Medium
Edge,Liquid,EU,Peak,0.148,19.366,45.038,21.054,20.848,0.993,42.747,9.353,8.305,1.431,High
Edge,Air,APAC,Peak,0.146,19.256,44.76,4.384,23.324,0.783,49.869,29.69,3.53,1.17,High
Compute,Air,APAC,Peak,0.702,65.987,80.479,16.838,23.889,0.988,80.932,46.359,7.034,1.131,High
Compute,Air,EU,Off-Peak,0.268,29.998,58.281,14.296,26.047,0.78,94.111,23.078,16.524,1.503,Medium
Compute,Liquid,NA,Off-Peak,0.931,69.616,61.09,13.7,19.996,0.817,90.243,34.51,10.827,1.568,Low
Storage,Liquid,NA,Off-Peak,0.858,69.94,77.216,22.343,22.657,1.0,105.469,42.978,13.038,1.481,Medium
GPU,Air,ME,Off-Peak,0.414,39.776,69.933,16.79,20.909,0.726,96.113,49.293,5.834,1.392,Medium
Storage,Liquid,NA,Peak,0.442,37.383,80.488,11.406,16.302,0.85,227.747,91.099,27.33,1.651,Low
Storage,Hybrid,NA,Peak,0.395,33.541,64.778,14.808,25.668,0.854,50.128,18.323,5.543,1.754,Low
Compute,Air,APAC,Peak,0.183,15.198,50.895,9.085,25.817,0.903,72.245,41.102,5.957,1.285,High
GPU,Air,APAC,Off-Peak,0.128,14.789,81.82,2.212,20.5,0.872,83.681,50.145,6.384,1.319,High
Edge,Liquid,ME,Off-Peak,0.507,41.393,87.618,16.237,23.053,0.759,50.042,23.653,2.696,1.674,Low
Compute,Liquid,NA,Peak,0.949,78.604,98.0,12.18,23.231,0.908,135.329,52.364,17.125,1.631,Low
Storage,Liquid,EU,Peak,0.926,76.951,90.737,17.176,16.958,0.959,77.06,20.531,13.621,1.38,High
Compute,Liquid,EU,Off-Peak,0.829,64.842,81.459,10.227,18.372,0.963,79.161,21.539,14.101,1.418,High
Storage,Hybrid,ME,Night,0.666,51.029,32.295,10.012,16.9,0.756,63.777,30.404,3.787,1.601,Low
Storage,Air,APAC,Off-Peak,0.871,63.618,96.744,19.783,24.676,0.843,63.299,38.578,4.829,1.574,Low
Compute,Air,APAC,Peak,0.564,43.69,66.36,12.975,23.871,0.881,68.629,38.82,4.812,1.597,Low
Storage,Air,NA,Off-Peak,0.262,27.263,57.285,7.805,20.529,0.892,42.641,16.158,5.072,1.208,High
Compute,Air,APAC,Off-Peak,0.716,58.07,76.164,12.141,24.019,0.833,82.882,48.892,6.9,1.695,Low
Storage,Air,EU,Peak,0.929,76.621,63.888,11.38,29.433,0.866,69.695,19.609,11.719,1.51,Medium
Storage,Air,NA,Off-Peak,0.118,15.336,73.024,15.695,23.171,0.649,195.736,78.294,23.488,1.625,Low
Compute,Hybrid,NA,Peak,0.326,31.454,37.947,12.067,23.523,0.817,85.046,39.823,10.942,1.575,Low
GPU,Hybrid,EU,Peak,0.339,25.278,76.785,6.241,20.163,0.944,88.526,20.984,16.16,1.239,High
GPU,Air,NA,Night,0.189,19.641,67.247,9.488,18.749,0.917,102.88,41.178,12.641,1.248,High
Compute,Liquid,APAC,Night,0.303,26.053,61.146,13.246,18.994,0.854,67.415,41.199,5.476,1.464,Medium
Compute,Liquid,APAC,Off-Peak,0.446,35.515,83.553,11.841,19.278,0.94,82.515,47.188,6.829,1.273,High
GPU,Hybrid,NA,Peak,0.946,74.377,84.461,29.34,25.28,0.795,124.23,46.04,14.978,1.572,Low
Edge,Liquid,EU,Off-Peak,0.874,79.408,98.0,17.447,15.0,1.0,62.419,18.09,10.785,1.301,High
Compute,Air,NA,Peak,0.951,79.148,64.758,27.856,28.864,0.82,79.645,29.55,10.058,1.49,Medium
Compute,Liquid,EU,Peak,0.209,20.756,59.801,10.017,22.494,0.747,65.353,19.519,12.239,1.648,Low
Compute,Liquid,EU,Peak,0.125,17.116,60.424,3.976,25.15,0.918,117.493,30.01,20.123,1.334,High
Storage,Liquid,APAC,Off-Peak,0.199,25.083,74.911,9.603,18.908,0.923,43.175,27.975,3.587,1.293,High
Compute,Hybrid,EU,Peak,0.923,69.924,75.246,16.154,25.539,0.792,130.162,30.928,23.004,1.609,Low
Compute,Hybrid,APAC,Off-Peak,0.242,29.972,39.481,7.647,24.986,0.877,191.026,114.615,15.282,1.481,Medium
Storage,Liquid,APAC,Peak,0.615,49.178,28.111,21.627,26.688,0.965,73.711,49.872,5.428,1.248,High
Storage,Liquid,EU,Night,0.305,36.928,49.034,5.603,21.996,1.0,63.995,16.067,11.375,1.372,High
Compute,Hybrid,EU,Night,0.119,19.081,64.825,3.81,20.816,0.847,58.041,14.335,10.294,1.513,Medium
Storage,Air,APAC,Off-Peak,0.176,22.238,63.121,7.762,23.683,0.723,53.177,29.626,4.545,1.564,Low
Storage,Air,NA,Off-Peak,0.739,59.582,55.407,15.134,20.388,0.728,110.02,42.128,13.893,1.49,Low
Compute,Air,APAC,Peak,0.264,30.147,56.325,25.903,20.998,0.984,101.635,60.978,8.265,1.378,High
Compute,Hybrid,APAC,Off-Peak,0.306,27.515,41.696,18.405,15.0,0.855,68.563,41.805,4.788,1.304,High
GPU,Liquid,NA,Night,0.44,34.018,54.643,17.18,15.0,0.954,84.647,33.614,10.035,1.368,High
Compute,Air,ME,Peak,0.692,55.33,83.484,10.596,24.513,0.741,84.437,41.745,4.224,1.577,Low
GPU,Hybrid,NA,Off-Peak,0.522,51.422,52.917,15.271,15.0,0.657,121.544,50.205,14.09,1.368,Medium
Edge,Liquid,ME,Peak,0.95,68.684,91.64,21.792,17.828,0.848,85.414,42.276,3.724,1.364,High
Compute,Hybrid,NA,Peak,0.491,44.204,37.359,19.269,24.305,0.955,96.927,40.043,11.357,1.257,High
Compute,Air,APAC,Off-Peak,0.279,27.219,50.614,19.034,20.91,0.694,55.842,35.549,3.281,1.851,Low
Storage,Liquid,EU,Night,0.583,45.468,95.281,18.194,18.454,1.0,59.532,15.532,10.602,1.479,Medium
GPU,Liquid,APAC,Peak,0.506,43.998,26.6,11.385,21.759,1.0,133.327,81.106,10.787,1.296,High
Edge,Liquid,NA,Off-Peak,0.808,60.361,70.517,11.754,19.865,0.92,57.94,21.465,6.804,1.281,High
GPU,Liquid,NA,Night,0.942,73.164,84.194,22.001,17.918,0.84,105.428,40.346,12.249,1.407,Medium
Compute,Hybrid,NA,Off-Peak,0.853,69.899,73.516,13.386,21.772,0.935,68.309,28.752,8.238,1.631,Low
Storage,Air,APAC,Night,0.45,33.778,78.94,8.203,21.611,0.87,74.224,45.534,5.94,1.599,Low
Storage,Hybrid,NA,Peak,0.295,31.273,74.823,18.277,20.531,0.919,81.41,35.933,9.214,1.181,High
Storage,Air,EU,Night,0.923,67.027,63.053,13.68,21.084,0.92,81.508,21.452,14.445,1.439,Medium
Compute,Air,APAC,Peak,0.447,44.795,74.274,8.079,28.479,0.734,80.618,45.168,6.225,1.531,Low
Compute,Air,ME,Night,0.793,60.167,66.237,20.236,21.669,0.95,80.686,41.426,3.932,1.563,Medium
GPU,Air,NA,Peak,0.991,73.01,79.471,27.018,27.921,0.804,107.279,42.921,12.71,1.757,Low
Storage,Air,APAC,Off-Peak,0.62,51.383,57.059,24.162,27.073,0.845,91.336,54.377,7.084,1.681,Low
Compute,Hybrid,NA,Peak,0.532,39.174,98.0,19.427,24.046,0.878,55.325,23.034,6.703,1.608,Low
Compute,Liquid,APAC,Off-Peak,0.73,64.558,63.216,13.891,21.43,1.0,119.717,73.132,9.528,1.293,High
GPU,Air,APAC,Peak,0.275,25.918,45.491,9.879,25.967,0.871,101.331,56.21,7.544,1.405,Medium
GPU,Liquid,NA,Night,0.539,41.353,80.755,13.242,16.457,0.794,106.784,42.33,13.668,1.43,Medium
Compute,Air,NA,Peak,0.381,34.262,60.846,8.366,26.804,0.683,62.718,25.712,7.516,1.433,Medium
Compute,Air,EU,Off-Peak,0.248,20.857,74.622,12.549,24.164,0.959,58.805,12.394,10.526,1.538,Medium
Compute,Liquid,EU,Peak,0.649,59.432,63.681,11.132,22.462,1.0,67.579,16.408,11.516,1.434,High
Edge,Liquid,ME,Night,0.618,49.533,47.897,14.727,15.0,0.857,48.691,25.681,2.073,1.352,High
Storage,Liquid,NA,Off-Peak,0.785,64.435,88.184,9.894,16.354,0.893,76.08,28.155,8.98,1.125,High
Storage,Air,ME,Night,0.886,79.353,57.558,12.815,17.439,0.845,83.135,43.176,4.081,1.376,Medium
Storage,Liquid,EU,Off-Peak,0.298,36.021,46.46,10.68,20.623,0.755,89.442,23.117,15.756,1.343,Medium
Compute,Liquid,ME,Peak,0.802,78.7,68.499,20.692,23.525,0.951,98.72,48.635,5.592,1.355,High
GPU,Hybrid,APAC,Peak,0.431,34.17,53.963,7.483,24.947,0.891,97.295,59.12,7.057,1.666,Low
Storage,Air,APAC,Off-Peak,0.666,54.418,53.854,12.267,21.933,0.918,62.078,39.405,5.739,1.697,Low
Compute,Liquid,NA,Off-Peak,0.865,66.54,50.289,24.113,21.521,0.895,77.591,29.424,9.169,1.579,Low
Compute,Liquid,EU,Off-Peak,0.331,37.872,74.572,4.582,17.126,0.751,70.615,14.059,12.68,1.459,Medium
Storage,Hybrid,NA,Peak,0.641,61.309,89.022,11.016,23.618,0.958,76.847,33.241,9.188,1.262,High
Edge,Air,NA,Off-Peak,0.532,58.574,55.219,23.514,24.813,0.753,62.417,28.022,8.324,1.847,Low
Compute,Liquid,EU,Night,0.812,70.005,90.161,14.254,17.49,0.957,114.896,30.112,20.421,1.471,Medium
GPU,Air,APAC,Peak,0.728,57.391,75.246,12.425,27.092,0.723,206.857,124.114,16.549,1.29,High
GPU,Liquid,NA,Peak,0.793,62.615,80.881,35.532,20.626,0.948,146.034,61.571,17.781,1.676,Low
Compute,Air,EU,Off-Peak,0.359,33.284,71.413,12.547,25.136,0.658,67.073,16.159,11.939,1.582,Low
Compute,Air,EU,Peak,0.734,54.44,61.315,13.11,22.732,0.741,120.741,30.915,21.757,1.616,Low
Compute,Liquid,NA,Off-Peak,0.645,51.162,56.819,9.821,16.619,0.974,69.441,26.68,8.828,1.728,Low
GPU,Air,EU,Off-Peak,0.511,61.466,62.518,20.672,23.089,0.961,111.367,31.179,19.826,1.458,Medium
Compute,Air,APAC,Night,0.441,44.104,61.537,11.286,17.163,0.837,87.523,56.197,7.394,1.331,High
Compute,Air,NA,Night,0.398,32.036,76.818,8.732,25.489,0.817,63.34,23.119,7.419,1.58,Low
Storage,Air,APAC,Off-Peak,0.109,15.289,61.91,18.636,23.691,0.807,49.036,27.158,4.264,1.638,Low
GPU,Hybrid,EU,Peak,0.253,26.104,61.467,3.22,24.666,0.778,84.393,19.006,15.345,1.456,Medium
Compute,Liquid,APAC,Peak,0.153,16.06,66.072,11.727,20.211,0.904,44.604,26.379,2.495,1.572,Medium
Storage,Hybrid,NA,Night,0.864,67.173,56.789,15.913,20.539,0.904,71.123,32.972,7.934,1.454,Medium
Storage,Air,APAC,Off-Peak,0.874,64.858,80.738,12.343,25.053,0.861,99.505,57.788,7.968,1.773,Low
Storage,Hybrid,NA,Off-Peak,0.862,70.42,75.579,13.787,20.81,0.824,84.089,35.929,9.574,1.656,Low
GPU,Air,EU,Off-Peak,0.836,68.763,98.0,19.411,21.305,0.762,100.794,26.316,18.176,1.531,Low
Compute,Liquid,NA,Peak,0.299,36.638,43.23,9.866,17.588,0.937,68.063,25.09,8.395,1.525,Medium
GPU,Air,APAC,Peak,0.543,43.741,72.527,6.203,28.102,0.914,114.013,68.278,9.527,1.737,Low
Storage,Liquid,APAC,Peak,0.917,73.978,62.961,17.479,16.356,0.983,86.644,50.99,6.708,1.222,High
Storage,Liquid,NA,Off-Peak,0.784,59.653,73.018,13.432,18.079,0.99,63.863,25.695,6.563,1.524,Medium
Storage,Air,NA,Off-Peak,0.102,21.386,77.322,6.04,20.063,0.956,45.196,17.882,4.562,1.289,High
Storage,Air,NA,Peak,0.513,47.111,93.725,16.942,23.855,0.881,60.134,25.873,7.132,1.785,Low
Compute,Liquid,NA,Off-Peak,0.11,10.26,46.511,16.61,18.792,0.886,55.68,22.38,7.426,1.586,Low
Storage,Air,EU,Night,0.353,33.156,58.339,11.27,20.951,0.996,42.9,10.549,7.654,1.619,Medium
Storage,Air,EU,Off-Peak,0.492,42.146,33.179,16.201,23.331,0.908,63.678,14.598,11.799,1.278,High
Storage,Air,ME,Off-Peak,0.904,76.851,98.0,32.934,20.578,0.897,103.579,52.451,4.791,1.566,Medium
Compute,Liquid,ME,Peak,0.689,61.025,58.518,29.935,23.004,0.821,73.589,39.256,3.427,1.238,High
Edge,Hybrid,EU,Night,0.426,38.594,36.783,15.739,15.455,0.9,51.198,14.265,9.59,1.558,Medium
Storage,Air,NA,Off-Peak,0.542,51.124,68.39,23.808,20.704,0.903,58.822,23.721,7.493,1.651,Low
Compute,Air,NA,Night,0.836,62.061,54.685,15.862,20.744,0.773,78.206,30.469,9.492,1.235,High
Storage,Hybrid,EU,Off-Peak,0.37,34.527,48.108,14.014,27.674,0.768,64.056,18.741,11.854,1.38,Medium
GPU,Liquid,EU,Night,0.654,48.302,56.374,13.572,18.469,1.0,88.991,20.715,15.681,1.445,High
GPU,Air,EU,Night,0.336,29.572,80.674,8.509,16.161,0.897,90.082,21.405,16.706,1.258,High
Storage,Hybrid,ME,Off-Peak,0.532,46.617,91.18,25.998,22.139,0.823,54.675,26.325,3.087,1.58,Low
GPU,Air,APAC,Peak,0.122,13.506,64.893,4.545,24.789,0.757,79.586,50.52,6.562,1.645,Low
Compute,Air,NA,Peak,0.867,73.281,69.585,30.244,23.776,0.929,79.611,32.241,9.163,1.804,Low
Storage,Hybrid,NA,Peak,0.144,27.069,39.276,19.627,21.348,0.937,61.499,23.653,7.641,1.621,Low
GPU,Hybrid,APAC,Peak,0.302,27.589,54.94,13.964,23.612,0.688,89.025,52.393,6.943,1.761,Low
GPU,Air,APAC,Peak,0.4,30.081,68.032,12.924,24.282,0.971,115.175,68.361,10.105,1.568,Medium
Storage,Air,NA,Off-Peak,0.663,59.464,77.924,13.418,24.899,0.883,90.698,37.368,10.986,1.698,Low
GPU,Air,APAC,Peak,0.748,54.875,79.546,16.242,21.084,0.843,105.046,62.62,7.976,1.378,Medium
Compute,Air,EU,Off-Peak,0.172,22.185,65.285,9.931,19.382,0.819,115.893,31.901,20.51,1.427,Medium
GPU,Air,EU,Night,0.139,15.785,64.647,9.325,21.604,0.964,77.729,15.727,14.86,1.322,High
Compute,Air,NA,Off-Peak,0.819,58.642,77.228,18.038,23.818,0.834,60.562,24.87,8.001,1.477,Medium
Compute,Hybrid,APAC,Night,0.741,62.495,78.321,17.459,21.644,0.916,85.303,55.278,6.429,1.437,Medium
Compute,Hybrid,EU,Peak,0.848,67.912,51.975,16.719,20.367,0.736,80.934,21.024,14.506,1.269,High
Storage,Liquid,NA,Off-Peak,0.709,64.839,51.307,26.402,16.396,0.941,77.967,31.892,9.673,1.629,Low
Compute,Liquid,APAC,Peak,0.776,60.958,85.665,12.44,16.603,0.984,96.005,60.239,8.236,1.438,High
Compute,Air,APAC,Off-Peak,0.441,36.319,65.893,14.506,23.268,0.914,90.487,55.555,7.001,1.22,High
Compute,Air,APAC,Off-Peak,0.631,49.761,83.982,28.065,19.534,0.991,67.86,39.188,5.65,1.3,High
Compute,Air,NA,Peak,0.825,63.957,85.986,15.378,26.767,0.871,74.981,30.869,8.995,1.483,Medium
Storage,Liquid,ME,Peak,0.255,21.024,50.981,29.743,24.039,0.98,65.855,26.333,3.706,1.538,Medium
Storage,Air,NA,Off-Peak,0.481,36.217,83.574,6.903,27.559,0.736,50.749,20.626,6.567,1.774,Low
Compute,Hybrid,EU,Off-Peak,0.766,65.158,93.26,26.149,17.732,0.539,111.458,27.701,19.611,1.578,Low
GPU,Liquid,EU,Off-Peak,0.579,45.977,64.373,11.134,20.97,0.948,151.038,36.044,27.07,1.243,High
GPU,Air,EU,Peak,0.713,59.726,90.655,42.874,31.48,0.944,149.271,38.567,26.863,1.702,Low
GPU,Air,EU,Off-Peak,0.364,26.007,56.377,17.359,21.89,0.743,112.39,26.662,19.088,1.561,Low
Compute,Liquid,APAC,Peak,0.129,14.394,66.148,8.259,22.552,0.865,50.611,30.222,3.428,1.783,Low
GPU,Hybrid,EU,Night,0.126,17.734,72.495,16.32,17.166,0.773,94.989,21.654,16.78,1.392,Medium
Compute,Liquid,EU,Night,0.949,69.582,65.968,14.132,15.0,0.827,71.538,15.805,13.039,1.534,Medium
Compute,Air,NA,Peak,0.95,86.888,72.195,15.066,24.079,0.716,78.735,32.137,9.456,1.353,Medium
Compute,Liquid,NA,Peak,0.29,21.413,51.983,3.792,21.138,0.759,67.797,26.039,7.781,1.47,Medium
GPU,Air,NA,Off-Peak,0.233,19.761,56.846,2.936,23.717,0.698,81.718,31.361,10.214,1.304,Medium
Compute,Hybrid,ME,Peak,0.116,23.183,80.127,8.519,24.024,0.829,66.371,29.733,2.819,1.657,Low
Compute,Liquid,APAC,Night,0.308,24.392,58.615,12.281,20.331,0.928,53.234,31.829,4.77,1.442,Medium
Compute,Liquid,ME,Off-Peak,0.401,29.344,63.985,13.245,19.258,1.0,68.726,33.172,3.382,1.416,High
GPU,Air,NA,Peak,0.317,34.277,71.457,15.325,22.414,0.906,95.673,38.261,12.283,1.51,Medium
Storage,Liquid,EU,Peak,0.818,68.71,60.093,15.641,21.305,1.0,72.62,18.161,12.724,1.852,Low
Compute,Air,NA,Off-Peak,0.774,58.588,52.992,16.014,20.252,0.669,83.088,33.626,9.839,1.622,Low
Storage,Air,APAC,Off-Peak,0.173,15.713,50.83,11.973,31.249,0.866,36.186,21.326,2.713,1.613,Low
Storage,Air,NA,Off-Peak,0.728,69.327,62.172,11.68,19.879,0.895,78.518,35.485,9.088,1.106,High
Storage,Hybrid,NA,Peak,0.569,45.428,59.428,13.098,26.94,0.943,52.693,24.163,6.324,1.41,High
Compute,Liquid,EU,Peak,0.219,20.32,73.956,11.225,22.574,0.906,65.906,16.966,11.642,1.753,Low
GPU,Air,NA,Off-Peak,0.766,60.883,43.061,18.41,22.503,0.881,103.114,35.878,12.837,1.726,Low
Compute,Hybrid,EU,Off-Peak,0.177,25.135,83.714,4.479,25.543,0.865,67.388,15.605,12.642,1.579,Low
Storage,Air,EU,Peak,0.259,24.287,79.113,10.229,23.45,0.797,52.199,10.82,9.894,1.093,High
Compute,Air,APAC,Peak,0.234,23.446,28.325,22.813,22.714,0.972,52.94,30.427,4.51,1.569,Medium
Compute,Air,ME,Off-Peak,0.945,78.178,77.924,10.552,20.939,0.941,89.328,44.072,3.193,1.367,High
Compute,Liquid,NA,Off-Peak,0.728,56.003,50.765,15.948,22.298,1.0,104.306,46.638,13.253,1.458,Medium
Storage,Liquid,EU,Peak,0.47,39.997,66.312,13.277,20.981,0.776,45.924,11.234,8.926,1.794,Low
Compute,Air,APAC,Off-Peak,0.84,66.563,56.294,19.919,27.363,0.95,76.025,43.651,5.797,1.763,Low
GPU,Liquid,EU,Peak,0.294,34.394,51.742,16.56,21.424,0.934,120.704,32.173,21.83,1.175,High
Compute,Air,NA,Peak,0.938,69.731,69.339,13.267,29.934,0.911,85.921,29.243,10.384,1.594,Low
Storage,Liquid,APAC,Off-Peak,0.727,51.274,74.004,13.651,18.498,1.0,101.212,61.375,8.08,1.185,High
GPU,Air,NA,Off-Peak,0.604,47.501,65.906,36.367,25.301,0.797,131.7,49.995,15.533,1.752,Low
Storage,Liquid,NA,Peak,0.815,75.888,71.968,9.973,19.34,1.0,80.095,35.751,9.45,1.122,High
GPU,Liquid,NA,Peak,0.68,52.352,86.386,20.984,19.128,0.824,102.629,38.702,13.246,1.261,High
Storage,Liquid,NA,Peak,0.898,74.276,83.66,21.897,23.021,0.997,68.488,27.673,7.445,1.635,Low
Compute,Air,NA,Night,0.846,66.396,75.043,21.584,22.682,0.565,97.407,36.278,12.025,1.416,Low
GPU,Liquid,NA,Peak,0.278,23.223,55.983,3.291,22.291,0.758,92.221,36.753,10.128,1.462,Medium
Compute,Air,EU,Peak,0.316,27.389,87.031,11.476,23.426,0.756,64.633,14.902,11.115,1.601,Low
Storage,Hybrid,NA,Peak,0.159,24.21,70.042,26.735,25.023,0.886,69.413,30.283,7.18,1.404,Medium
GPU,Air,NA,Off-Peak,0.298,28.557,49.423,23.833,23.031,0.875,109.325,43.202,13.962,1.728,Low
Compute,Air,EU,Off-Peak,0.409,30.392,70.833,11.792,21.673,0.944,114.713,25.93,20.796,1.536,Medium
Compute,Liquid,NA,Peak,0.126,11.084,66.697,25.406,22.013,0.989,56.453,17.462,6.37,1.375,High
Storage,Liquid,NA,Off-Peak,0.383,31.542,72.37,30.783,18.182,0.935,70.323,28.002,9.145,1.231,High
GPU,Air,EU,Peak,0.794,67.702,71.958,11.945,26.446,0.76,105.563,28.26,18.968,1.787,Low
Edge,Hybrid,NA,Off-Peak,0.856,66.7,98.0,23.382,18.157,0.747,61.931,24.993,7.685,1.387,Medium
Storage,Hybrid,NA,Peak,0.108,13.538,63.271,3.831,21.972,0.756,67.267,24.762,7.594,1.658,Low
Storage,Liquid,EU,Peak,0.106,13.927,26.439,7.053,22.249,0.909,46.732,11.135,9.156,1.689,Low
Edge,Air,EU,Peak,0.232,23.066,27.015,6.485,20.964,0.756,56.554,13.737,10.166,1.682,Low
Compute,Liquid,EU,Off-Peak,0.885,68.892,50.836,32.134,19.376,0.928,79.379,22.687,13.259,1.611,Low
Compute,Air,ME,Off-Peak,0.522,43.171,72.914,6.679,18.706,0.728,82.756,38.723,4.673,1.527,Low
GPU,Air,EU,Off-Peak,0.985,75.606,89.661,10.553,24.614,0.696,134.486,29.368,24.017,1.561,Low
GPU,Hybrid,EU,Peak,0.899,73.603,95.047,12.517,24.795,0.815,119.49,30.027,21.544,1.753,Low
GPU,Hybrid,NA,Peak,0.901,79.924,71.025,43.332,17.168,0.936,121.52,48.922,14.02,1.165,High
Storage,Hybrid,APAC,Off-Peak,0.216,18.084,57.382,5.849,20.009,0.773,58.341,36.426,3.764,1.302,High
Compute,Air,NA,Night,0.528,42.379,74.82,19.49,18.429,0.857,65.909,23.998,8.62,1.112,High
Storage,Air,EU,Night,0.994,75.175,73.34,17.361,23.845,0.733,85.517,20.679,15.138,1.615,Low
Compute,Air,EU,Off-Peak,0.234,24.914,67.455,15.031,17.669,0.746,89.676,23.341,15.604,1.688,Low
Compute,Air,EU,Peak,0.617,47.722,56.862,11.286,36.309,0.729,68.949,18.841,12.564,1.519,Low
GPU,Air,ME,Off-Peak,0.41,31.58,66.993,23.912,26.809,0.93,133.515,67.484,5.526,1.528,Medium
Compute,Air,ME,Peak,0.449,39.965,60.584,11.033,26.075,0.744,62.186,32.679,2.24,1.495,Medium
GPU,Liquid,NA,Off-Peak,0.902,70.899,95.802,14.742,21.75,1.0,113.14,48.364,13.667,1.498,Medium
Storage,Liquid,NA,Peak,0.629,48.404,78.063,10.81,21.93,1.0,52.915,22.387,5.573,1.439,High
Storage,Liquid,APAC,Peak,0.783,62.136,98.0,26.259,25.005,1.0,59.065,34.535,4.136,1.541,Medium
Compute,Hybrid,EU,Peak,0.706,71.096,76.885,14.117,18.557,0.927,84.484,18.768,14.291,1.556,Medium
Compute,Air,EU,Off-Peak,0.576,53.318,58.958,11.585,18.604,0.819,77.011,18.308,13.849,1.323,High
Compute,Air,APAC,Off-Peak,0.813,62.796,62.413,13.025,24.558,0.949,116.181,70.753,10.168,1.684,Low
Edge,Liquid,EU,Off-Peak,0.974,80.551,66.522,22.897,17.632,1.0,72.89,15.697,13.503,1.351,High
GPU,Liquid,ME,Night,0.97,71.471,88.825,14.038,18.187,0.904,126.783,62.751,7.61,1.27,High
Storage,Liquid,EU,Night,0.811,58.456,75.811,18.227,18.226,0.919,81.306,19.444,15.231,1.545,Medium
Compute,Air,EU,Peak,0.539,44.402,63.059,13.416,29.388,0.872,75.375,18.496,13.484,1.65,Low
Edge,Air,EU,Off-Peak,0.247,31.638,76.077,29.677,24.829,0.905,58.352,16.377,10.286,1.537,Medium
Compute,Liquid,APAC,Off-Peak,0.14,16.618,71.813,5.166,18.915,1.0,50.374,29.192,4.187,1.377,High
Compute,Hybrid,EU,Night,0.308,39.465,69.154,9.329,21.48,0.787,89.385,25.209,15.558,1.207,High
Storage,Hybrid,EU,Peak,0.406,37.293,55.743,6.022,20.143,0.8,66.865,16.076,11.818,1.371,Medium
Edge,Liquid,ME,Peak,0.217,31.426,39.398,8.441,15.0,1.0,31.247,16.347,1.084,1.211,High
Compute,Liquid,EU,Peak,0.302,26.236,76.728,8.295,20.94,0.896,54.627,18.863,10.242,1.592,Low
Compute,Hybrid,NA,Night,0.175,21.662,64.666,2.563,35.155,0.709,68.121,25.983,7.233,1.319,Medium
Edge,Liquid,EU,Night,0.571,44.888,83.317,16.847,18.99,0.949,58.755,13.684,10.405,1.413,High
Compute,Liquid,EU,Peak,0.214,39.753,36.433,7.84,16.621,1.0,83.824,22.816,14.785,1.522,Medium
Compute,Hybrid,NA,Night,0.768,59.308,76.167,12.183,19.293,0.752,87.248,31.749,11.496,1.662,Low
Storage,Liquid,EU,Peak,0.399,28.215,42.363,9.519,27.765,1.0,59.677,15.002,11.45,1.663,Low
GPU,Hybrid,APAC,Peak,0.705,56.137,71.381,14.614,22.776,0.855,162.628,94.475,13.512,1.553,Medium
Storage,Air,EU,Off-Peak,0.894,79.246,70.502,29.892,22.325,0.793,73.969,19.255,12.346,1.443,Medium
Edge,Liquid,APAC,Peak,0.177,21.105,71.289,5.99,17.904,0.964,38.016,23.56,2.935,1.443,Medium
Storage,Hybrid,EU,Peak,0.99,86.198,86.749,24.316,22.278,0.87,94.107,26.377,16.5,1.381,High
Compute,Air,ME,Night,0.681,54.172,63.053,22.997,16.916,0.966,68.862,30.366,3.127,1.448,Medium
Edge,Liquid,NA,Off-Peak,0.148,29.923,56.855,5.427,17.437,0.898,74.15,32.449,10.209,1.128,High
Storage,Air,NA,Night,0.383,47.41,55.557,34.807,27.278,0.952,93.411,39.672,11.216,1.631,Low
Compute,Hybrid,EU,Peak,0.898,67.529,44.114,27.811,19.049,0.851,111.542,29.962,19.546,1.449,Medium
Storage,Liquid,EU,Peak,0.637,64.5,68.047,35.232,22.456,1.0,90.684,23.433,15.806,1.491,Medium
Compute,Air,NA,Peak,0.359,30.055,28.505,30.647,31.034,0.911,62.425,28.892,8.253,1.714,Low
Compute,Air,NA,Night,0.946,70.101,60.188,19.921,22.111,0.78,89.483,33.571,10.747,1.258,High
Compute,Liquid,EU,Peak,0.809,57.452,75.211,10.66,24.531,1.0,74.972,21.224,13.333,1.51,Medium
Storage,Liquid,NA,Peak,0.762,59.523,72.158,12.211,34.188,0.872,77.091,30.729,8.359,1.43,Medium
GPU,Air,EU,Peak,0.9,68.087,86.029,25.34,22.378,0.706,129.701,29.001,23.458,1.367,Medium
Storage,Hybrid,APAC,Off-Peak,0.793,67.623,69.609,13.739,21.279,0.691,76.915,46.263,5.8,1.543,Low
Edge,Liquid,APAC,Peak,0.358,35.19,79.525,16.351,18.735,0.876,76.324,49.27,5.953,1.397,Medium
Compute,Liquid,NA,Peak,0.625,46.703,75.191,15.871,19.204,0.915,64.257,24.634,6.934,1.294,High
Compute,Air,EU,Off-Peak,0.858,62.099,76.659,9.317,24.0,0.886,75.409,18.448,14.167,1.755,Low
Compute,Hybrid,EU,Peak,0.263,25.671,37.329,6.29,27.039,0.889,104.833,23.846,19.581,1.51,Medium
Compute,Air,APAC,Peak,0.247,27.43,85.33,4.813,24.607,0.962,83.75,51.57,7.062,1.392,High
Compute,Liquid,APAC,Peak,0.243,30.544,41.808,14.551,23.194,1.0,66.54,42.705,5.476,1.393,High
GPU,Hybrid,NA,Night,0.275,31.278,64.606,13.438,24.722,0.809,91.465,37.384,10.62,1.457,Medium
Edge,Air,NA,Peak,0.193,20.333,88.519,16.405,18.249,0.919,40.0,12.841,4.457,1.05,High
Edge,Liquid,NA,Peak,0.854,64.467,41.4,30.908,22.478,0.956,68.881,30.297,8.939,1.141,High
Compute,Air,NA,Peak,0.836,74.138,65.106,23.569,19.775,0.751,228.58,91.432,27.43,1.737,Low
GPU,Liquid,EU,Night,0.236,25.359,22.11,22.206,15.414,0.985,85.072,20.148,15.048,1.166,High
Compute,Liquid,EU,Peak,0.735,53.903,80.572,17.222,24.407,0.964,81.294,19.755,14.688,2.344,Medium
Compute,Hybrid,NA,Night,0.664,51.422,66.861,26.449,23.129,0.898,85.765,35.236,10.436,1.298,High
GPU,Hybrid,EU,Night,0.349,40.24,53.445,21.822,17.051,0.936,94.213,23.226,17.762,1.234,High
Storage,Liquid,ME,Peak,0.305,24.945,48.502,16.398,18.494,1.0,59.514,30.857,3.451,1.284,High
Compute,Liquid,EU,Peak,0.326,29.846,56.139,21.225,21.493,0.837,95.145,23.444,17.1,1.375,Medium
Storage,Liquid,NA,Off-Peak,0.758,54.403,78.909,27.853,24.814,0.975,64.166,25.84,6.95,1.545,Medium
Compute,Air,EU,Off-Peak,0.387,36.385,50.244,6.018,33.677,0.714,66.299,15.894,11.957,1.691,Low
GPU,Liquid,EU,Off-Peak,0.35,26.194,58.415,13.243,22.687,0.937,83.55,21.759,15.057,1.31,High
Storage,Hybrid,APAC,Night,0.12,14.892,59.379,11.065,20.233,0.808,58.121,35.767,4.481,1.392,Medium
Edge,Air,NA,Peak,0.917,68.751,67.768,12.956,20.143,0.81,69.812,28.421,8.157,1.615,Low
Compute,Air,EU,Off-Peak,0.777,63.345,73.425,28.292,25.223,0.83,71.496,21.68,11.796,1.402,Medium
Compute,Air,EU,Peak,0.526,46.161,48.265,9.291,23.049,0.768,62.982,12.839,11.672,1.576,Low
Storage,Air,EU,Off-Peak,0.949,76.215,60.932,21.14,22.123,0.822,71.613,14.37,13.099,1.164,High
Storage,Air,APAC,Off-Peak,0.364,36.431,60.041,7.16,18.321,0.859,91.46,54.378,7.421,1.403,Medium
Compute,Air,NA,Peak,0.707,59.095,45.91,16.91,22.806,0.846,90.745,34.52,10.231,1.574,Low
GPU,Air,EU,Peak,0.375,31.668,55.933,13.57,24.601,0.966,89.314,18.517,15.921,1.739,Low
GPU,Liquid,NA,Peak,0.383,40.408,56.224,16.977,16.713,0.771,96.996,41.728,11.518,1.349,Medium
Edge,Air,NA,Off-Peak,0.86,69.506,81.938,19.702,17.85,0.907,74.105,28.053,8.791,1.253,High
GPU,Liquid,EU,Night,0.808,57.861,87.144,16.404,20.088,0.989,98.587,25.622,18.13,1.067,High
GPU,Hybrid,NA,Off-Peak,0.365,41.928,79.479,5.244,19.877,0.945,206.511,82.633,25.466,1.448,Medium
Storage,Hybrid,NA,Off-Peak,0.173,21.749,62.146,10.063,20.55,0.789,55.332,24.704,6.244,1.522,Low
GPU,Liquid,APAC,Peak,0.422,44.038,43.155,6.85,21.075,0.815,123.614,74.136,9.468,1.436,Medium
Compute,Air,EU,Peak,0.784,61.651,53.583,13.871,22.376,0.884,67.388,16.326,12.056,1.646,Low
Compute,Hybrid,NA,Peak,0.19,33.669,64.53,7.011,28.002,0.598,79.146,35.838,9.537,1.805,Low
Compute,Liquid,EU,Peak,0.705,61.795,79.793,13.009,23.718,0.974,89.221,25.49,14.817,1.181,High
Storage,Air,NA,Off-Peak,0.901,72.22,54.322,21.727,26.328,0.923,69.935,32.206,8.655,1.377,High
Compute,Air,NA,Night,0.261,23.809,81.344,19.333,23.629,0.945,66.013,25.553,7.684,1.422,High
Edge,Air,EU,Off-Peak,0.876,66.663,90.241,21.696,26.274,0.882,69.63,13.989,12.654,1.209,High
Compute,Air,NA,Off-Peak,0.146,15.243,80.023,12.397,25.933,0.816,67.065,28.139,7.927,1.586,Low
Compute,Air,ME,Peak,0.7,51.346,72.32,16.517,24.727,0.772,74.852,39.186,4.258,1.463,Medium
Storage,Hybrid,NA,Peak,0.812,69.165,53.615,40.276,21.676,0.87,84.343,35.562,10.334,1.364,High
Compute,Liquid,APAC,Peak,0.5,40.281,74.13,36.542,17.894,1.0,64.898,37.565,5.324,1.361,High
Compute,Liquid,APAC,Off-Peak,0.283,32.459,59.035,9.007,17.052,0.968,82.339,48.494,6.002,1.56,Medium
Compute,Hybrid,ME,Off-Peak,0.932,70.466,73.428,13.548,23.762,0.64,71.854,31.472,4.096,1.651,Low
Storage,Liquid,EU,Peak,0.118,24.152,77.036,5.049,17.973,0.928,60.324,14.439,10.283,1.534,Medium
Storage,Hybrid,APAC,Off-Peak,0.6,53.119,58.665,10.792,23.4,0.748,59.247,36.893,4.95,1.725,Low
GPU,Hybrid,ME,Off-Peak,0.436,32.015,68.282,17.494,21.392,0.759,116.51,59.919,5.879,1.612,Low
GPU,Air,NA,Peak,0.515,46.33,59.402,17.513,25.144,0.971,100.442,35.678,12.338,1.457,Medium
Storage,Hybrid,EU,Off-Peak,0.583,46.352,57.973,12.098,20.491,0.896,76.421,20.49,12.95,1.27,High
Compute,Liquid,NA,Off-Peak,0.581,45.898,56.723,9.58,15.0,1.0,83.475,27.804,10.233,1.374,High
Compute,Air,EU,Peak,0.283,23.914,48.934,6.11,22.45,0.943,62.497,14.657,11.203,1.379,High
GPU,Liquid,EU,Off-Peak,0.712,65.117,52.194,10.695,18.361,0.955,95.159,21.061,16.901,1.377,High
Compute,Liquid,NA,Peak,0.117,18.232,87.615,2.547,20.607,1.0,68.253,25.228,8.798,1.364,High
Compute,Hybrid,APAC,Off-Peak,0.119,27.086,57.565,7.689,22.569,0.866,57.673,35.548,4.342,1.516,Medium
GPU,Air,NA,Night,0.531,41.893,72.151,8.819,22.549,0.782,94.898,36.3,11.551,1.31,High
Storage,Liquid,APAC,Off-Peak,0.588,49.432,57.421,15.717,15.0,1.0,62.435,38.845,4.792,1.464,Medium
Compute,Air,NA,Peak,0.347,40.071,47.403,13.562,20.676,0.693,81.905,32.856,9.577,1.703,Low
Compute,Air,EU,Peak,0.597,44.787,55.868,11.19,27.226,0.912,75.304,16.434,13.838,1.513,Medium
Edge,Air,NA,Peak,0.564,53.251,54.605,20.636,22.729,0.869,67.412,27.628,8.41,1.225,High
GPU,Liquid,NA,Peak,0.414,41.384,65.332,15.011,24.554,1.0,119.752,45.192,13.84,1.452,High
GPU,Hybrid,APAC,Off-Peak,0.687,61.974,66.159,20.314,20.499,0.877,116.883,71.086,8.916,1.398,Medium
Storage,Air,NA,Peak,0.962,68.597,98.0,14.312,28.177,0.762,106.133,45.477,12.377,1.624,Low
Storage,Liquid,EU,Peak,0.542,54.593,53.82,14.338,19.931,0.988,86.063,21.361,15.232,1.123,High
Edge,Air,ME,Off-Peak,0.807,67.885,78.541,13.719,22.654,0.862,56.963,28.408,2.5,1.38,High
Edge,Air,NA,Off-Peak,0.323,31.227,30.12,4.251,25.438,0.908,40.732,14.818,4.561,2.002,Low
Compute,Liquid,APAC,Peak,0.786,75.554,63.595,16.574,17.219,0.865,83.691,52.049,6.561,1.523,Medium
GPU,Air,NA,Off-Peak,0.684,50.201,98.0,15.203,21.069,0.918,124.772,49.852,15.679,1.451,Medium
Compute,Liquid,NA,Night,0.676,57.507,49.509,8.594,22.673,0.938,86.705,34.518,10.19,1.317,High
Compute,Air,NA,Peak,0.904,83.308,84.965,10.404,23.705,0.897,111.16,43.61,13.405,1.686,Low
Storage,Air,ME,Off-Peak,0.31,31.093,67.186,16.376,22.546,0.93,49.94,22.5,2.461,1.672,Low
Storage,Liquid,NA,Off-Peak,0.432,45.509,57.539,9.693,19.043,0.869,59.248,25.167,8.117,1.83,Low
Edge,Liquid,APAC,Off-Peak,0.175,18.506,36.248,13.329,20.955,1.0,31.636,16.246,2.497,1.3,High
Compute,Air,ME,Peak,0.754,55.361,65.166,19.291,27.108,0.86,86.092,46.625,4.464,1.05,High
Storage,Liquid,NA,Peak,0.859,75.138,60.748,12.212,19.928,0.897,103.96,38.922,11.443,1.484,Medium
Edge,Hybrid,EU,Off-Peak,0.465,48.888,49.173,30.087,22.264,0.89,61.303,17.421,10.632,1.05,High
Edge,Liquid,APAC,Night,0.421,42.433,32.462,11.019,15.0,0.919,51.378,30.717,4.513,1.352,High
Compute,Air,NA,Off-Peak,0.693,57.517,66.743,17.167,24.039,0.792,100.907,40.794,12.126,1.57,Low
Compute,Liquid,NA,Night,0.168,17.562,47.79,8.01,15.272,0.963,80.009,32.192,8.84,1.346,High
Storage,Liquid,EU,Off-Peak,0.364,27.996,46.014,8.133,22.996,0.906,68.094,14.438,11.453,1.522,Medium
Compute,Air,APAC,Night,0.43,36.943,42.508,13.494,26.843,0.933,57.424,33.766,3.893,1.336,High
Edge,Hybrid,APAC,Off-Peak,0.567,52.221,54.995,12.088,15.435,0.669,67.009,41.845,5.375,1.27,High
Edge,Hybrid,NA,Night,0.529,46.373,74.963,19.461,24.59,0.82,68.803,26.224,8.591,1.564,Low
Compute,Hybrid,NA,Peak,0.288,33.478,64.519,10.566,22.402,0.963,57.696,23.87,6.955,1.58,Medium
Compute,Hybrid,ME,Night,0.587,48.136,69.042,13.6,22.019,0.858,70.934,33.377,4.108,1.263,High
Compute,Liquid,NA,Peak,0.933,71.817,62.153,22.64,23.838,0.914,98.824,39.245,12.686,1.503,Medium
Edge,Liquid,APAC,Peak,0.124,23.782,82.694,2.135,15.937,0.752,58.203,36.548,4.562,1.416,Medium
Compute,Liquid,NA,Off-Peak,0.712,56.791,60.054,19.65,18.16,0.957,77.435,27.96,8.802,1.315,High
Storage,Hybrid,APAC,Peak,0.662,48.24,73.355,16.216,18.633,0.915,51.941,30.869,4.175,1.349,High
Storage,Liquid,ME,Peak,0.932,75.428,88.857,14.296,16.717,1.0,72.426,33.362,3.185,1.215,High
Storage,Air,NA,Night,0.681,54.649,65.105,12.1,25.314,0.842,54.207,20.348,6.102,1.373,High
Compute,Air,NA,Off-Peak,0.662,57.493,37.588,13.47,25.521,0.966,85.265,34.856,10.651,1.234,High
Compute,Hybrid,EU,Night,0.793,60.377,77.642,16.409,34.57,0.885,94.361,23.317,17.405,1.36,High
Edge,Air,NA,Night,0.341,40.751,65.265,19.514,16.55,0.96,59.377,22.417,6.182,1.318,High
Edge,Liquid,EU,Peak,0.636,52.68,44.573,24.392,23.985,0.887,65.755,18.098,11.309,1.713,Low
GPU,Hybrid,EU,Peak,0.567,0.202,71.128,31.613,25.966,0.887,96.372,23.246,17.646,1.499,Medium
Compute,Liquid,NA,Peak,0.495,40.23,63.228,21.56,22.284,1.0,62.806,23.19,8.419,1.265,High
Compute,Hybrid,NA,Off-Peak,0.172,19.178,63.803,3.073,21.127,0.654,66.635,24.592,7.043,1.539,Low
Storage,Liquid,APAC,Off-Peak,0.363,31.895,41.37,6.104,16.734,0.948,77.94,44.897,6.151,1.098,High
Compute,Air,EU,Off-Peak,0.352,36.261,73.676,10.82,22.239,0.899,83.366,21.486,15.034,1.603,Low
Edge,Hybrid,NA,Peak,0.752,59.626,61.377,18.249,24.254,0.797,59.84,21.006,7.403,1.318,High
Storage,Air,EU,Peak,0.929,69.047,58.207,17.713,24.698,0.838,85.487,22.087,16.496,1.623,Low
Compute,Air,APAC,Off-Peak,0.308,35.98,72.667,13.773,23.13,0.865,89.588,55.26,7.447,1.537,Medium
Edge,Air,EU,Peak,0.167,15.886,71.238,6.314,31.932,0.913,81.486,19.269,14.631,2.494,High
Edge,Air,NA,Night,1.0,73.964,77.048,32.095,19.928,0.96,63.876,28.05,7.407,1.436,Medium
Compute,Air,NA,Peak,0.722,51.433,78.982,15.857,21.085,0.985,98.821,36.553,11.737,1.369,High
Storage,Air,APAC,Peak,0.898,83.458,64.567,10.621,25.48,0.657,138.966,80.012,12.066,1.735,Low
Compute,Liquid,APAC,Peak,0.229,23.549,52.032,15.571,20.874,1.0,56.108,32.983,4.764,1.391,High
Compute,Hybrid,EU,Off-Peak,0.821,64.576,90.314,11.392,19.836,0.77,85.826,22.723,14.657,1.417,Medium
Compute,Air,NA,Peak,0.832,69.104,35.762,28.184,23.591,0.982,80.311,29.62,10.805,1.311,High
Storage,Air,EU,Peak,0.236,18.55,28.043,6.521,21.653,0.787,34.262,7.529,5.839,1.654,Low
Edge,Liquid,APAC,Off-Peak,0.245,25.937,55.184,17.079,19.521,1.0,203.873,122.324,16.31,1.356,High
Storage,Liquid,NA,Night,0.366,30.857,53.588,4.616,20.631,0.968,42.507,18.257,4.264,1.656,Low
Compute,Hybrid,NA,Night,0.295,26.132,78.323,5.547,19.672,0.82,74.892,31.151,8.952,1.362,High
Storage,Air,EU,Peak,0.978,83.315,67.838,18.623,23.707,0.896,93.779,21.743,16.697,1.632,Low
Compute,Hybrid,APAC,Off-Peak,0.427,40.293,66.863,15.97,19.327,0.619,66.559,43.701,5.101,1.816,Low
GPU,Liquid,NA,Peak,0.785,70.97,83.514,28.99,20.818,0.972,110.784,46.649,12.775,1.442,Medium
Storage,Liquid,EU,Peak,0.825,59.211,85.414,23.526,22.777,1.0,65.451,21.549,13.262,1.119,High
Compute,Air,EU,Off-Peak,0.447,43.219,46.976,17.656,24.021,0.763,80.57,19.139,14.438,1.658,Low
Compute,Air,EU,Peak,0.714,71.312,74.899,24.921,25.667,0.662,75.958,19.753,13.878,1.711,Low
GPU,Air,EU,Off-Peak,0.197,29.247,32.66,11.298,19.459,0.781,175.247,46.35,31.417,1.857,Low
Compute,Air,EU,Night,0.457,42.399,77.312,11.553,25.293,0.886,63.204,14.603,12.248,1.629,Low
GPU,Liquid,NA,Peak,0.971,75.231,68.669,20.242,20.386,1.0,109.801,41.677,12.756,1.356,High
Compute,Hybrid,NA,Peak,0.252,26.05,68.199,13.434,28.788,0.904,68.749,27.852,8.585,1.55,Medium
Compute,Liquid,EU,Off-Peak,0.447,36.237,58.855,22.568,20.713,0.782,111.934,28.352,20.896,1.636,Low
Storage,Liquid,NA,Off-Peak,0.811,59.744,65.946,12.056,15.0,0.89,65.972,25.485,8.291,1.455,Medium
Edge,Liquid,EU,Night,0.699,57.497,74.271,28.489,15.0,0.978,60.515,15.968,10.755,1.221,High
Edge,Air,EU,Night,0.668,50.533,72.544,13.939,22.455,0.985,53.977,12.429,9.003,2.573,High
Compute,Hybrid,NA,Off-Peak,0.868,63.609,62.777,17.171,18.378,0.897,103.164,39.49,11.588,1.202,High
Compute,Liquid,EU,Peak,0.126,25.009,36.538,2.439,19.813,0.858,54.506,13.91,10.178,1.566,Low
Compute,Air,EU,Off-Peak,0.794,70.585,62.985,17.515,21.756,0.563,75.909,17.63,14.294,1.628,Low
Storage,Air,NA,Peak,0.894,75.319,76.321,15.784,15.574,0.911,94.933,39.205,11.077,1.515,Medium
Storage,Liquid,EU,Night,0.115,14.882,75.844,14.531,17.616,0.933,70.766,18.17,13.168,1.46,Medium
Edge,Liquid,ME,Peak,0.603,49.42,62.569,8.528,21.963,0.987,78.682,39.094,3.598,1.278,High
Edge,Air,EU,Off-Peak,0.414,41.869,49.679,11.396,29.493,0.905,45.648,11.013,8.317,1.746,Low
Compute,Hybrid,EU,Peak,0.146,13.728,38.646,8.332,21.858,0.761,54.525,11.623,10.073,1.326,High
Storage,Liquid,NA,Off-Peak,0.476,44.882,66.54,9.903,18.523,0.966,55.824,21.171,6.574,1.374,High
GPU,Liquid,NA,Off-Peak,0.68,60.467,62.815,16.702,18.024,0.958,114.816,40.93,13.976,1.868,Low
GPU,Air,NA,Off-Peak,0.927,70.672,64.07,11.999,30.81,0.712,121.566,47.27,15.042,1.852,Low
Compute,Air,APAC,Off-Peak,0.658,50.566,90.542,13.344,23.704,0.829,61.933,35.634,4.379,1.651,Low
Compute,Hybrid,NA,Off-Peak,0.871,69.276,77.447,40.754,19.518,0.821,124.066,49.14,13.8,1.282,High
Storage,Hybrid,NA,Peak,0.209,24.129,65.207,11.542,23.067,0.765,48.66,20.862,5.515,1.57,Low
Compute,Air,APAC,Night,0.289,22.479,52.122,8.99,20.174,0.833,65.769,38.821,5.788,1.502,Medium
Compute,Air,NA,Night,0.973,80.235,72.729,13.724,20.093,0.826,101.134,40.399,12.019,1.438,Medium
Compute,Air,NA,Peak,0.899,81.696,74.117,27.782,23.011,0.796,83.599,34.157,9.039,1.414,Medium
Storage,Air,EU,Night,0.312,30.691,52.327,5.056,23.517,0.866,48.173,11.383,9.291,1.381,High
Compute,Liquid,NA,Night,0.659,47.356,79.248,7.497,15.666,0.907,75.381,32.792,9.103,1.197,High
Compute,Hybrid,EU,Off-Peak,0.426,38.309,53.911,11.862,20.01,0.93,82.248,22.234,14.992,1.268,High
Compute,Air,NA,Peak,0.522,43.382,80.979,12.189,25.042,0.668,61.991,25.79,8.022,1.736,Low
GPU,Air,NA,Off-Peak,0.875,70.985,82.416,12.975,23.217,0.673,118.125,45.96,14.843,1.561,Low
GPU,Hybrid,APAC,Peak,0.762,57.439,77.552,24.312,26.83,0.818,97.393,58.256,7.895,1.578,Low
Storage,Air,APAC,Off-Peak,0.315,30.692,61.416,17.167,22.012,0.878,42.585,24.19,3.405,1.231,High
Storage,Hybrid,APAC,Off-Peak,0.384,40.576,60.047,8.825,21.026,0.881,77.319,42.527,5.921,1.514,Medium
Edge,Liquid,APAC,Night,0.361,31.666,76.598,10.855,15.0,1.0,42.547,24.739,3.225,1.362,High
Compute,Hybrid,EU,Off-Peak,0.803,58.094,64.44,18.145,21.469,0.886,75.532,20.86,14.085,2.299,Low
Compute,Air,EU,Peak,0.541,44.949,30.252,18.029,35.934,0.906,71.835,16.031,12.112,1.373,High
Compute,Air,EU,Off-Peak,0.956,74.872,68.902,48.893,22.29,0.884,86.401,20.846,16.108,1.386,High
Compute,Air,APAC,Peak,0.835,76.465,64.853,19.073,23.817,0.792,112.213,68.545,10.235,1.865,Low
Compute,Air,EU,Peak,0.29,24.274,49.679,6.279,17.597,0.861,58.318,12.217,9.797,1.185,High
Edge,Air,NA,Peak,0.807,63.99,85.042,13.82,21.591,0.804,78.033,31.731,9.014,1.594,Low
Storage,Hybrid,APAC,Peak,0.555,51.361,43.328,25.07,20.148,0.84,105.415,58.954,7.855,1.708,Low
Storage,Hybrid,APAC,Night,0.328,26.758,56.95,8.097,21.42,0.847,68.075,41.066,5.181,1.473,Medium
Edge,Liquid,APAC,Off-Peak,0.427,33.971,61.921,13.356,17.342,0.951,36.119,21.026,3.128,1.42,High
Compute,Air,NA,Off-Peak,0.975,77.378,64.831,12.436,27.446,0.922,87.817,37.139,10.702,1.659,Low
Compute,Liquid,NA,Peak,0.536,39.925,79.2,12.255,20.968,1.0,60.15,21.751,7.499,1.242,High
Storage,Liquid,NA,Off-Peak,0.748,72.455,93.88,34.53,20.176,1.0,82.464,33.647,10.607,1.44,High
Storage,Air,EU,Off-Peak,0.529,42.272,67.035,21.322,24.227,0.842,69.649,15.537,12.577,1.538,Medium
Compute,Hybrid,NA,Off-Peak,0.434,39.983,68.499,16.555,17.382,0.711,67.384,23.725,8.927,1.584,Low
Storage,Air,NA,Night,0.817,64.752,81.489,17.184,21.908,0.767,70.233,26.315,8.682,1.678,Low
Storage,Air,NA,Off-Peak,0.863,71.132,75.402,15.771,18.687,0.758,76.948,35.936,9.055,1.53,Low
Storage,Air,NA,Off-Peak,0.165,14.916,85.483,23.247,25.889,0.832,52.74,20.487,6.495,1.748,Low
Storage,Liquid,APAC,Peak,0.351,32.47,55.933,8.069,18.844,1.0,64.391,38.248,4.603,1.363,High
Compute,Liquid,APAC,Peak,0.557,54.831,72.464,11.549,22.929,0.984,95.023,58.822,7.589,1.455,Medium
Compute,Air,NA,Night,0.385,38.779,57.246,14.388,18.965,0.826,49.675,20.547,5.863,1.593,Low
Storage,Air,EU,Off-Peak,0.805,59.817,90.363,15.131,23.718,0.906,57.098,11.03,10.182,1.886,Low
Compute,Air,NA,Off-Peak,0.203,26.294,46.0,10.296,21.159,0.852,57.739,22.825,8.041,1.345,High
Edge,Air,NA,Night,0.818,63.657,58.244,17.003,24.002,0.963,60.768,21.391,7.561,1.529,Medium
Storage,Air,APAC,Off-Peak,0.656,52.204,68.527,11.399,22.884,0.984,72.365,43.754,6.763,1.559,Medium
Compute,Air,APAC,Off-Peak,0.36,39.084,84.434,24.01,35.391,0.783,66.823,40.337,5.341,1.476,Medium
GPU,Air,APAC,Peak,0.41,31.885,86.128,6.811,23.302,0.744,94.857,56.991,7.216,1.576,Low
Storage,Hybrid,EU,Off-Peak,0.265,25.529,34.854,15.208,19.899,0.843,75.588,16.301,14.202,1.851,Low
Compute,Liquid,APAC,Peak,0.327,30.617,76.431,13.788,20.907,0.887,76.643,48.1,5.652,1.385,High
GPU,Liquid,NA,Peak,0.746,56.962,71.654,17.607,21.451,0.96,137.717,57.303,16.719,1.318,High
GPU,Air,NA,Night,0.438,37.938,56.265,6.334,17.295,0.923,93.783,37.033,11.186,2.581,Medium
Storage,Air,NA,Peak,0.719,58.213,90.637,18.227,28.46,0.827,74.903,33.73,8.224,1.443,Medium
Compute,Air,APAC,Peak,0.563,45.236,77.579,16.065,26.14,0.962,57.856,37.706,4.649,1.841,Low
Storage,Air,NA,Peak,0.231,27.151,70.191,14.275,20.623,0.834,104.915,44.229,12.619,1.432,Medium
GPU,Air,NA,Peak,0.549,58.132,72.083,31.054,23.664,0.721,113.506,45.026,13.451,1.71,Low
Compute,Hybrid,EU,Peak,0.781,65.645,64.306,11.944,36.31,0.885,83.306,19.357,15.096,1.563,Medium
Compute,Hybrid,NA,Peak,0.368,36.827,65.284,35.039,19.874,0.937,83.367,33.686,10.052,1.371,High
GPU,Air,NA,Off-Peak,0.683,65.448,73.464,7.703,25.952,0.713,110.853,38.337,13.249,1.594,Low
Compute,Air,NA,Off-Peak,0.279,27.3,44.623,13.938,23.39,0.986,70.801,27.72,8.396,1.267,High
GPU,Hybrid,NA,Off-Peak,0.222,24.658,69.669,8.376,17.406,0.893,86.933,38.285,9.712,1.351,High
Storage,Air,EU,Night,0.424,32.444,83.813,7.803,22.027,0.728,98.727,21.708,17.442,1.571,Low
Storage,Liquid,EU,Off-Peak,0.45,47.045,85.392,9.78,16.758,0.823,94.553,24.828,17.224,1.346,High
Compute,Hybrid,NA,Peak,0.785,60.038,57.731,12.743,18.691,0.919,97.911,40.229,12.057,1.735,Low
GPU,Hybrid,NA,Peak,0.514,39.298,61.098,14.701,24.48,0.563,99.371,46.162,12.193,1.712,Low
Compute,Air,APAC,Off-Peak,0.173,25.991,70.332,9.542,20.583,0.878,73.811,44.9,5.474,1.56,Medium
Storage,Air,EU,Off-Peak,0.671,57.247,66.549,14.757,21.224,0.629,85.199,19.838,14.851,1.371,Medium
Storage,Air,EU,Peak,0.522,56.766,56.124,15.81,24.033,0.74,63.969,13.998,11.325,1.478,Medium
GPU,Hybrid,EU,Peak,0.398,36.013,80.963,8.292,25.086,0.907,100.01,21.712,18.016,1.531,Medium
Edge,Hybrid,NA,Off-Peak,0.822,57.876,68.741,11.966,23.439,0.7,70.078,25.785,8.568,1.687,Low
Storage,Liquid,ME,Off-Peak,0.239,24.554,38.966,4.976,18.353,0.998,46.45,24.6,2.227,1.415,High
Compute,Liquid,EU,Off-Peak,0.922,66.865,85.221,14.221,18.23,0.904,76.434,19.337,13.721,1.529,Medium
Edge,Liquid,NA,Peak,0.401,31.911,79.428,13.23,21.379,1.0,74.764,29.535,10.191,1.526,Medium
Storage,Liquid,EU,Off-Peak,0.515,46.942,60.034,6.858,15.746,0.968,67.129,15.63,12.701,1.05,High
Compute,Hybrid,NA,Off-Peak,0.936,70.895,84.424,15.521,20.956,0.942,91.773,32.094,11.812,1.431,Medium
Compute,Liquid,NA,Night,0.785,56.054,45.211,21.321,16.473,1.0,101.348,38.257,12.273,1.856,Low
GPU,Liquid,ME,Off-Peak,0.167,21.797,57.754,5.245,15.639,0.721,98.869,51.097,5.547,1.334,Medium
Compute,Air,APAC,Off-Peak,0.62,52.384,61.092,15.51,22.031,0.764,87.091,51.153,6.695,1.41,Medium
Storage,Liquid,NA,Off-Peak,0.379,38.546,84.188,6.593,21.679,0.933,69.797,27.849,7.808,1.384,High
Storage,Air,NA,Off-Peak,0.558,46.619,85.503,22.489,19.789,0.815,73.932,27.173,8.839,1.432,Medium
Compute,Air,APAC,Peak,0.769,67.02,65.966,10.933,27.173,0.913,78.895,44.308,6.842,1.463,Medium
Storage,Hybrid,NA,Night,0.547,41.69,62.726,13.519,16.198,0.9,72.063,29.005,7.735,1.453,Medium
Compute,Liquid,EU,Off-Peak,0.164,26.525,84.401,3.39,18.295,0.971,103.181,27.422,18.127,1.583,Medium
Storage,Hybrid,EU,Off-Peak,0.577,44.153,88.951,12.273,22.12,0.906,72.432,16.51,12.985,1.382,High
Storage,Air,EU,Night,0.122,20.14,42.752,9.739,18.331,0.97,82.792,21.793,14.761,1.243,High
Storage,Liquid,APAC,Night,0.414,44.741,61.614,15.94,15.795,0.737,79.176,47.241,6.535,1.489,Medium
GPU,Air,APAC,Off-Peak,0.53,52.755,75.327,7.899,24.784,0.946,104.312,57.908,10.087,1.47,Medium
GPU,Hybrid,ME,Peak,0.68,66.399,75.905,20.896,24.129,0.706,116.737,58.411,6.349,1.779,Low
GPU,Air,NA,Peak,0.556,49.433,81.178,26.517,26.817,0.898,129.056,53.791,15.906,1.731,Low
Compute,Liquid,APAC,Night,0.237,20.022,52.646,24.814,18.515,0.997,82.425,49.067,6.895,1.343,High
Compute,Liquid,NA,Peak,0.939,72.847,83.989,11.826,22.709,0.887,75.822,30.789,8.348,1.243,High
Storage,Air,NA,Night,0.685,59.572,71.626,18.845,21.801,0.881,67.914,25.542,8.468,1.581,Low
Edge,Hybrid,NA,Peak,0.385,40.42,79.567,8.297,22.917,0.831,48.757,21.327,6.139,1.482,Medium
GPU,Hybrid,EU,Off-Peak,0.969,69.804,66.079,27.14,26.487,0.854,108.952,27.595,20.048,1.827,Low
GPU,Air,NA,Off-Peak,0.894,64.565,61.959,12.029,27.247,0.878,104.355,44.603,12.701,1.54,Medium
Compute,Air,APAC,Peak,0.229,22.214,67.107,9.477,31.952,0.745,69.789,41.248,6.285,1.791,Low
Storage,Air,EU,Night,0.69,56.463,75.161,21.741,20.556,0.827,66.293,18.357,12.77,1.366,High
Storage,Air,NA,Off-Peak,0.604,56.273,64.329,11.296,22.621,0.828,67.973,29.388,9.071,1.61,Low
Compute,Hybrid,APAC,Peak,0.274,35.417,63.738,10.556,18.648,0.886,111.696,67.879,8.741,1.202,High
Compute,Hybrid,APAC,Peak,0.31,30.542,60.987,18.81,17.711,0.708,97.127,58.129,6.985,1.318,Medium
Edge,Air,EU,Off-Peak,0.607,47.579,81.153,14.229,21.95,0.917,63.309,14.53,12.36,1.489,Medium
Compute,Air,NA,Peak,0.389,36.784,62.623,11.755,29.8,0.751,83.148,33.407,9.465,1.737,Low
Compute,Liquid,APAC,Night,0.851,75.862,75.382,12.832,19.936,0.961,80.787,53.816,6.492,1.493,Medium
Compute,Air,APAC,Peak,0.188,31.243,51.257,12.533,23.982,0.771,57.365,33.131,5.313,1.522,Low
Edge,Air,NA,Peak,0.923,73.985,86.775,18.356,26.315,0.899,62.116,27.558,7.498,1.452,Medium
Storage,Air,NA,Peak,0.856,73.682,72.078,22.525,21.948,0.702,90.795,36.215,11.534,1.595,Low
Storage,Liquid,EU,Peak,0.765,61.082,98.0,26.481,22.824,0.998,62.648,16.516,10.404,1.447,High
Edge,Liquid,APAC,Peak,0.336,39.196,55.145,4.774,21.269,0.788,47.516,27.229,3.707,1.3,High
Compute,Liquid,NA,Night,0.743,56.447,72.185,20.928,20.927,1.0,95.248,36.974,10.89,1.558,Medium
Storage,Air,NA,Peak,0.495,40.19,66.863,9.009,25.218,0.644,55.393,19.839,7.189,1.55,Low
Compute,Hybrid,APAC,Peak,0.67,53.311,66.892,30.315,15.0,0.836,82.151,49.538,7.629,1.494,Medium
Compute,Liquid,NA,Peak,0.381,36.15,85.888,5.699,20.454,0.748,80.018,33.291,9.42,1.73,Low
GPU,Hybrid,ME,Off-Peak,0.852,66.621,42.692,13.837,20.499,0.838,106.094,51.463,4.784,1.423,Medium
GPU,Air,NA,Off-Peak,0.137,15.94,70.771,9.07,22.7,0.967,98.431,36.591,11.526,1.647,Low
Compute,Hybrid,EU,Off-Peak,0.722,65.934,68.083,13.08,15.252,0.87,81.998,19.201,14.74,1.399,Medium
Compute,Hybrid,NA,Peak,0.846,70.984,78.97,13.28,29.44,0.873,92.443,38.485,10.723,1.323,High
Storage,Air,ME,Off-Peak,0.682,50.586,62.38,17.697,23.38,0.867,57.754,24.38,2.24,1.19,High
Compute,Air,APAC,Off-Peak,0.273,35.453,61.96,6.734,22.423,0.645,79.906,47.304,5.684,1.481,Low
Compute,Hybrid,ME,Off-Peak,0.356,31.956,64.222,20.874,19.449,0.676,56.806,25.885,2.906,1.549,Low
Compute,Liquid,EU,Peak,0.563,52.358,57.453,13.467,19.344,1.0,94.173,22.143,15.905,1.237,High
Compute,Hybrid,NA,Off-Peak,0.397,38.338,57.839,13.865,16.64,0.795,67.164,25.354,7.481,1.32,High
GPU,Liquid,NA,Peak,0.104,13.866,88.605,19.007,24.589,0.905,73.188,28.73,9.406,1.498,Medium
Compute,Liquid,EU,Peak,0.137,20.435,57.895,10.214,21.094,0.928,98.097,25.895,17.546,1.341,High
Compute,Air,EU,Peak,0.791,70.317,71.193,16.641,25.328,0.753,87.368,21.267,14.986,1.433,Medium
Storage,Air,ME,Off-Peak,0.175,29.218,78.597,10.059,26.394,0.851,52.839,27.892,3.326,1.553,Low
GPU,Hybrid,NA,Peak,0.935,75.713,84.506,17.641,21.641,0.792,144.631,57.212,17.688,1.11,High
Compute,Air,APAC,Off-Peak,0.498,43.594,66.125,5.807,27.042,0.805,70.422,43.663,5.449,1.656,Low
Compute,Air,ME,Night,0.782,74.948,68.846,11.941,19.681,0.859,86.408,38.491,4.316,1.337,High
Compute,Liquid,NA,Off-Peak,0.213,22.371,54.76,7.415,16.723,0.947,67.265,28.194,8.461,1.364,High
GPU,Liquid,APAC,Off-Peak,0.934,71.363,98.0,26.222,18.042,0.737,122.411,75.479,9.378,1.505,Low
Storage,Air,EU,Off-Peak,0.13,18.351,44.365,27.408,22.634,0.859,63.749,15.99,11.264,1.399,Medium
GPU,Air,APAC,Off-Peak,0.138,24.254,43.19,6.967,26.545,0.741,106.132,65.348,8.83,1.614,Low
Edge,Air,NA,Peak,0.149,25.469,49.489,3.258,25.871,0.884,85.437,33.232,9.814,1.405,Medium
GPU,Air,NA,Off-Peak,0.193,19.342,42.974,6.088,24.156,0.746,91.279,38.679,11.276,1.52,Low
Storage,Liquid,NA,Off-Peak,0.538,52.57,69.808,11.791,15.359,0.985,77.726,30.03,10.283,1.331,High
Storage,Air,ME,Peak,0.809,70.813,84.032,24.174,25.552,0.905,85.857,43.142,5.257,1.566,Medium
Compute,Hybrid,APAC,Peak,0.356,32.636,56.098,8.438,18.178,0.85,67.157,36.22,4.775,1.244,High
Edge,Hybrid,NA,Peak,0.771,71.292,60.174,40.823,21.054,0.909,66.232,22.299,8.148,1.388,High
Compute,Liquid,ME,Night,0.797,0.53,84.478,14.848,17.15,1.0,80.26,39.991,4.666,1.201,High
Compute,Air,EU,Peak,0.917,74.476,77.211,28.07,21.17,0.881,109.725,25.772,19.865,1.632,Low
Storage,Liquid,APAC,Peak,0.234,24.592,19.351,16.646,27.954,0.99,59.278,33.371,4.818,1.471,Medium
Compute,Air,NA,Off-Peak,0.222,25.853,32.99,4.289,21.539,0.846,52.463,21.481,6.665,1.47,Medium
Storage,Air,NA,Night,0.21,18.443,68.079,17.844,24.607,0.94,56.49,24.753,6.789,1.277,High
Storage,Hybrid,EU,Peak,0.423,35.56,86.459,37.22,25.663,0.722,52.295,11.991,10.018,1.657,Low
Storage,Air,NA,Off-Peak,0.54,39.793,68.679,15.759,25.228,0.792,47.124,17.311,4.812,1.675,Low
GPU,Hybrid,EU,Off-Peak,0.515,45.084,69.669,11.925,22.464,0.892,111.526,29.963,19.187,1.486,Medium
Compute,Air,EU,Off-Peak,0.331,29.611,63.425,11.288,20.165,0.842,54.577,10.877,10.175,1.641,Low
Storage,Air,NA,Night,0.66,49.231,79.632,8.38,22.73,0.743,71.713,29.46,8.702,1.417,Medium
Storage,Hybrid,NA,Peak,0.404,36.377,46.32,5.981,36.017,0.868,56.319,22.218,7.15,1.441,Medium
Storage,Liquid,ME,Night,0.429,44.899,68.162,24.195,15.0,0.827,73.413,35.697,3.793,1.387,Medium
GPU,Liquid,NA,Night,0.195,18.003,59.484,4.192,18.93,1.0,177.152,70.861,21.258,1.292,High
Compute,Liquid,NA,Night,0.633,53.436,65.059,12.12,16.548,0.861,69.693,27.503,7.856,1.357,High
Storage,Air,EU,Off-Peak,0.69,54.8,60.471,11.025,17.854,0.876,87.825,21.817,15.814,1.436,Medium
Compute,Liquid,EU,Night,0.782,56.165,73.113,14.859,23.967,1.0,81.1,20.358,15.071,1.567,Medium
Edge,Air,APAC,Peak,0.914,78.939,61.324,18.107,30.413,0.909,85.681,51.96,6.404,1.686,Low
Compute,Liquid,APAC,Peak,0.789,59.735,64.29,11.249,22.263,0.906,71.847,42.231,5.949,1.405,High
GPU,Liquid,NA,Peak,0.312,36.917,70.125,8.464,22.136,0.96,102.129,41.292,11.471,1.331,High
Compute,Hybrid,NA,Peak,0.312,25.365,63.431,6.143,23.514,0.965,94.179,38.82,11.114,1.32,High
Compute,Liquid,APAC,Off-Peak,0.924,72.376,51.951,30.664,15.0,0.901,123.201,75.826,10.783,1.469,Medium
Storage,Air,ME,Peak,0.811,68.079,87.157,14.727,26.563,0.981,99.404,47.233,4.843,1.626,Low
GPU,Liquid,EU,Peak,0.804,61.451,64.014,13.996,22.082,1.0,117.893,29.084,21.266,1.502,Medium
Storage,Air,NA,Off-Peak,0.748,60.036,76.623,28.632,24.36,0.81,66.761,23.679,7.415,1.726,Low
Edge,Air,NA,Night,0.34,33.681,58.238,4.872,19.073,0.891,36.737,15.938,3.924,1.611,Low
Storage,Air,NA,Off-Peak,0.863,74.588,71.909,18.49,22.516,0.96,71.927,26.549,8.392,1.471,Medium
Storage,Liquid,APAC,Night,0.229,26.349,77.106,11.148,17.815,0.906,70.185,44.885,6.515,1.469,Medium
Compute,Air,NA,Off-Peak,0.415,42.267,51.01,15.03,22.548,0.71,59.602,26.023,7.464,1.675,Low
GPU,Air,NA,Night,0.412,38.518,64.624,17.212,20.99,0.864,93.03,40.985,10.973,1.34,High
Compute,Hybrid,EU,Off-Peak,0.604,49.075,54.718,24.861,22.078,0.964,62.171,18.743,11.237,1.359,High
GPU,Liquid,EU,Night,0.517,50.429,69.95,6.603,18.014,0.972,106.913,26.762,18.473,1.332,High
Edge,Air,EU,Peak,0.514,46.775,35.926,12.275,37.794,0.833,53.233,15.998,10.363,1.449,Medium
Edge,Air,EU,Night,0.598,56.053,53.057,9.892,22.222,0.893,58.321,12.688,10.806,1.775,Low
Storage,Liquid,APAC,Off-Peak,0.474,34.774,88.934,14.496,15.897,0.892,81.701,49.18,6.717,1.181,High
Storage,Hybrid,NA,Off-Peak,0.325,23.489,34.6,13.162,19.434,0.791,50.578,21.011,6.456,1.618,Low
GPU,Air,EU,Off-Peak,0.698,61.757,63.261,19.64,19.518,0.892,128.905,29.841,24.034,1.456,Medium
Compute,Hybrid,NA,Night,0.812,77.115,63.838,17.311,16.93,0.805,92.114,38.264,10.876,1.471,Medium
Storage,Liquid,NA,Night,0.531,57.358,70.052,22.7,16.746,0.965,72.913,29.807,8.152,1.522,Medium
Compute,Liquid,EU,Peak,0.685,52.141,57.264,11.17,18.069,0.94,73.188,18.22,12.902,1.346,High
Storage,Hybrid,EU,Peak,0.582,50.691,68.94,14.658,29.123,0.71,71.214,17.813,12.671,1.78,Low
Compute,Liquid,APAC,Peak,0.153,1.042,51.562,4.005,25.954,0.806,61.812,39.69,5.61,1.505,Medium
Compute,Hybrid,EU,Peak,0.481,48.405,48.344,29.694,19.054,0.761,81.945,20.209,14.541,1.528,Low
Compute,Air,APAC,Peak,0.109,14.365,47.264,2.586,25.097,0.69,54.236,34.486,3.962,1.881,Low
Storage,Liquid,EU,Off-Peak,0.696,65.346,67.917,43.265,24.057,0.974,61.108,18.135,11.674,1.645,Low
Storage,Liquid,EU,Off-Peak,0.557,45.07,74.317,20.918,16.957,1.0,70.895,17.686,12.601,1.362,High
Compute,Air,EU,Off-Peak,0.214,26.445,46.251,7.838,25.134,0.771,70.784,16.124,13.486,1.45,Medium
Storage,Liquid,NA,Off-Peak,0.588,47.267,61.616,8.834,23.637,0.799,54.237,21.114,6.125,1.503,Medium
Compute,Air,NA,Off-Peak,0.909,69.46,80.927,28.27,24.176,0.963,82.502,31.025,9.239,1.317,High
Storage,Air,EU,Peak,0.406,39.32,52.431,19.931,28.339,0.826,68.204,19.529,11.371,1.404,Medium
Storage,Air,NA,Off-Peak,0.984,86.25,66.718,14.247,19.056,0.909,81.51,30.291,9.647,1.302,High
Storage,Liquid,EU,Off-Peak,0.963,73.233,66.86,14.887,17.381,1.0,82.064,17.937,15.28,1.707,Low
GPU,Hybrid,EU,Peak,0.807,63.074,80.087,10.643,22.843,0.877,142.179,37.487,25.671,1.607,Low
Compute,Air,ME,Peak,0.832,65.851,67.799,24.138,24.586,0.795,87.104,47.799,3.922,1.583,Low
GPU,Liquid,APAC,Peak,0.469,45.585,85.502,27.508,24.137,1.0,162.589,96.676,13.115,1.596,Medium
Storage,Air,NA,Night,0.462,37.924,71.106,7.695,21.989,0.778,55.889,21.978,6.21,1.828,Low
Storage,Hybrid,EU,Off-Peak,0.959,74.28,63.039,21.215,21.238,0.862,99.041,23.384,17.166,1.291,High
Storage,Liquid,NA,Off-Peak,0.43,38.038,69.251,16.031,15.0,0.966,55.458,19.793,6.336,1.115,High
Compute,Liquid,NA,Peak,0.187,18.648,68.404,13.629,20.483,0.977,53.866,23.051,7.107,1.256,High
Storage,Liquid,APAC,Peak,0.237,26.646,45.561,9.852,17.408,0.948,37.816,20.583,3.111,1.395,High
Storage,Air,NA,Peak,0.739,64.068,78.327,19.379,22.786,0.834,79.759,30.476,9.608,1.613,Low
Compute,Liquid,NA,Peak,0.445,38.781,56.444,13.454,19.649,0.893,96.161,38.218,11.963,1.419,Medium
Compute,Hybrid,ME,Peak,0.279,29.425,57.285,19.031,24.919,0.809,201.403,100.701,10.07,1.61,Low
Compute,Air,APAC,Peak,0.832,69.057,86.296,15.578,24.958,0.922,78.509,48.016,4.941,1.398,High
Edge,Liquid,APAC,Off-Peak,0.54,46.747,52.039,12.554,23.522,0.998,54.076,31.8,5.305,1.473,Medium
Storage,Hybrid,APAC,Peak,0.611,62.274,62.949,19.347,25.303,0.967,83.842,49.519,7.016,1.579,Medium
Compute,Air,APAC,Off-Peak,0.239,26.077,59.45,10.682,21.889,0.817,61.149,36.119,5.38,1.067,High
Compute,Hybrid,NA,Off-Peak,0.273,27.609,71.38,13.284,16.691,0.716,62.371,21.851,7.591,1.22,High
Storage,Hybrid,EU,Off-Peak,0.213,28.792,47.195,12.852,20.428,0.94,63.29,15.383,11.364,1.118,High
GPU,Liquid,EU,Off-Peak,0.563,41.958,73.598,19.371,22.096,0.989,88.758,21.029,16.474,1.599,Medium
Compute,Air,NA,Peak,0.798,64.435,93.578,14.34,22.417,0.874,82.976,32.079,10.684,1.608,Low
Compute,Air,APAC,Night,0.759,57.863,73.408,19.656,19.551,0.944,86.593,55.978,6.713,1.629,Low
GPU,Air,EU,Night,0.335,27.994,36.533,7.938,18.835,0.764,92.38,26.243,16.084,1.661,Low
Compute,Hybrid,NA,Peak,0.866,71.485,92.838,12.645,23.413,0.867,81.037,31.052,9.799,1.484,Medium
Compute,Hybrid,NA,Peak,0.195,22.822,59.416,16.361,21.409,0.882,48.381,19.175,5.766,1.384,High
Edge,Liquid,NA,Night,0.203,36.663,89.15,13.338,15.332,1.0,48.803,21.158,6.11,1.085,High
Storage,Air,APAC,Night,0.864,67.425,70.862,15.372,20.641,0.956,64.147,36.207,4.948,1.126,High
Compute,Air,EU,Peak,0.32,32.199,78.784,7.086,24.945,0.835,77.027,19.308,14.692,1.608,Low
Compute,Liquid,EU,Peak,0.737,55.217,98.0,16.712,22.473,0.952,77.651,20.615,13.282,1.45,Medium
Compute,Liquid,EU,Night,0.108,10.253,30.716,11.458,16.883,1.0,38.733,11.302,7.447,1.05,High
Compute,Hybrid,EU,Peak,0.184,15.8,51.195,4.795,27.049,0.922,49.772,11.863,8.737,1.557,Medium
GPU,Liquid,APAC,Night,0.648,54.006,64.827,20.871,16.417,0.787,115.176,69.716,9.437,1.318,High
Storage,Hybrid,EU,Peak,0.264,25.496,81.616,3.475,17.535,0.877,84.111,21.121,14.539,1.244,High
GPU,Liquid,ME,Night,0.125,12.123,46.124,3.345,15.935,1.0,100.449,49.818,5.233,1.215,High
Edge,Liquid,ME,Peak,0.52,45.137,82.96,8.405,19.22,0.928,57.567,28.083,3.765,1.417,High
Storage,Air,ME,Peak,0.397,35.268,62.334,8.757,26.49,0.909,55.118,25.628,2.469,1.775,Low
Compute,Hybrid,EU,Night,0.822,68.938,63.319,15.996,20.215,0.801,76.822,20.171,13.218,1.283,High
Storage,Liquid,ME,Peak,0.837,65.788,62.452,15.024,21.941,1.0,97.339,52.289,4.781,1.13,High
Edge,Air,EU,Peak,0.653,52.901,84.403,19.804,27.179,0.827,85.075,20.253,16.054,1.541,Low
GPU,Air,APAC,Night,0.364,33.938,69.68,6.722,22.786,0.945,98.39,60.288,7.547,1.449,Medium
Compute,Air,ME,Peak,0.515,48.683,57.475,9.018,28.308,0.961,87.126,44.66,4.249,1.514,Medium
Storage,Liquid,ME,Peak,0.732,63.823,96.995,27.56,22.885,1.0,63.997,32.902,3.171,1.13,High
Storage,Air,APAC,Peak,0.162,17.701,63.409,10.3,25.235,0.702,50.734,30.944,3.988,1.538,Low
Edge,Air,EU,Off-Peak,0.399,36.029,74.256,9.001,26.317,0.865,211.484,52.871,38.067,1.404,Medium
Compute,Liquid,NA,Off-Peak,0.84,67.197,98.0,19.812,20.405,1.0,84.498,32.199,10.627,1.305,High
Storage,Air,NA,Night,0.465,39.658,76.784,5.499,22.607,0.818,63.408,25.101,8.097,1.713,Low
GPU,Hybrid,APAC,Off-Peak,0.662,50.197,84.014,27.988,19.136,0.901,91.442,55.534,7.126,1.324,High
Storage,Air,NA,Peak,0.187,15.605,55.706,12.243,22.325,0.963,55.424,21.604,7.208,1.309,High
Storage,Liquid,EU,Peak,0.799,59.28,72.559,34.463,20.213,0.938,58.113,13.831,9.853,1.538,Medium
Compute,Air,EU,Night,0.19,20.648,53.211,18.222,23.865,0.815,65.09,16.481,11.204,1.39,Medium
Compute,Air,EU,Off-Peak,0.875,72.989,70.343,19.267,22.622,0.834,73.429,18.444,13.28,1.297,High
Compute,Air,ME,Night,0.196,23.684,64.038,13.395,19.489,0.736,86.35,43.046,4.199,1.453,Medium
Edge,Hybrid,EU,Night,0.902,74.994,58.772,13.744,17.358,0.727,119.948,30.989,21.451,1.506,Low
Compute,Liquid,APAC,Peak,0.427,37.669,80.36,8.875,24.661,0.999,104.419,60.52,8.152,1.399,High
Storage,Air,EU,Off-Peak,0.662,59.695,76.661,12.863,18.486,0.781,84.488,23.766,15.614,1.469,Medium
Storage,Liquid,APAC,Off-Peak,0.862,68.721,74.939,10.468,15.421,0.998,71.457,42.166,5.121,1.104,High
Compute,Air,NA,Peak,0.109,16.901,63.24,17.367,21.875,0.922,53.26,19.842,6.796,1.738,Low
Storage,Hybrid,NA,Peak,0.339,32.973,60.058,11.75,21.258,0.974,80.0,34.285,8.85,1.404,High
GPU,Hybrid,ME,Night,0.918,66.977,51.689,15.734,20.631,0.845,136.157,71.01,6.883,1.519,Medium
GPU,Liquid,EU,Off-Peak,0.449,48.518,40.391,8.569,17.278,0.963,111.669,29.235,20.339,1.651,Low
Storage,Liquid,EU,Off-Peak,0.736,58.925,59.677,11.854,15.0,0.962,54.939,17.41,8.874,1.252,High
Storage,Hybrid,EU,Off-Peak,0.226,24.581,78.577,19.319,23.239,0.745,78.929,17.544,13.752,1.537,Low
Compute,Liquid,NA,Off-Peak,0.711,66.293,54.03,15.978,20.381,0.912,79.286,33.518,9.915,1.542,Medium
Edge,Liquid,EU,Peak,0.166,25.792,50.005,12.24,25.083,0.941,34.194,12.567,6.922,1.664,Low
Compute,Hybrid,NA,Off-Peak,0.746,69.265,98.0,23.35,28.024,0.879,134.069,54.597,16.756,1.275,High
GPU,Liquid,EU,Off-Peak,0.391,40.648,57.693,8.674,17.634,0.956,108.953,22.492,20.255,1.248,High
Compute,Liquid,EU,Night,0.519,46.167,30.852,29.277,20.213,0.815,100.346,28.044,16.694,1.461,Medium
Edge,Hybrid,EU,Off-Peak,0.25,18.371,53.953,8.51,18.391,0.928,39.609,10.313,7.209,1.256,High
GPU,Liquid,EU,Night,0.665,58.974,56.952,11.936,17.991,1.0,105.97,28.286,19.672,1.462,Medium
GPU,Liquid,ME,Peak,0.404,45.789,60.61,13.82,16.393,0.916,89.993,43.679,4.853,1.396,High
Compute,Air,EU,Night,0.445,36.223,66.068,13.66,21.241,0.795,63.826,14.131,10.368,1.412,Medium
Storage,Air,APAC,Night,0.687,56.543,98.0,10.454,24.649,0.98,80.248,47.83,7.423,1.406,High
Storage,Air,EU,Off-Peak,0.261,22.392,62.915,32.399,29.611,0.783,40.256,10.592,6.662,1.76,Low
GPU,Liquid,EU,Peak,0.867,66.903,63.24,20.554,21.329,0.92,118.165,25.293,21.014,1.434,Medium
Compute,Air,NA,Peak,0.765,56.512,63.887,11.04,21.933,0.926,96.904,35.641,11.386,1.364,High
Edge,Hybrid,NA,Off-Peak,0.62,48.603,62.243,7.828,24.763,0.783,72.287,28.984,8.474,1.587,Low
GPU,Liquid,EU,Off-Peak,0.215,19.453,73.137,6.537,21.653,1.0,91.9,21.977,16.162,1.475,Medium
Compute,Liquid,NA,Off-Peak,0.718,61.452,85.503,10.319,19.943,0.893,88.777,35.656,11.037,2.502,Medium
GPU,Air,APAC,Off-Peak,0.116,9.035,44.405,4.719,21.615,0.767,82.852,52.221,6.434,1.466,Medium
Storage,Hybrid,EU,Off-Peak,0.824,71.707,72.156,29.556,18.363,0.7,76.557,20.808,13.472,1.543,Low
Storage,Liquid,APAC,Peak,0.373,33.18,50.212,9.783,21.481,1.0,45.934,29.708,4.306,1.523,Medium
Compute,Liquid,ME,Peak,0.205,30.266,51.591,5.572,22.413,0.763,59.555,28.596,3.057,1.458,Medium
Storage,Air,NA,Peak,0.248,25.884,67.737,13.256,24.438,0.867,69.216,29.05,8.845,1.449,Medium
GPU,Liquid,NA,Peak,0.967,80.004,80.773,18.726,21.954,1.0,127.818,47.885,14.752,1.451,High
Storage,Liquid,EU,Off-Peak,0.796,62.999,62.202,24.01,19.318,0.965,118.088,28.648,21.613,1.296,High
Storage,Liquid,NA,Night,0.314,40.701,87.641,24.599,22.094,0.761,47.141,18.591,5.288,1.464,Medium
Storage,Hybrid,NA,Peak,0.967,80.036,84.0,32.55,25.544,0.714,73.141,27.928,8.341,1.618,Low
GPU,Hybrid,APAC,Peak,0.226,22.057,75.394,27.999,28.789,0.841,95.782,52.774,7.643,1.479,Medium
Compute,Hybrid,ME,Off-Peak,0.76,60.046,69.939,16.685,18.462,0.638,86.362,40.996,3.93,1.271,High
GPU,Liquid,APAC,Night,0.691,57.258,70.971,20.118,18.993,1.0,106.783,63.962,8.912,1.59,Medium
Storage,Hybrid,EU,Peak,0.839,67.191,80.959,9.248,23.029,0.945,62.717,19.13,10.513,1.491,Medium
Compute,Hybrid,EU,Night,0.444,44.107,66.489,16.667,20.339,0.877,60.023,14.336,10.782,1.467,Medium
Compute,Air,EU,Peak,0.462,41.397,74.689,8.955,23.684,0.75,63.546,19.095,12.404,1.92,Low
Storage,Air,EU,Peak,0.662,53.092,81.112,12.385,22.252,0.672,219.129,54.782,39.443,1.741,Low
GPU,Air,EU,Off-Peak,0.458,42.313,44.172,11.186,19.955,0.958,102.757,23.614,18.278,1.555,Medium
Compute,Air,NA,Off-Peak,0.137,20.776,58.845,2.058,26.337,0.672,67.322,27.879,7.706,1.744,Low
GPU,Air,ME,Off-Peak,0.757,58.417,55.91,10.916,21.629,0.814,122.985,64.487,5.927,1.762,Low
Compute,Air,APAC,Night,0.677,56.734,53.801,15.934,22.029,0.928,64.727,40.526,4.803,1.405,High
Storage,Liquid,EU,Peak,0.481,37.29,78.006,18.413,15.352,0.975,59.34,14.764,10.121,1.161,High
Edge,Air,ME,Off-Peak,0.373,42.295,68.647,17.485,21.25,0.955,47.383,23.676,3.563,1.188,High
GPU,Air,NA,Off-Peak,0.389,35.426,77.1,12.411,23.841,0.645,99.464,35.805,11.758,1.661,Low
Compute,Liquid,NA,Night,0.767,61.98,70.753,26.837,15.5,0.903,97.575,39.492,11.93,1.281,High
Storage,Hybrid,APAC,Off-Peak,0.756,54.133,69.728,8.378,19.123,0.816,62.419,34.134,4.635,1.635,Low
Compute,Hybrid,ME,Peak,0.837,63.348,80.2,17.805,25.163,0.802,105.025,52.924,5.023,1.587,Low
Storage,Liquid,EU,Off-Peak,0.786,61.302,82.951,11.008,18.386,0.948,98.463,25.882,17.535,1.05,High
GPU,Air,NA,Night,0.782,60.003,59.175,21.271,21.749,0.637,117.972,47.493,13.705,1.813,Low
GPU,Air,APAC,Peak,0.327,41.495,67.358,17.955,24.735,0.845,110.47,63.64,8.598,1.583,Low
Compute,Air,NA,Peak,0.191,22.878,52.883,9.294,27.367,0.806,74.972,29.761,8.971,1.719,Low
Edge,Air,EU,Peak,0.786,61.559,64.805,39.481,21.047,0.798,74.644,16.777,14.084,1.721,Low
Storage,Air,NA,Off-Peak,0.189,19.698,70.328,16.679,26.372,0.892,59.898,22.118,7.505,1.162,High
Compute,Hybrid,ME,Peak,0.984,76.24,77.828,13.562,24.847,0.836,85.774,42.536,4.839,1.549,Low
Storage,Air,EU,Peak,0.888,66.557,73.47,23.205,26.452,0.763,76.145,19.215,14.06,1.691,Low
Storage,Air,APAC,Off-Peak,0.58,44.302,41.677,27.171,24.895,0.743,50.424,29.993,4.101,1.71,Low
Storage,Air,NA,Peak,0.417,32.603,57.771,14.509,22.062,0.724,56.311,21.337,6.364,1.604,Low
Storage,Liquid,NA,Peak,0.574,57.243,74.604,19.525,21.844,1.0,76.633,30.008,8.827,1.259,High
Storage,Air,ME,Off-Peak,0.761,57.518,82.687,27.989,24.22,0.991,71.108,36.724,3.673,1.588,Medium
Compute,Air,NA,Peak,0.781,67.492,68.403,10.647,23.062,0.764,138.713,56.299,16.624,1.808,Low
GPU,Air,EU,Peak,0.166,16.468,54.393,5.427,27.105,0.752,113.252,29.634,21.321,1.736,Low
Storage,Air,NA,Peak,0.824,59.334,52.589,21.365,25.096,0.907,88.455,32.826,10.486,1.577,Medium
Compute,Air,APAC,Peak,0.677,61.464,60.089,20.145,28.922,0.789,81.528,47.214,7.316,1.355,Medium
GPU,Liquid,NA,Off-Peak,0.137,12.48,55.742,9.545,21.089,1.0,66.716,26.872,7.863,1.336,High
Edge,Air,EU,Off-Peak,0.382,31.22,65.069,23.876,25.045,0.924,50.378,12.104,8.727,1.458,Medium
Edge,Liquid,EU,Off-Peak,0.56,44.071,76.198,20.426,17.494,1.0,57.376,13.732,10.593,1.322,High
Compute,Liquid,EU,Peak,0.27,35.113,72.54,10.91,25.553,0.94,57.33,15.763,11.364,1.36,High
Compute,Liquid,NA,Peak,0.24,19.427,37.039,13.059,21.432,0.935,64.153,27.157,7.189,1.456,Medium
Storage,Air,APAC,Night,0.113,9.842,58.124,4.493,20.536,0.753,52.794,32.027,4.671,1.377,Medium
Compute,Air,EU,Peak,0.92,70.891,69.382,14.23,27.684,0.864,123.337,25.34,21.876,1.766,Low
Edge,Air,NA,Peak,0.15,13.877,61.512,29.516,23.479,0.768,35.276,11.048,4.5,1.53,Low
Compute,Liquid,EU,Night,0.429,42.885,68.275,7.097,21.592,0.887,103.453,25.355,18.398,1.669,Low
Compute,Liquid,ME,Off-Peak,0.285,27.045,43.035,4.26,26.119,0.851,127.355,62.304,6.395,1.546,Medium
Storage,Air,NA,Off-Peak,0.767,59.787,98.0,19.019,18.713,0.869,72.43,29.06,9.51,1.247,High
Compute,Liquid,EU,Off-Peak,0.736,56.283,76.101,13.716,24.481,0.989,67.187,18.696,12.083,1.327,High
GPU,Hybrid,APAC,Peak,0.826,73.651,59.106,13.791,23.611,0.861,112.455,68.05,9.11,1.464,Medium
Storage,Liquid,NA,Night,0.655,59.307,62.581,13.146,15.0,0.728,70.191,30.369,7.867,1.428,Medium
Compute,Air,NA,Night,0.632,48.745,51.707,11.407,17.35,0.664,73.722,29.92,9.281,1.676,Low
Compute,Liquid,EU,Peak,0.466,34.225,62.4,27.223,15.0,1.0,67.866,17.432,11.95,1.582,Medium
Storage,Air,APAC,Night,0.673,53.976,68.545,11.41,17.855,0.733,60.444,34.372,4.206,1.44,Medium
Compute,Liquid,NA,Off-Peak,0.204,26.456,67.487,8.902,19.881,0.862,72.426,27.908,7.452,1.707,Low
Storage,Air,APAC,Off-Peak,0.716,61.544,63.497,32.537,20.611,0.888,108.476,64.16,8.058,1.415,Medium
Storage,Air,EU,Peak,0.194,24.28,96.31,12.275,22.073,0.848,41.262,10.998,6.993,1.452,Medium
GPU,Hybrid,NA,Off-Peak,0.876,75.226,63.08,15.426,18.619,0.971,118.734,47.014,13.102,1.415,High
Edge,Liquid,EU,Peak,0.555,60.181,58.455,19.82,20.274,0.78,71.388,20.02,13.451,1.359,Medium
Edge,Air,ME,Off-Peak,0.577,48.167,66.658,13.338,21.565,0.933,79.551,38.141,4.936,1.545,Medium
Edge,Air,NA,Peak,0.626,47.591,56.966,17.885,22.988,0.803,90.219,36.739,11.404,1.438,Medium
Compute,Liquid,EU,Off-Peak,0.798,64.542,83.161,20.258,22.208,0.842,116.179,29.151,20.798,1.243,High
Compute,Hybrid,EU,Off-Peak,0.531,52.866,50.494,20.92,24.661,0.839,68.613,14.756,12.115,1.503,Medium
Compute,Liquid,NA,Night,0.485,38.036,74.046,7.422,15.0,0.982,65.321,26.602,7.849,1.205,High
GPU,Hybrid,NA,Peak,0.36,31.361,59.557,23.577,22.892,0.868,97.777,42.091,11.491,1.261,High
Edge,Air,NA,Night,0.215,18.575,87.193,11.199,21.019,0.813,88.35,35.942,9.389,1.45,Medium
GPU,Liquid,NA,Peak,0.271,26.074,50.239,18.714,15.346,0.941,122.036,47.042,14.571,2.402,High
Compute,Liquid,NA,Night,0.1,20.385,77.552,23.236,15.895,1.0,56.152,25.866,6.731,1.381,High
Edge,Liquid,APAC,Off-Peak,0.882,77.142,76.288,19.781,18.092,0.949,72.373,43.794,6.653,1.481,Medium
Storage,Air,ME,Night,0.788,73.393,79.569,13.555,22.742,0.942,70.649,38.121,2.879,1.367,High
Compute,Liquid,NA,Off-Peak,0.297,21.537,39.257,17.215,17.191,0.807,63.696,27.341,7.836,1.609,Low
Storage,Liquid,EU,Off-Peak,0.102,15.91,56.084,16.193,15.53,0.864,53.96,14.651,9.171,1.209,High
Compute,Liquid,NA,Peak,0.543,48.446,63.163,9.09,25.508,0.98,66.879,27.237,7.749,1.768,Low
Storage,Liquid,NA,Night,0.471,38.937,77.21,11.874,16.035,0.795,88.558,40.34,11.143,1.564,Low
Compute,Liquid,NA,Night,0.798,57.266,65.694,13.815,15.724,0.949,104.412,43.375,11.801,1.23,High
Storage,Liquid,NA,Peak,0.463,41.546,89.65,7.498,16.254,0.864,93.718,36.865,11.729,1.329,High
Storage,Air,ME,Peak,0.878,79.856,69.768,14.05,23.858,0.868,79.844,37.932,3.667,1.377,High
GPU,Air,NA,Off-Peak,0.186,15.38,29.428,12.387,24.088,0.825,186.774,74.71,22.413,1.585,Low
Storage,Liquid,EU,Night,0.429,37.605,59.04,14.088,16.547,0.931,67.874,14.776,12.136,1.182,High
Storage,Hybrid,NA,Peak,0.941,69.43,76.271,26.805,19.805,0.917,102.671,38.234,12.38,1.319,High
GPU,Air,NA,Night,0.111,30.105,65.886,13.974,19.95,0.792,89.984,38.706,10.873,1.644,Low
Edge,Liquid,APAC,Peak,0.452,36.647,61.932,11.101,20.067,0.776,53.072,28.859,4.034,1.509,Medium
Compute,Air,NA,Night,0.334,29.778,95.332,7.552,20.689,0.676,62.676,21.468,7.886,1.576,Low
Storage,Air,ME,Off-Peak,0.579,46.224,72.95,12.638,27.421,0.78,51.581,26.627,3.321,1.578,Low
Compute,Liquid,NA,Peak,0.351,35.193,56.034,13.101,23.338,0.88,62.635,26.4,8.163,1.411,Medium
Compute,Liquid,EU,Peak,0.883,71.16,62.075,9.364,24.468,0.98,83.1,19.836,15.299,1.332,High
Storage,Air,ME,Off-Peak,0.943,66.84,95.209,12.488,16.465,0.915,74.44,37.812,2.481,1.1,High
GPU,Liquid,NA,Off-Peak,0.864,67.322,69.524,11.505,18.174,0.851,110.223,42.199,13.017,1.47,Medium
Compute,Hybrid,EU,Night,0.459,38.391,71.9,9.836,20.05,0.909,67.051,14.973,11.709,1.764,Low
GPU,Hybrid,APAC,Off-Peak,0.991,71.991,91.654,30.874,19.469,0.856,139.36,85.095,11.302,1.35,High
GPU,Air,NA,Off-Peak,0.762,65.773,63.324,22.278,20.873,0.783,120.305,46.253,14.332,1.385,Medium
Edge,Liquid,EU,Night,0.42,33.767,58.426,12.147,18.222,0.84,39.874,7.469,6.621,1.486,Medium
Compute,Air,NA,Off-Peak,0.184,16.278,79.87,16.263,22.086,0.963,64.293,26.715,8.054,1.368,High
Edge,Air,NA,Night,0.7,50.983,53.905,14.034,20.555,0.704,70.936,28.684,8.63,1.64,Low
Compute,Liquid,NA,Night,0.756,63.664,81.282,16.38,18.82,1.0,84.083,33.078,10.375,1.494,Medium
Storage,Liquid,ME,Night,0.21,24.923,77.886,23.135,25.104,0.965,109.574,54.854,5.643,1.525,Medium
Compute,Air,NA,Peak,0.595,58.799,60.781,11.485,24.542,0.84,77.906,32.66,9.799,1.497,Medium
Compute,Hybrid,NA,Off-Peak,0.988,83.134,95.224,13.073,23.124,0.932,89.408,36.199,10.273,1.206,High
GPU,Hybrid,EU,Off-Peak,0.394,36.013,63.573,10.296,23.829,0.895,108.803,23.494,19.01,1.282,High
Storage,Liquid,NA,Off-Peak,0.372,39.982,54.756,9.144,22.594,0.762,50.995,22.875,6.502,1.729,Low
Compute,Liquid,EU,Off-Peak,0.913,69.283,62.927,13.664,17.481,0.766,82.858,23.414,14.975,1.462,Medium
Compute,Air,NA,Night,0.206,20.03,74.739,10.511,22.596,0.86,54.487,23.064,6.961,1.474,Medium
Storage,Liquid,APAC,Peak,0.94,74.963,69.406,24.904,22.039,0.921,85.076,54.684,6.424,1.468,Medium
Compute,Air,EU,Off-Peak,0.802,61.237,73.325,20.334,21.842,0.908,80.245,17.301,13.749,1.526,Medium
GPU,Hybrid,NA,Peak,0.452,47.564,69.133,19.052,22.29,0.686,126.162,48.306,14.72,1.452,Medium
Compute,Air,NA,Peak,0.175,16.18,34.057,4.559,25.325,0.832,54.303,23.76,6.612,1.65,Low
Compute,Air,EU,Off-Peak,0.117,21.482,55.804,12.988,20.132,0.782,69.351,14.162,12.205,1.759,Low
Compute,Liquid,APAC,Peak,0.438,32.985,77.946,26.162,21.451,0.971,59.383,36.066,4.533,1.343,High
Storage,Air,NA,Peak,0.735,70.1,51.027,8.06,25.419,0.837,68.397,30.289,7.046,1.558,Low
Compute,Air,NA,Off-Peak,0.539,44.995,59.127,8.376,20.216,0.73,81.514,35.632,9.036,1.619,Low
Compute,Air,NA,Peak,0.765,70.05,69.167,15.311,23.995,0.644,85.381,32.46,9.837,1.525,Low
Edge,Hybrid,EU,Peak,0.704,64.294,70.11,11.641,25.412,0.944,68.42,17.428,11.813,1.522,Medium
Storage,Liquid,ME,Night,0.616,51.997,70.237,12.794,15.0,0.891,93.549,43.194,4.565,1.324,High
Compute,Air,NA,Night,0.971,70.972,83.23,30.981,24.39,0.947,85.5,36.12,10.537,1.526,Medium
Storage,Air,NA,Peak,0.756,69.592,87.907,13.193,28.153,0.829,77.494,29.278,9.683,1.694,Low
GPU,Air,NA,Peak,0.923,77.25,82.971,13.039,25.72,0.83,118.422,51.162,14.595,1.469,Medium
Compute,Liquid,NA,Night,0.318,26.401,58.939,6.0,19.093,0.996,59.015,26.113,7.142,1.458,Medium
Compute,Liquid,EU,Peak,0.742,59.2,71.575,22.219,21.72,0.788,75.152,18.784,13.02,1.318,High
GPU,Air,ME,Off-Peak,0.638,52.649,83.529,11.501,20.081,0.751,146.322,72.331,7.988,1.615,Low
Storage,Air,NA,Off-Peak,0.932,66.951,79.023,13.835,20.992,0.806,91.2,39.283,10.728,1.316,High
Storage,Air,APAC,Off-Peak,0.559,50.955,77.096,6.807,22.43,0.819,80.593,47.823,6.934,1.502,Medium
Compute,Air,NA,Night,0.352,32.881,66.876,11.986,23.486,0.752,70.345,29.377,8.769,1.529,Low
Compute,Air,APAC,Peak,0.446,42.409,59.305,24.652,22.048,0.844,109.714,65.298,8.019,1.388,Medium
Storage,Liquid,EU,Off-Peak,0.297,28.681,40.673,26.564,22.859,0.931,76.605,16.717,13.386,1.538,Medium
Compute,Air,NA,Off-Peak,0.298,30.23,53.865,21.836,18.967,0.978,59.8,28.066,7.65,1.221,High
Storage,Liquid,ME,Night,0.523,48.606,69.3,13.111,17.546,1.0,100.467,47.953,6.019,1.233,High
Storage,Liquid,NA,Night,0.903,70.912,69.81,26.339,19.469,1.0,106.095,46.224,12.919,1.229,High
Compute,Air,EU,Off-Peak,0.273,23.723,55.603,18.072,22.599,0.913,60.274,13.662,10.709,1.467,Medium
Edge,Liquid,APAC,Night,0.359,45.447,55.628,16.714,18.16,0.885,79.848,49.694,6.611,1.436,Medium
GPU,Liquid,NA,Peak,0.868,70.306,76.67,13.044,15.0,0.885,140.943,57.466,16.845,1.234,High
GPU,Air,EU,Peak,0.405,45.319,70.768,16.263,25.894,0.862,95.1,24.325,16.838,1.536,Medium
Compute,Hybrid,APAC,Peak,0.966,78.508,64.639,10.967,20.154,0.856,79.395,45.828,7.015,1.554,Low
Compute,Air,ME,Peak,0.342,27.434,62.551,9.067,19.403,0.752,71.683,34.074,2.701,1.543,Low
Storage,Hybrid,APAC,Off-Peak,0.498,42.6,76.649,13.124,18.791,0.936,56.715,31.029,4.195,1.603,Low
Compute,Liquid,NA,Night,0.186,21.035,80.798,7.248,22.789,0.97,45.675,16.796,5.395,1.611,Low
Edge,Liquid,EU,Off-Peak,0.993,77.608,89.757,12.027,21.313,0.883,67.253,19.622,11.963,1.371,High
Compute,Hybrid,APAC,Off-Peak,0.901,80.376,82.232,12.07,24.194,0.795,85.795,50.717,6.398,1.373,Medium
Storage,Hybrid,EU,Peak,0.836,63.518,65.134,15.182,26.083,0.703,68.78,15.506,12.27,1.83,Low
Compute,Liquid,APAC,Off-Peak,0.242,29.041,64.704,16.308,17.238,1.0,68.636,43.954,6.122,1.597,Medium
Storage,Liquid,NA,Off-Peak,0.972,76.331,88.588,24.611,20.88,1.0,118.134,47.554,14.425,1.466,Medium
Compute,Air,NA,Off-Peak,0.936,77.056,61.803,21.814,27.108,0.912,100.128,37.827,12.067,1.567,Medium
Storage,Liquid,EU,Peak,0.492,43.666,49.818,18.606,21.081,0.941,91.461,22.612,16.362,1.27,High
Compute,Air,ME,Off-Peak,0.713,66.809,72.617,14.506,18.897,0.94,98.365,47.427,5.259,1.278,High
GPU,Air,EU,Off-Peak,0.993,78.647,52.395,19.02,21.87,0.96,124.551,32.042,21.665,1.676,Low
Compute,Hybrid,ME,Off-Peak,0.469,42.726,57.775,13.133,20.889,0.651,84.098,42.638,5.038,1.633,Low
Edge,Air,ME,Peak,0.202,17.005,50.076,19.682,28.343,0.79,49.18,25.054,2.615,1.481,Medium
GPU,Air,ME,Peak,0.881,69.409,78.734,20.279,19.354,0.9,124.185,60.228,5.975,1.15,High
Compute,Liquid,ME,Peak,0.529,45.073,60.535,11.124,21.133,1.0,80.864,39.458,3.449,1.349,High
GPU,Air,APAC,Off-Peak,0.988,82.799,75.974,14.442,37.877,0.789,120.603,72.17,8.687,1.697,Low
Compute,Air,APAC,Off-Peak,0.596,42.747,58.358,10.948,24.166,0.744,61.417,35.29,5.227,1.733,Low
Edge,Liquid,EU,Night,0.127,19.81,61.511,11.752,17.089,0.989,34.042,9.159,5.796,1.393,High
Storage,Liquid,NA,Off-Peak,0.543,43.619,64.948,8.142,20.172,1.0,56.618,24.295,6.875,1.098,High
Compute,Liquid,NA,Peak,0.746,65.008,53.634,17.213,20.828,0.911,77.559,29.76,9.586,1.195,High
Compute,Liquid,NA,Off-Peak,0.123,14.169,61.345,4.337,16.938,0.854,53.883,19.146,6.901,1.438,Medium
Compute,Liquid,NA,Off-Peak,0.472,50.714,69.301,24.176,17.654,0.88,110.437,39.848,11.87,1.214,High
Edge,Liquid,NA,Peak,0.24,30.114,72.098,10.432,21.227,0.858,70.135,29.957,8.373,1.25,High
Compute,Air,ME,Off-Peak,0.679,59.522,79.031,33.625,19.521,0.771,122.025,61.142,6.116,1.217,High
Storage,Liquid,EU,Peak,0.962,69.858,87.961,22.162,23.14,0.931,79.474,21.12,14.374,1.757,Low
Storage,Hybrid,NA,Peak,0.662,56.38,63.712,22.236,24.22,0.657,59.92,25.301,5.976,1.648,Low
Edge,Air,APAC,Off-Peak,0.725,56.359,76.388,16.368,20.284,0.969,66.721,38.06,4.714,1.607,Medium
Compute,Air,EU,Off-Peak,0.457,45.878,45.41,13.29,23.734,0.712,71.062,18.062,12.938,1.424,Medium
Storage,Air,NA,Off-Peak,0.607,50.211,40.591,12.345,23.699,0.986,87.989,32.477,10.03,1.118,High
Storage,Liquid,APAC,Peak,0.589,49.836,53.287,11.757,21.627,0.969,94.701,51.591,7.22,1.529,Medium
GPU,Air,NA,Night,0.784,60.033,42.522,8.779,15.0,0.937,99.823,39.672,12.48,1.496,Medium
Compute,Liquid,EU,Off-Peak,0.871,70.838,77.783,20.157,23.426,1.0,174.691,43.673,31.444,1.486,Medium
Compute,Hybrid,NA,Night,0.697,52.117,72.234,15.001,24.185,0.871,96.517,41.412,11.409,1.622,Low
Compute,Liquid,EU,Off-Peak,0.982,80.433,52.041,20.327,16.031,0.777,118.587,28.268,21.08,1.317,High
GPU,Air,APAC,Off-Peak,0.845,75.536,92.454,18.016,21.174,0.792,135.828,83.847,10.621,1.234,High
Compute,Liquid,NA,Peak,0.212,25.98,61.06,17.551,24.564,1.0,48.075,16.583,6.423,1.387,High
Storage,Air,ME,Off-Peak,0.557,54.94,46.242,6.556,27.635,0.852,80.145,37.788,3.463,1.676,Low
Compute,Liquid,NA,Off-Peak,0.913,78.571,91.372,13.31,17.019,0.94,99.83,37.732,11.856,1.404,High
GPU,Liquid,EU,Peak,0.95,84.459,63.268,26.413,22.564,0.818,123.852,32.081,22.742,1.562,Low
Edge,Air,ME,Off-Peak,0.442,35.768,69.09,16.9,23.72,0.867,72.103,34.614,3.095,1.43,Medium
Storage,Hybrid,ME,Off-Peak,0.753,53.842,75.12,10.383,18.924,0.958,63.926,32.507,3.259,1.415,High
Compute,Air,NA,Off-Peak,0.469,39.195,45.721,12.485,26.871,0.779,62.336,26.512,7.935,1.714,Low
Compute,Hybrid,NA,Peak,0.211,23.96,79.371,4.656,20.816,0.673,69.311,32.594,8.622,1.54,Low
Compute,Air,APAC,Peak,0.896,73.411,98.0,18.147,24.776,0.974,80.046,48.331,5.787,1.669,Low
Compute,Air,NA,Peak,0.939,67.717,58.489,16.843,20.515,0.902,87.187,36.699,10.462,1.551,Medium
Storage,Air,EU,Off-Peak,0.554,57.987,72.019,25.439,21.445,0.745,88.031,21.966,15.257,1.371,Medium
Storage,Air,APAC,Peak,0.116,15.591,61.892,7.948,26.505,0.957,49.086,28.857,4.071,1.335,High
Edge,Liquid,EU,Peak,0.834,60.067,75.349,19.894,26.087,0.954,55.181,13.05,9.666,1.537,Medium
Compute,Liquid,NA,Night,0.529,49.205,95.223,44.242,17.515,1.0,81.025,31.061,9.07,1.208,High
Storage,Liquid,EU,Peak,0.168,22.737,61.729,29.313,22.877,1.0,52.602,12.618,9.319,1.409,High
Storage,Air,ME,Off-Peak,0.27,20.78,67.932,10.081,24.894,0.892,52.723,26.695,1.906,1.296,High
Storage,Air,EU,Night,0.237,20.293,75.742,11.79,22.683,0.649,60.751,14.431,10.385,1.328,Medium
Compute,Liquid,APAC,Off-Peak,0.718,68.839,96.795,33.123,17.596,1.0,118.037,73.922,9.459,1.43,High
Storage,Air,NA,Off-Peak,0.369,37.437,52.576,5.817,21.313,0.815,61.264,23.606,7.536,1.398,Medium
Storage,Liquid,NA,Night,0.215,24.492,56.658,13.669,15.0,0.919,44.263,18.638,4.383,1.32,High
GPU,Liquid,NA,Night,0.926,78.417,78.846,13.368,17.504,1.0,122.515,47.854,14.46,1.417,High
Edge,Air,EU,Off-Peak,0.961,76.534,62.669,18.672,22.788,0.921,65.846,17.487,12.211,1.538,Medium
Compute,Liquid,NA,Peak,0.225,28.46,75.534,22.686,22.788,1.0,67.28,28.622,7.545,1.366,High
Compute,Liquid,EU,Off-Peak,0.307,26.498,62.979,21.76,22.751,0.828,91.967,24.481,16.366,1.31,High
Storage,Liquid,APAC,Night,0.633,47.126,52.087,60.195,16.071,0.999,64.189,35.554,5.527,1.19,High
Storage,Air,APAC,Night,0.235,18.71,58.189,5.339,23.792,0.764,38.486,21.647,2.864,1.286,High
Compute,Air,NA,Night,0.243,19.092,44.641,19.791,19.075,0.937,105.127,37.192,13.21,1.391,High
GPU,Air,APAC,Off-Peak,0.403,35.476,58.419,14.2,21.364,0.972,96.378,59.662,7.403,1.292,High
Edge,Air,EU,Off-Peak,0.954,74.382,42.848,17.846,18.608,0.851,101.26,23.917,19.106,1.593,Low
Edge,Air,NA,Peak,0.966,73.113,87.4,13.554,24.829,0.893,63.557,24.983,7.332,1.338,High
Compute,Hybrid,NA,Peak,0.858,66.208,65.132,14.985,25.599,0.92,120.764,49.428,14.388,1.559,Medium
GPU,Liquid,EU,Off-Peak,0.726,58.814,55.537,16.636,18.458,1.0,103.496,26.19,18.434,1.123,High
GPU,Liquid,NA,Peak,0.749,59.149,67.745,14.499,22.916,1.0,127.228,50.567,15.694,1.769,Low
Storage,Air,NA,Peak,0.523,41.756,83.564,11.114,25.477,0.808,115.825,45.211,14.196,1.706,Low
Storage,Hybrid,NA,Night,0.577,42.428,76.026,13.272,18.251,0.712,78.725,30.433,9.282,1.582,Low
GPU,Air,NA,Peak,0.671,48.752,96.8,12.317,27.479,0.846,104.54,41.555,12.545,1.532,Medium
Storage,Liquid,ME,Night,0.758,55.156,49.939,16.002,15.0,0.872,82.473,38.584,4.593,1.245,High
Compute,Hybrid,APAC,Peak,0.187,18.367,37.903,22.341,24.176,0.767,42.796,27.069,3.234,1.505,Medium
Storage,Liquid,EU,Night,0.302,29.887,57.295,8.261,17.189,0.995,63.851,13.776,11.242,1.05,High
Storage,Hybrid,ME,Off-Peak,0.967,74.44,98.0,12.369,23.759,0.829,73.358,39.66,3.105,1.726,Low
Compute,Liquid,EU,Peak,0.402,41.759,74.722,12.343,20.482,1.0,69.482,19.741,12.508,1.212,High
Edge,Air,APAC,Off-Peak,0.342,29.736,74.376,20.996,20.873,0.884,58.92,34.738,4.814,1.485,Medium
Storage,Air,NA,Night,0.48,38.197,49.591,11.445,22.341,0.856,64.687,28.265,7.437,1.692,Low
Storage,Air,EU,Off-Peak,0.362,27.524,56.632,14.602,25.694,0.882,69.875,16.695,13.155,1.51,Medium
Compute,Air,NA,Off-Peak,0.182,22.035,53.124,13.339,27.156,0.883,59.566,22.639,7.459,1.631,Low
Storage,Liquid,EU,Night,0.287,30.364,66.616,8.905,16.891,0.928,62.391,16.695,11.453,1.265,High
Compute,Air,NA,Peak,0.676,56.339,80.267,11.714,26.213,0.867,67.999,26.046,8.212,1.619,Low
Compute,Hybrid,NA,Night,0.301,0.511,60.801,11.742,24.303,0.694,64.189,25.798,7.705,1.502,Low
Storage,Air,NA,Peak,0.683,59.534,52.214,14.535,26.403,0.879,94.053,36.854,11.768,1.529,Medium
Storage,Air,NA,Off-Peak,0.19,27.634,47.926,14.413,27.7,0.749,48.884,22.717,5.474,1.551,Low
Storage,Hybrid,APAC,Peak,0.138,19.443,67.142,14.553,27.399,0.798,67.941,42.725,5.719,1.494,Medium
Compute,Air,NA,Off-Peak,0.875,69.608,93.287,18.385,27.563,0.791,76.808,27.881,7.97,1.825,Low
Storage,Liquid,APAC,Peak,0.784,55.505,77.681,16.807,20.188,1.0,112.75,65.227,9.291,1.33,High
Compute,Liquid,EU,Peak,0.699,60.485,62.316,12.479,18.912,0.927,119.737,27.443,21.22,1.08,High
Edge,Air,EU,Off-Peak,0.128,20.055,48.25,9.6,24.454,0.839,45.617,11.803,8.247,1.441,Medium
Storage,Liquid,NA,Off-Peak,0.315,22.775,56.767,10.811,15.0,0.987,68.766,28.98,7.784,1.266,High
Storage,Air,ME,Off-Peak,0.831,59.873,94.017,10.8,24.779,0.858,83.011,42.637,3.672,1.547,Medium
Compute,Liquid,NA,Off-Peak,0.23,23.574,51.042,25.358,15.0,0.889,53.618,23.712,6.159,1.149,High
Compute,Liquid,EU,Peak,0.832,62.515,58.619,30.668,21.875,0.788,89.704,23.996,15.952,1.082,High
Edge,Air,EU,Night,0.626,52.465,60.938,22.302,20.131,0.828,71.252,19.117,12.839,1.482,Medium
Compute,Liquid,EU,Peak,0.766,67.974,72.078,17.524,19.974,0.994,78.846,16.655,14.068,1.276,High
Storage,Air,NA,Peak,0.68,58.791,63.054,16.465,22.465,0.769,73.747,31.793,9.039,1.507,Medium
Storage,Liquid,EU,Off-Peak,0.475,34.821,57.947,13.891,19.414,0.911,67.493,19.889,12.095,1.13,High
Compute,Hybrid,APAC,Off-Peak,0.363,37.84,69.097,4.57,26.402,0.81,58.595,35.108,5.12,1.378,Medium
GPU,Hybrid,APAC,Peak,0.705,53.448,49.073,12.143,23.476,0.917,113.333,67.335,9.182,1.587,Low
Storage,Liquid,ME,Peak,0.826,67.346,64.509,14.916,25.659,1.0,78.323,36.824,3.955,1.322,High
Compute,Air,NA,Night,0.14,14.293,55.624,8.007,21.699,0.81,63.361,25.43,7.86,1.508,Medium
Compute,Hybrid,NA,Off-Peak,0.442,33.041,69.828,9.737,18.324,0.75,98.21,37.944,11.206,1.565,Low
Compute,Air,NA,Off-Peak,0.416,44.464,53.893,11.528,23.129,0.748,62.312,27.882,7.46,1.457,Medium
GPU,Liquid,ME,Night,0.604,0.837,47.943,6.97,15.0,0.883,117.554,58.598,5.26,1.686,Low
Storage,Air,NA,Peak,0.203,16.74,66.388,7.163,28.583,0.802,46.72,17.752,5.599,1.565,Low
Compute,Hybrid,EU,Off-Peak,0.94,71.993,98.0,14.685,21.588,0.749,84.489,25.078,15.06,1.373,Medium
Compute,Liquid,ME,Peak,0.594,44.767,64.584,16.303,21.024,0.869,71.635,33.63,4.361,1.42,Medium
Storage,Liquid,EU,Peak,0.931,75.617,79.583,17.074,23.419,0.828,101.129,25.451,17.445,1.621,Low
Storage,Air,EU,Peak,0.835,63.09,69.912,27.489,23.303,0.784,100.349,26.441,18.024,1.427,Medium
Storage,Liquid,NA,Off-Peak,0.272,26.799,54.046,4.493,21.465,1.0,58.944,22.928,6.786,1.32,High
Compute,Liquid,EU,Peak,0.219,34.992,68.527,7.584,21.381,0.892,63.378,15.178,11.199,1.59,Low
Compute,Liquid,ME,Off-Peak,0.875,63.309,68.056,14.643,19.768,0.804,77.873,39.965,3.54,1.445,Medium
Storage,Air,EU,Night,0.582,53.024,52.104,12.717,22.47,0.915,85.42,17.754,16.199,1.374,High
Edge,Air,NA,Off-Peak,0.118,14.17,57.608,6.798,23.714,0.946,45.018,17.076,7.023,1.585,Medium
Compute,Air,NA,Peak,0.941,72.024,54.598,15.181,24.69,0.936,85.427,34.118,10.897,1.162,High
Storage,Air,NA,Peak,0.526,44.717,78.933,15.166,24.824,0.941,66.199,26.344,8.73,1.705,Low
Storage,Air,EU,Off-Peak,0.371,32.585,74.685,5.265,24.381,0.839,77.321,18.427,13.786,1.223,High
Storage,Air,NA,Peak,0.565,45.552,82.478,12.826,25.04,0.819,97.691,40.71,12.435,1.724,Low
Compute,Air,EU,Night,0.841,68.332,55.058,13.823,18.201,0.781,72.648,22.088,12.493,2.208,Low
GPU,Air,EU,Night,0.199,27.504,58.892,28.064,20.92,0.714,83.047,19.326,14.911,1.374,Medium
Storage,Air,APAC,Off-Peak,0.423,35.566,96.711,23.094,19.837,0.944,61.089,36.587,4.732,1.461,Medium
Storage,Hybrid,NA,Peak,0.387,40.982,43.209,10.961,29.604,0.745,58.263,22.864,7.17,1.62,Low
Compute,Liquid,APAC,Night,0.856,69.733,65.011,10.846,21.2,0.991,87.919,53.6,6.618,1.396,High
Compute,Air,EU,Off-Peak,0.801,61.812,70.539,13.99,28.452,0.736,70.772,19.92,12.799,1.907,Low
Compute,Liquid,NA,Off-Peak,0.46,36.754,56.824,20.579,17.907,0.923,62.043,25.346,7.415,1.405,High
GPU,Liquid,ME,Peak,0.698,51.976,62.311,8.943,21.913,0.872,109.503,55.914,6.583,1.613,Low
Compute,Hybrid,NA,Off-Peak,0.455,37.889,58.535,4.926,19.546,0.861,86.564,35.489,10.539,1.414,Medium
Storage,Air,EU,Night,0.614,47.172,46.982,26.132,25.885,0.823,67.493,12.95,12.026,1.276,High
Compute,Air,NA,Peak,0.992,81.208,58.569,35.752,23.81,0.717,94.061,40.52,10.69,1.287,High
Storage,Hybrid,EU,Night,0.582,57.312,58.174,19.811,19.512,0.95,68.214,16.644,12.583,1.298,High
Storage,Air,EU,Peak,0.99,81.62,27.594,35.913,25.944,0.605,90.518,20.584,16.574,1.709,Low
Compute,Air,NA,Night,0.772,59.013,53.849,17.044,25.539,0.979,73.121,27.82,9.123,1.71,Low
Compute,Air,EU,Off-Peak,0.209,1.357,59.369,10.534,25.524,0.8,70.933,18.376,12.17,1.726,Low
Compute,Air,EU,Peak,0.816,62.25,63.688,23.911,25.043,0.878,73.756,19.565,12.524,1.462,Medium
Storage,Hybrid,APAC,Peak,0.245,20.826,45.597,13.728,28.138,0.805,54.746,33.958,3.681,1.458,Medium
Storage,Air,NA,Off-Peak,0.579,0.694,63.697,9.644,23.597,0.79,74.979,30.254,9.5,1.558,Low
Compute,Hybrid,NA,Peak,0.652,61.348,63.766,10.759,26.675,0.668,83.057,33.002,10.165,1.757,Low
Storage,Hybrid,EU,Off-Peak,0.903,69.953,82.172,16.566,17.74,0.766,69.061,15.135,12.785,1.583,Low
Compute,Liquid,NA,Peak,0.289,26.741,63.694,26.236,26.653,0.862,46.641,19.438,5.494,1.705,Low
Compute,Air,EU,Peak,0.888,67.257,70.063,28.211,25.063,0.739,79.322,22.058,14.28,1.598,Low
Compute,Air,NA,Off-Peak,0.941,83.429,57.608,14.872,24.88,0.9,88.917,34.278,10.697,1.681,Low
GPU,Air,NA,Off-Peak,0.181,16.632,55.835,14.643,21.003,0.929,101.745,40.506,11.836,1.318,High
Compute,Air,APAC,Off-Peak,0.897,84.365,44.656,28.46,19.844,0.878,121.99,69.361,9.608,1.695,Low
Compute,Liquid,APAC,Off-Peak,0.333,31.816,91.508,14.271,19.605,0.989,93.812,54.283,7.297,1.48,Medium
Compute,Air,EU,Off-Peak,0.173,18.65,34.69,9.226,24.581,0.952,70.51,18.601,13.007,1.767,Low
Compute,Hybrid,APAC,Off-Peak,0.963,74.353,75.348,13.636,18.045,0.832,78.537,46.914,7.26,2.256,Medium
Storage,Liquid,APAC,Peak,0.453,0.399,57.01,21.883,21.233,0.952,48.957,30.934,4.059,1.308,High
Compute,Liquid,EU,Peak,0.661,54.579,66.309,18.215,37.969,0.933,79.166,18.341,13.464,1.389,High
Compute,Hybrid,ME,Peak,0.598,50.372,68.507,11.048,20.789,0.831,64.105,33.409,3.8,2.275,Low
Storage,Air,EU,Off-Peak,0.292,24.537,45.174,12.943,21.794,0.959,52.225,12.311,9.135,1.418,High
Compute,Air,EU,Off-Peak,0.703,72.57,78.883,23.722,17.114,0.85,87.152,20.533,15.723,1.348,High
GPU,Air,EU,Off-Peak,0.142,23.092,70.174,12.515,24.687,0.97,77.755,16.862,13.731,1.498,Medium
Storage,Air,ME,Off-Peak,0.283,23.444,56.515,14.912,29.453,0.889,57.51,30.147,2.834,1.63,Low
Compute,Liquid,NA,Peak,0.95,71.543,82.767,20.546,23.946,0.923,104.308,39.283,11.977,1.615,Low
Storage,Air,NA,Off-Peak,0.958,79.739,98.0,15.247,20.126,0.977,71.799,29.471,8.183,1.708,Low
Compute,Air,NA,Peak,0.534,49.173,71.744,14.672,24.988,0.924,71.746,24.893,8.148,1.615,Low
Storage,Hybrid,NA,Off-Peak,0.252,21.754,65.792,14.487,21.481,0.867,76.509,30.506,8.77,1.331,High
Storage,Air,NA,Off-Peak,0.479,40.114,39.631,6.872,23.577,0.894,61.203,28.622,7.332,1.562,Medium
Compute,Liquid,APAC,Night,0.889,68.488,85.098,20.11,37.618,0.878,81.353,48.057,6.247,1.23,High
Storage,Air,EU,Night,0.163,23.076,53.333,14.521,20.442,0.879,71.251,12.115,13.047,1.323,High
GPU,Air,NA,Off-Peak,0.215,17.972,71.802,6.539,21.281,0.82,111.767,44.467,13.374,1.627,Low
Edge,Liquid,APAC,Night,0.906,72.677,76.547,19.408,19.06,1.0,65.175,36.667,5.026,1.23,High
Storage,Hybrid,EU,Peak,0.474,48.654,45.604,25.204,27.293,0.866,73.503,20.772,12.873,1.633,Low
Storage,Air,EU,Peak,0.175,17.955,54.477,19.289,23.293,0.887,51.102,13.569,9.439,1.507,Medium
Compute,Air,NA,Night,0.225,22.205,76.429,18.93,17.482,0.868,48.781,22.741,5.501,1.318,High
Compute,Air,APAC,Night,0.894,75.451,98.0,33.475,24.326,0.857,86.673,51.902,6.919,1.603,Low
Storage,Air,NA,Off-Peak,0.541,47.282,52.36,6.19,23.13,0.607,66.205,24.816,8.555,1.549,Low
Compute,Air,NA,Peak,0.247,29.461,37.25,9.763,20.741,0.928,61.274,26.362,7.303,1.325,High
Edge,Liquid,NA,Night,0.905,65.209,72.527,16.959,15.234,0.89,92.064,38.776,10.969,1.408,Medium
Compute,Air,APAC,Peak,0.861,71.147,75.942,16.36,29.709,0.831,84.238,49.456,6.732,1.641,Low
Compute,Air,EU,Peak,0.121,18.118,66.071,13.245,24.789,0.802,106.094,26.166,18.268,1.804,Low
Compute,Liquid,NA,Off-Peak,0.623,47.982,82.544,7.613,21.44,0.782,102.426,40.796,11.833,1.521,Low
GPU,Air,NA,Peak,0.32,23.606,68.167,6.496,20.141,0.764,100.514,41.179,12.36,1.407,Medium
Storage,Air,EU,Peak,0.58,51.874,55.091,8.832,22.694,0.698,93.13,23.113,17.702,1.678,Low
Storage,Hybrid,EU,Night,0.351,38.325,67.39,15.658,23.05,0.911,73.81,17.655,13.324,1.406,High
Compute,Air,NA,Peak,0.384,38.705,45.126,11.888,24.766,0.827,74.012,28.734,10.218,1.497,Medium
GPU,Liquid,APAC,Night,0.642,48.873,45.535,15.2,19.48,0.967,148.019,87.315,12.181,1.364,High
Compute,Air,ME,Night,0.585,51.421,84.858,16.788,24.043,0.895,68.497,33.212,3.494,1.407,Medium
GPU,Air,NA,Night,0.456,41.682,79.35,9.811,20.908,0.714,132.665,53.876,16.26,1.668,Low
Storage,Air,EU,Night,0.197,18.51,27.251,7.835,21.465,0.791,39.762,8.519,7.542,1.456,Medium
Compute,Air,NA,Off-Peak,0.972,79.93,92.31,18.238,21.127,0.981,98.703,36.502,12.265,1.483,Medium
Storage,Air,APAC,Off-Peak,0.257,22.776,62.41,10.599,16.801,0.796,58.617,33.258,4.451,1.185,High
Storage,Air,EU,Night,0.67,52.948,83.929,13.325,24.769,0.922,52.316,11.862,10.165,1.575,Medium
Compute,Hybrid,NA,Off-Peak,0.174,14.441,33.197,3.354,26.39,0.919,60.317,23.76,7.482,2.482,Low
GPU,Liquid,APAC,Off-Peak,0.719,66.831,60.064,27.518,17.057,0.979,119.5,69.819,10.322,1.133,High
Storage,Air,APAC,Off-Peak,0.185,30.702,48.132,31.693,28.693,0.901,60.387,34.089,5.38,1.687,Low
Compute,Liquid,NA,Off-Peak,0.307,28.738,57.887,15.516,21.529,0.875,80.994,34.678,9.674,1.384,High
Compute,Hybrid,NA,Off-Peak,0.682,59.015,70.043,29.32,15.0,0.939,90.927,38.22,10.652,1.141,High
Storage,Liquid,NA,Off-Peak,0.355,29.989,29.181,16.082,15.188,1.0,89.126,36.669,9.962,1.223,High
Storage,Air,EU,Off-Peak,0.58,49.841,58.4,7.894,15.044,0.916,50.607,12.625,8.929,1.071,High
Storage,Hybrid,APAC,Off-Peak,0.212,33.017,51.758,8.619,23.066,0.95,65.313,37.858,4.85,1.494,Medium
Storage,Air,EU,Off-Peak,0.282,33.764,50.828,27.538,21.552,0.89,113.123,26.661,20.93,1.421,Medium
Storage,Air,EU,Peak,0.76,60.368,65.71,11.721,24.261,0.892,70.785,19.293,13.411,1.512,Medium
Edge,Liquid,APAC,Off-Peak,0.132,13.328,91.853,3.251,17.804,1.0,41.068,26.838,2.506,1.275,High
Storage,Hybrid,EU,Peak,0.201,21.569,57.274,8.106,23.1,0.92,56.872,14.395,11.174,1.654,Low
GPU,Hybrid,EU,Night,0.293,22.586,36.811,12.868,20.848,0.638,91.425,22.947,16.089,1.671,Low
Compute,Hybrid,EU,Night,0.118,13.881,67.036,4.576,22.533,0.749,45.57,11.914,8.278,1.74,Low
Compute,Air,APAC,Off-Peak,0.186,25.451,71.995,12.161,21.066,0.787,56.162,33.672,5.21,1.536,Low
Compute,Hybrid,NA,Night,0.353,39.271,72.367,4.41,15.73,0.978,83.551,37.412,8.794,1.399,High
Storage,Air,NA,Off-Peak,0.184,16.514,47.605,11.643,24.465,0.738,222.183,88.873,26.662,1.764,Low
GPU,Air,NA,Peak,0.88,69.499,89.374,14.201,24.326,0.9,175.65,72.272,21.15,1.526,Medium
Compute,Liquid,APAC,Off-Peak,0.159,19.008,66.702,12.256,19.484,0.922,70.772,40.907,5.036,1.598,Low
Compute,Air,EU,Peak,0.875,72.231,83.994,15.381,27.914,0.855,106.766,26.394,19.439,1.42,Medium
GPU,Liquid,NA,Peak,0.841,66.04,78.554,17.98,19.174,0.998,136.214,56.446,15.095,1.299,High
Compute,Air,ME,Off-Peak,0.191,32.832,73.34,16.246,16.506,0.808,91.458,46.047,4.479,1.453,Medium
Storage,Hybrid,ME,Off-Peak,0.123,10.216,59.003,20.928,20.078,0.793,74.058,38.745,3.81,1.5,Medium
Storage,Air,ME,Off-Peak,0.145,27.388,63.429,6.321,31.415,0.887,83.656,43.364,3.341,1.607,Low
GPU,Air,NA,Off-Peak,0.631,51.086,61.775,11.935,22.817,0.94,124.661,47.361,15.118,1.322,High
Compute,Hybrid,APAC,Peak,0.703,51.13,62.892,13.534,20.844,0.776,86.244,50.835,7.007,1.514,Low
Compute,Air,NA,Off-Peak,0.659,52.497,93.368,17.983,22.504,0.816,91.185,39.398,10.764,1.564,Low
Storage,Liquid,NA,Peak,0.587,42.199,58.783,21.094,23.278,0.966,50.378,20.819,6.518,1.559,Medium
Edge,Liquid,NA,Peak,0.257,20.856,55.457,14.787,18.319,0.988,55.491,24.258,6.475,1.372,High
Storage,Liquid,EU,Off-Peak,0.857,70.599,66.616,18.046,27.501,0.852,69.705,12.141,12.282,1.413,Medium
Compute,Liquid,NA,Peak,0.395,39.626,67.488,12.845,18.33,0.892,85.681,32.002,9.064,1.81,Low
Storage,Air,EU,Peak,0.988,70.912,52.8,16.889,22.729,0.77,69.39,17.558,12.165,1.532,Low
Edge,Hybrid,APAC,Peak,0.446,45.905,51.95,15.508,28.708,0.898,66.825,39.934,5.149,1.599,Low
GPU,Air,NA,Off-Peak,0.337,33.745,58.444,9.715,24.806,0.807,149.74,58.556,18.192,1.579,Low
Edge,Air,NA,Night,0.905,80.152,74.171,31.183,26.948,0.889,80.568,28.16,10.057,1.595,Low
Compute,Air,NA,Night,0.611,44.707,48.768,15.175,25.997,0.847,84.131,37.359,10.366,1.747,Low
Compute,Liquid,ME,Off-Peak,0.75,53.475,75.979,21.781,21.447,0.981,94.278,47.178,4.375,1.791,Low
Storage,Liquid,NA,Off-Peak,0.468,39.197,54.724,25.386,15.0,0.931,68.186,26.802,8.339,1.493,Medium
GPU,Hybrid,EU,Peak,0.898,70.477,74.379,11.798,21.501,0.645,123.024,30.404,22.356,1.655,Low
Compute,Liquid,NA,Peak,0.926,81.924,89.359,16.57,36.581,0.688,106.525,45.313,12.326,1.742,Low
Compute,Liquid,APAC,Off-Peak,0.493,39.804,67.629,13.639,17.732,0.998,65.819,41.314,5.113,1.293,High
GPU,Hybrid,NA,Off-Peak,0.317,32.979,69.743,18.271,18.278,0.925,101.609,41.91,11.917,1.46,Medium
Compute,Air,EU,Off-Peak,0.683,60.79,52.009,21.202,20.657,0.797,81.956,20.384,15.687,1.646,Low
Compute,Liquid,EU,Peak,0.959,70.507,50.78,10.667,25.231,0.808,82.915,21.45,14.392,1.406,Medium
Storage,Liquid,APAC,Peak,0.66,54.468,81.453,14.142,23.837,0.849,91.603,52.613,7.078,1.418,Medium
Storage,Air,NA,Peak,0.959,77.615,96.909,19.523,20.502,0.793,70.939,30.35,8.547,1.699,Low
GPU,Hybrid,EU,Off-Peak,0.409,34.043,83.75,14.554,22.402,0.863,90.561,24.284,17.005,1.646,Low
Compute,Air,NA,Peak,0.924,76.944,57.871,11.563,20.165,0.943,99.23,38.354,11.574,1.619,Low
Storage,Liquid,ME,Off-Peak,0.201,26.808,49.866,18.718,19.759,0.835,63.21,29.81,3.071,1.232,High
Storage,Liquid,EU,Peak,0.423,32.479,33.179,9.032,18.175,0.878,63.839,15.006,11.412,1.693,Low
Storage,Hybrid,EU,Off-Peak,0.545,49.772,53.013,13.494,35.019,0.824,98.611,26.408,18.283,1.47,Medium
Storage,Hybrid,EU,Peak,0.688,60.876,66.623,13.347,19.513,0.819,92.569,22.852,17.513,1.301,High
Compute,Liquid,NA,Peak,0.365,30.241,68.12,5.397,23.166,0.993,104.261,44.874,12.87,1.43,High
Compute,Liquid,NA,Peak,0.932,70.353,74.4,19.547,19.071,0.992,80.645,33.908,10.082,1.339,High
Compute,Air,EU,Peak,0.913,70.022,87.52,25.808,24.342,0.85,73.856,19.583,12.484,1.45,Medium
Compute,Air,ME,Peak,0.819,68.319,85.012,20.308,22.091,0.906,87.892,50.258,3.847,1.601,Low
Storage,Hybrid,NA,Night,0.203,33.884,58.669,7.949,17.726,0.887,58.592,26.604,7.377,1.409,Medium
GPU,Hybrid,APAC,Peak,0.17,25.99,68.708,13.697,23.893,0.654,101.52,57.667,8.245,1.731,Low
GPU,Hybrid,NA,Peak,0.548,55.43,66.398,11.792,21.551,0.845,128.959,52.488,15.927,1.704,Low
GPU,Air,ME,Off-Peak,0.789,65.268,86.705,11.983,17.303,0.922,105.925,54.064,5.113,1.43,Medium
Compute,Hybrid,NA,Off-Peak,0.211,26.306,78.163,16.329,23.219,0.796,108.695,39.657,12.732,1.667,Low
Storage,Hybrid,NA,Peak,0.677,1.049,72.302,11.313,25.026,0.788,79.004,33.986,8.522,1.748,Low
Compute,Air,EU,Off-Peak,0.575,59.025,72.375,8.545,21.682,0.776,72.215,16.417,13.18,1.513,Medium
Compute,Liquid,APAC,Off-Peak,0.753,65.736,76.055,14.723,21.422,0.919,95.525,52.898,7.304,1.229,High
Compute,Liquid,APAC,Peak,0.492,43.811,60.737,6.911,19.835,0.859,73.786,46.728,6.832,1.259,High
Storage,Liquid,EU,Off-Peak,0.724,52.659,87.913,16.738,15.535,0.92,63.235,18.079,10.526,1.14,High
Edge,Hybrid,EU,Peak,0.244,28.405,35.022,15.057,24.345,0.839,214.279,53.57,38.57,1.343,High
Compute,Air,NA,Peak,0.293,23.412,63.926,6.416,28.712,0.781,82.062,29.734,9.138,1.454,Medium
Compute,Liquid,NA,Night,0.913,72.862,81.649,21.18,37.273,1.0,76.294,28.314,9.882,1.131,High
GPU,Liquid,NA,Peak,0.396,32.057,62.263,17.225,23.57,0.848,111.348,43.248,12.886,1.484,Medium
Compute,Air,EU,Peak,0.987,73.819,67.469,11.335,23.866,0.804,78.139,19.618,14.038,1.332,High
GPU,Hybrid,EU,Night,0.142,15.579,74.592,3.219,18.715,0.825,72.635,17.424,12.999,1.616,Low
GPU,Liquid,APAC,Off-Peak,0.546,53.293,45.826,18.665,23.009,1.0,126.77,75.079,10.597,1.137,High
Edge,Air,APAC,Off-Peak,0.392,49.979,73.684,13.033,25.745,0.733,62.89,38.505,4.373,1.342,Medium
Storage,Air,NA,Off-Peak,0.996,76.011,69.199,14.184,25.876,0.945,63.37,22.739,7.093,1.532,Medium
Storage,Air,APAC,Off-Peak,0.991,73.41,54.466,12.889,21.704,0.931,94.232,54.921,8.169,1.402,High
Storage,Liquid,NA,Off-Peak,0.312,32.061,64.384,7.099,18.598,0.915,61.261,25.237,7.735,1.098,High
Storage,Hybrid,APAC,Peak,0.341,25.574,42.926,10.203,23.882,0.954,49.469,31.302,4.273,1.617,Low
Storage,Air,NA,Off-Peak,0.775,62.687,54.343,14.307,19.698,0.692,66.722,22.187,8.745,1.651,Low
Compute,Air,APAC,Peak,0.901,85.851,69.657,17.567,19.83,0.946,88.363,54.187,7.722,1.571,Medium
Storage,Air,EU,Peak,0.697,56.446,84.912,17.818,27.625,0.936,60.863,13.607,11.024,1.575,Medium
Storage,Liquid,EU,Off-Peak,0.878,73.475,87.047,10.574,15.024,1.0,76.725,16.598,13.71,1.468,Medium
GPU,Hybrid,EU,Off-Peak,0.157,25.124,63.059,18.206,20.549,0.959,95.047,23.598,16.386,1.474,Medium
GPU,Liquid,NA,Peak,0.676,58.313,77.585,16.036,23.544,0.98,115.026,45.317,13.487,1.746,Low
Storage,Liquid,NA,Peak,0.73,55.959,79.386,22.533,19.545,0.943,64.755,24.232,7.186,1.363,High
Compute,Liquid,EU,Off-Peak,0.271,20.886,43.452,7.778,17.472,1.0,79.16,16.922,14.311,1.475,Medium
GPU,Air,APAC,Off-Peak,0.8,66.964,97.705,14.581,25.884,0.896,120.202,68.765,8.532,1.548,Medium
Storage,Liquid,NA,Night,0.95,83.968,64.992,13.657,19.731,1.0,111.366,46.639,13.218,1.341,High
GPU,Liquid,NA,Off-Peak,0.908,65.765,50.408,18.981,23.806,1.0,108.617,41.459,13.551,1.496,Medium
Edge,Liquid,EU,Night,0.32,41.126,35.673,5.849,16.557,0.952,68.326,18.72,12.43,1.172,High
Compute,Hybrid,EU,Off-Peak,0.392,38.983,29.567,19.372,15.192,0.837,74.145,17.564,13.532,1.322,High
GPU,Liquid,EU,Off-Peak,0.55,50.922,52.298,11.644,19.321,0.985,97.352,24.649,17.727,1.547,Medium
Compute,Liquid,APAC,Night,0.243,18.104,54.431,12.115,17.153,0.879,69.065,42.484,4.903,1.299,High
Compute,Hybrid,EU,Night,0.959,78.657,66.658,17.366,15.577,0.928,98.799,26.618,17.257,1.158,High
Storage,Hybrid,NA,Off-Peak,0.245,22.927,54.091,16.99,22.157,0.816,58.987,24.946,7.101,1.479,Medium
Compute,Liquid,NA,Off-Peak,0.785,69.661,57.059,11.954,15.437,0.993,95.513,39.394,11.249,1.332,High
GPU,Air,EU,Peak,0.407,45.917,68.991,7.717,30.323,0.902,186.337,46.584,33.541,1.3,High
Compute,Air,EU,Night,0.616,56.15,77.08,19.145,19.328,0.806,72.758,18.957,12.57,1.545,Low
Compute,Liquid,NA,Off-Peak,0.142,22.171,64.379,6.633,15.0,1.0,87.715,35.022,10.967,1.326,High
Storage,Air,ME,Night,0.285,26.842,26.872,6.472,22.905,0.956,51.645,25.675,2.891,2.245,High
GPU,Air,NA,Peak,0.5,42.349,68.487,11.946,27.354,0.942,94.394,35.967,11.81,1.453,Medium
Edge,Air,EU,Peak,0.709,58.654,64.3,13.518,22.485,0.731,68.849,14.755,14.049,1.318,High
GPU,Liquid,NA,Off-Peak,0.8,58.982,62.672,15.909,15.173,0.784,102.464,41.722,12.009,1.39,Medium
Storage,Liquid,APAC,Night,0.127,12.393,76.781,12.89,22.499,0.89,43.285,27.283,3.4,1.685,Low
Compute,Air,APAC,Night,0.237,26.939,67.981,16.658,28.149,0.923,50.804,30.113,3.705,1.568,Medium
Compute,Air,NA,Peak,0.757,57.707,46.85,12.495,27.785,0.935,74.104,34.458,9.34,1.589,Medium
Compute,Liquid,ME,Off-Peak,0.832,61.535,89.397,21.084,18.38,0.963,84.818,40.771,4.43,1.349,High
Storage,Air,NA,Peak,0.313,29.664,45.834,9.276,23.498,0.601,51.21,21.321,6.548,1.667,Low
Storage,Air,EU,Off-Peak,0.307,35.02,53.801,12.909,24.069,0.731,68.169,14.956,11.833,1.676,Low
Storage,Liquid,APAC,Off-Peak,0.179,22.772,56.153,21.392,36.583,0.945,72.116,41.976,4.977,1.286,High
GPU,Liquid,APAC,Off-Peak,0.235,21.978,35.178,13.443,18.294,0.803,92.306,58.866,7.301,1.598,Low
Storage,Air,ME,Night,0.107,13.044,51.841,4.177,19.696,0.604,38.951,18.082,2.028,2.316,Low
Compute,Liquid,APAC,Peak,0.631,54.948,49.493,15.721,19.524,1.0,92.691,55.907,6.784,1.311,High
Compute,Air,ME,Off-Peak,0.914,71.92,68.278,30.826,19.28,0.703,79.519,41.398,3.484,1.113,High
GPU,Liquid,NA,Off-Peak,0.235,23.369,69.651,12.134,19.145,1.0,92.008,36.035,10.498,1.501,Medium
GPU,Air,NA,Peak,0.776,69.266,98.0,10.147,25.905,0.686,110.222,43.381,13.01,1.698,Low
GPU,Air,EU,Night,0.616,56.677,92.795,17.96,22.307,0.821,112.274,28.981,20.382,1.359,High
Compute,Liquid,APAC,Night,0.946,71.851,59.075,22.281,15.433,0.819,91.761,59.901,7.508,1.226,High
Edge,Liquid,EU,Peak,0.818,73.024,98.0,14.263,24.175,1.0,64.313,14.809,11.487,1.569,Medium
Compute,Air,NA,Off-Peak,0.867,76.502,59.36,14.843,23.756,0.89,93.916,38.066,11.174,1.429,Medium
Compute,Air,APAC,Peak,0.675,64.985,48.548,12.49,27.979,0.833,80.457,49.947,6.382,1.807,Low
Edge,Hybrid,ME,Off-Peak,0.83,66.002,68.511,20.088,20.896,0.837,80.061,38.332,3.807,1.368,High
Compute,Liquid,EU,Off-Peak,0.416,44.759,55.886,7.941,18.97,0.924,78.988,19.006,13.357,1.336,High
Storage,Air,NA,Peak,0.288,28.549,49.366,10.672,27.5,0.942,60.421,23.957,6.237,1.584,Medium
Compute,Liquid,NA,Night,0.921,71.975,62.433,23.263,15.857,1.0,88.919,36.046,10.728,1.275,High
Storage,Air,NA,Off-Peak,0.761,70.284,85.826,12.527,22.541,0.774,76.624,31.665,10.327,1.409,Medium
Edge,Liquid,EU,Night,0.182,16.918,57.067,11.539,16.565,0.987,58.744,18.721,10.713,1.335,High
Compute,Air,ME,Peak,0.88,70.225,60.262,12.189,24.464,0.92,86.648,43.121,4.055,1.362,High
Storage,Air,NA,Night,0.414,33.027,41.142,16.801,20.305,0.898,41.444,18.378,4.273,1.471,Medium
Compute,Air,EU,Off-Peak,0.368,0.54,47.154,12.899,21.557,0.829,60.018,15.092,10.809,1.537,Medium
Storage,Air,EU,Peak,0.661,56.585,61.343,12.48,31.669,0.825,70.064,16.983,12.877,1.747,Low
Compute,Air,NA,Peak,0.612,56.889,66.481,8.374,29.254,0.8,84.284,33.819,9.832,1.78,Low
Compute,Air,EU,Night,0.584,59.726,71.401,11.683,19.673,0.855,72.351,17.241,12.717,1.297,High
Compute,Air,APAC,Off-Peak,0.329,26.994,61.888,20.328,22.33,0.864,72.45,42.435,5.633,1.336,High
Compute,Air,APAC,Off-Peak,0.964,75.804,82.15,38.02,27.842,0.858,87.446,52.116,7.697,1.751,Low
Edge,Liquid,EU,Night,0.955,76.267,71.264,11.084,20.367,1.0,85.57,21.095,15.516,1.211,High
Compute,Air,APAC,Peak,0.104,10.39,60.559,4.585,26.319,0.903,38.573,20.383,3.456,1.478,Medium
Compute,Liquid,NA,Off-Peak,0.404,1.439,48.438,16.381,19.611,1.0,74.999,27.897,8.011,1.402,High
Storage,Air,NA,Off-Peak,0.141,14.436,67.236,3.409,22.418,0.866,29.671,14.393,4.324,1.366,High
Compute,Air,NA,Off-Peak,0.865,76.828,77.951,21.942,23.085,0.992,121.649,51.136,13.981,1.571,Medium
GPU,Liquid,NA,Peak,0.898,76.643,89.227,18.35,20.611,1.0,122.667,49.281,15.152,1.393,High
Edge,Hybrid,NA,Off-Peak,0.566,45.616,84.481,11.992,19.353,0.8,53.991,22.004,5.668,1.241,High
Storage,Air,NA,Off-Peak,0.856,66.649,98.0,16.32,28.35,0.878,79.585,31.599,9.785,1.708,Low
GPU,Air,EU,Off-Peak,0.733,55.806,93.452,10.58,25.194,0.926,104.991,27.689,18.878,1.493,Medium
Storage,Liquid,EU,Off-Peak,0.55,53.057,71.468,19.973,20.982,0.878,66.57,17.716,12.594,1.63,Low
Compute,Hybrid,NA,Peak,0.427,37.027,84.845,24.178,18.866,0.87,64.367,25.696,7.553,1.582,Low
Storage,Hybrid,NA,Night,0.34,34.434,87.785,13.61,21.648,0.864,38.52,19.257,4.152,1.376,High
Storage,Air,EU,Off-Peak,0.333,36.258,53.261,24.799,16.818,0.758,49.615,12.32,9.831,1.522,Low
Storage,Air,NA,Night,0.606,57.241,51.844,13.644,17.469,0.853,65.899,24.543,7.687,1.58,Low
GPU,Liquid,EU,Peak,0.25,0.508,36.424,6.779,23.404,1.0,120.792,30.793,21.493,1.603,Medium
Storage,Liquid,APAC,Peak,0.257,25.745,59.12,6.08,23.303,0.965,45.083,30.009,3.518,1.345,High
Edge,Liquid,NA,Peak,0.109,12.781,40.977,3.776,15.0,0.978,45.435,15.597,5.116,1.382,High
GPU,Hybrid,NA,Off-Peak,0.652,54.632,95.699,16.511,23.431,0.834,99.044,39.773,11.838,1.227,High
Storage,Liquid,NA,Peak,0.995,79.483,43.642,16.834,25.234,0.986,72.179,27.725,9.044,2.404,High
Storage,Air,NA,Off-Peak,0.9,70.628,65.003,18.089,20.298,0.968,88.364,33.999,9.712,1.356,High
Compute,Air,ME,Night,0.735,58.403,87.051,8.374,23.33,0.855,98.773,51.666,4.269,1.506,Medium
Edge,Liquid,NA,Peak,0.807,60.186,73.151,19.996,21.261,0.683,68.406,30.329,8.339,1.553,Low
Storage,Air,EU,Peak,0.475,40.581,76.676,7.112,25.765,0.966,45.519,10.406,8.032,1.393,High
Compute,Air,APAC,Night,0.368,32.626,46.756,6.717,21.786,0.714,85.242,56.637,6.635,1.388,Medium
Compute,Air,NA,Peak,0.432,30.94,41.846,10.116,24.285,0.82,63.248,26.809,7.609,1.695,Low
Storage,Air,NA,Off-Peak,0.173,24.457,67.945,7.487,33.291,0.965,54.778,23.972,6.818,1.597,Medium
Compute,Air,APAC,Peak,0.67,48.828,75.838,14.787,28.757,0.856,92.676,57.181,8.017,1.515,Medium
Compute,Hybrid,APAC,Off-Peak,0.257,32.272,71.175,13.248,26.214,0.882,69.288,42.984,4.844,1.701,Low
Storage,Air,NA,Peak,0.787,66.175,68.851,11.952,25.297,0.774,65.815,25.911,6.491,1.668,Low
Compute,Liquid,NA,Off-Peak,0.271,33.295,86.4,9.694,18.65,0.746,69.471,25.42,8.012,1.655,Low
Storage,Air,APAC,Off-Peak,0.305,35.871,63.837,14.696,24.284,0.782,48.887,31.191,3.421,1.452,Medium
Compute,Air,NA,Off-Peak,0.962,72.685,85.678,15.141,26.306,0.862,138.933,57.232,16.524,1.513,Medium
Compute,Hybrid,NA,Peak,0.195,15.956,65.637,16.845,23.754,0.885,62.051,27.381,6.565,1.699,Low
Storage,Hybrid,NA,Off-Peak,0.549,49.407,35.787,9.418,21.251,0.989,109.87,42.828,12.233,1.595,Medium
Storage,Air,NA,Peak,0.156,25.252,65.388,11.938,25.294,0.839,37.615,13.17,4.777,1.565,Low
Compute,Liquid,NA,Night,0.181,19.144,68.838,18.452,19.116,0.934,53.251,20.181,5.6,1.334,High
Compute,Air,EU,Off-Peak,0.67,54.617,82.929,14.081,23.295,0.841,82.976,21.167,15.174,1.474,Medium
Storage,Hybrid,APAC,Peak,0.668,55.151,57.91,15.604,21.616,0.704,65.501,38.603,5.456,1.563,Low
Compute,Air,EU,Peak,0.274,23.697,75.288,18.934,23.461,0.886,71.208,19.93,13.158,1.447,Medium
Compute,Air,NA,Peak,0.885,64.053,53.707,14.863,23.598,0.752,79.775,33.959,8.94,1.42,Medium
Compute,Liquid,EU,Peak,0.732,63.928,74.656,20.274,16.936,0.797,105.096,25.844,19.461,1.079,High
GPU,Hybrid,APAC,Off-Peak,0.371,33.655,53.631,15.448,18.441,0.925,87.804,54.664,7.603,1.335,High
GPU,Air,NA,Peak,0.324,30.007,42.639,18.918,30.406,0.91,97.618,35.373,12.971,1.476,Medium
GPU,Liquid,NA,Night,0.779,64.784,55.381,39.514,18.646,0.943,120.791,46.056,14.864,1.229,High
GPU,Air,NA,Peak,0.76,60.148,86.569,9.948,26.835,0.885,123.843,50.348,15.387,1.652,Low
Storage,Hybrid,NA,Off-Peak,0.234,17.025,75.545,25.786,19.939,0.748,61.429,23.995,6.659,1.51,Low
Storage,Air,ME,Peak,0.414,43.236,54.189,8.572,18.886,0.882,65.293,32.577,3.643,1.251,High
Storage,Hybrid,EU,Peak,0.295,23.596,58.218,14.364,24.72,0.827,48.769,13.505,8.122,1.52,Medium
Compute,Air,NA,Night,0.365,47.998,42.293,13.165,22.271,0.84,70.276,28.481,7.544,1.447,Medium
Storage,Air,APAC,Night,0.359,42.148,77.977,11.726,22.591,0.695,46.457,25.954,4.235,1.669,Low
GPU,Hybrid,NA,Off-Peak,0.978,74.16,89.7,30.075,21.688,0.928,125.683,52.316,15.767,1.279,High
Storage,Hybrid,NA,Off-Peak,0.775,60.414,49.269,16.722,16.968,0.844,55.977,22.964,6.974,1.685,Low
Compute,Liquid,NA,Night,0.802,62.221,43.475,18.347,22.145,0.973,88.079,36.397,10.289,1.442,Medium
Compute,Air,EU,Off-Peak,0.35,28.345,88.762,5.387,27.237,0.846,64.747,15.349,12.692,1.43,Medium
Storage,Liquid,NA,Peak,0.1,15.657,68.638,5.637,25.654,0.952,48.438,15.715,5.146,1.699,Low
Storage,Liquid,NA,Peak,0.152,16.545,61.162,3.137,15.466,0.874,43.912,20.38,5.023,1.196,High
GPU,Liquid,NA,Off-Peak,0.598,53.452,57.774,12.247,20.498,1.0,101.645,41.605,12.966,1.157,High
Compute,Liquid,NA,Off-Peak,0.357,26.474,53.727,7.886,22.205,0.873,59.885,25.117,7.179,1.37,High
GPU,Air,EU,Off-Peak,0.274,27.158,60.696,16.446,24.783,0.894,105.261,27.443,18.905,1.299,High
Storage,Liquid,APAC,Peak,0.145,11.6,76.767,21.672,20.99,0.763,33.223,18.618,2.645,1.647,Low
GPU,Liquid,APAC,Night,0.888,73.668,62.314,33.994,18.759,1.0,118.904,69.706,9.918,1.378,High
Storage,Air,EU,Off-Peak,0.64,55.837,84.08,8.063,25.253,0.747,77.372,21.541,13.651,1.174,High
Storage,Liquid,ME,Off-Peak,0.197,19.969,47.485,17.654,20.883,0.965,34.02,16.47,1.738,1.159,High
Storage,Liquid,NA,Peak,0.79,74.525,48.703,14.611,17.827,0.97,68.234,24.247,8.695,1.081,High
GPU,Liquid,NA,Night,0.78,60.126,70.439,28.136,21.563,0.977,99.912,38.56,12.305,1.383,High
Edge,Air,EU,Off-Peak,0.36,34.968,73.191,10.509,27.418,0.998,45.617,14.18,7.843,1.488,Medium
Compute,Liquid,NA,Off-Peak,0.27,22.764,74.081,14.975,20.976,0.918,55.668,19.866,7.623,1.512,Medium
Compute,Air,EU,Night,0.833,72.093,55.031,22.303,23.138,0.754,80.885,19.475,14.336,1.706,Low
Edge,Liquid,NA,Night,0.397,33.927,85.435,25.334,15.0,0.867,42.522,14.845,4.689,1.218,High
Storage,Liquid,NA,Peak,0.863,69.283,56.938,23.499,20.632,0.735,68.68,29.232,8.104,1.58,Low
Storage,Liquid,EU,Night,0.139,18.623,63.473,28.658,15.0,1.0,51.529,13.555,10.18,1.105,High
Storage,Air,ME,Off-Peak,0.549,46.29,47.916,12.185,31.349,0.897,64.617,29.463,2.04,1.986,Low
Compute,Liquid,NA,Peak,0.262,27.971,65.076,9.99,22.246,1.0,57.292,21.691,7.692,1.444,High
GPU,Hybrid,NA,Peak,0.705,57.289,66.399,17.755,25.483,0.903,120.931,44.459,14.897,1.564,Medium
GPU,Air,APAC,Off-Peak,0.997,85.582,71.46,15.178,22.76,0.591,145.744,84.66,10.131,1.218,High
Compute,Hybrid,NA,Off-Peak,0.471,36.571,77.284,14.145,15.0,0.857,75.023,30.58,9.221,1.235,High
Compute,Liquid,NA,Off-Peak,0.19,16.748,69.469,11.667,16.093,0.925,62.54,25.297,7.049,1.581,Medium
GPU,Liquid,NA,Peak,0.386,36.756,72.684,5.852,17.335,0.635,90.655,37.04,10.918,1.238,High
Compute,Air,APAC,Night,0.902,70.539,41.355,11.691,21.64,0.862,78.979,45.819,6.626,1.866,Low
GPU,Air,APAC,Night,0.789,65.237,70.079,19.816,19.36,0.876,99.908,61.762,7.583,1.753,Low
Compute,Hybrid,EU,Off-Peak,0.309,23.883,81.566,9.607,24.644,0.956,51.22,11.844,9.072,1.527,Medium
Storage,Air,NA,Night,0.958,74.215,66.462,19.929,19.046,0.761,147.072,59.126,18.349,2.272,Low
Edge,Air,NA,Night,0.66,58.731,92.032,10.48,21.666,0.605,68.364,29.932,8.356,1.61,Low
Storage,Liquid,NA,Peak,0.251,23.736,74.432,26.233,18.794,0.899,68.035,32.167,8.469,1.512,Medium
Storage,Air,ME,Off-Peak,0.615,51.157,60.915,24.936,33.624,0.72,77.531,35.656,3.686,1.728,Low
Storage,Liquid,EU,Night,0.506,41.918,60.617,15.82,19.103,1.0,101.18,26.273,18.122,1.317,High
Compute,Liquid,NA,Peak,0.838,71.854,40.846,28.031,18.214,0.88,75.471,31.402,8.932,1.245,High
Compute,Hybrid,EU,Night,0.41,37.063,63.568,12.023,18.929,0.868,66.422,15.98,12.285,1.381,High
Edge,Liquid,EU,Peak,0.887,64.328,57.955,13.699,18.776,0.862,73.612,16.477,12.624,1.28,High
GPU,Air,ME,Off-Peak,0.831,0.158,48.085,15.789,27.263,0.742,109.288,53.318,4.856,1.525,Low
Storage,Air,APAC,Off-Peak,0.707,56.149,91.891,13.117,20.935,0.89,66.237,35.979,5.707,1.626,Low
Compute,Liquid,NA,Off-Peak,0.333,33.859,49.699,8.297,21.432,0.928,71.227,29.5,8.471,1.312,High
Compute,Air,APAC,Off-Peak,0.973,76.285,98.0,15.746,23.863,0.889,92.438,55.086,8.214,1.466,Medium
Compute,Hybrid,EU,Off-Peak,0.594,47.098,39.896,13.509,19.218,0.739,106.363,23.185,19.69,1.604,Low
Storage,Liquid,NA,Off-Peak,0.917,75.703,47.626,18.579,23.792,0.819,75.582,27.32,9.512,1.382,Medium
GPU,Air,EU,Off-Peak,0.294,26.957,67.325,12.678,22.37,0.815,121.816,28.356,21.988,1.474,Medium
Storage,Hybrid,EU,Off-Peak,0.985,71.401,84.875,24.686,17.024,0.813,91.167,23.117,16.744,1.188,High
GPU,Air,NA,Off-Peak,0.834,70.978,98.0,13.124,23.175,0.914,128.559,51.189,14.48,1.66,Low
Compute,Air,EU,Night,0.954,73.311,64.142,11.86,19.127,0.722,96.866,24.331,16.905,1.411,Medium
Compute,Liquid,EU,Peak,0.291,24.183,58.185,20.24,26.751,0.99,65.85,16.934,12.094,1.399,High
Compute,Hybrid,NA,Off-Peak,0.488,38.722,84.144,25.15,23.452,0.772,76.844,30.411,9.718,1.497,Medium
Storage,Liquid,NA,Peak,0.188,16.314,53.833,23.853,24.637,0.988,49.545,21.717,5.357,1.325,High
Compute,Air,EU,Off-Peak,0.223,22.575,64.717,47.351,18.748,0.723,46.464,11.606,8.508,1.446,Medium
Edge,Air,NA,Peak,0.356,27.039,36.011,7.433,29.862,0.747,63.237,24.165,8.241,1.865,Low
Compute,Air,APAC,Off-Peak,0.956,68.444,91.465,11.155,22.271,0.737,90.413,54.622,7.788,1.644,Low
Edge,Air,NA,Peak,0.7,64.255,98.0,14.301,22.361,0.873,64.287,25.46,7.707,1.389,High
Storage,Air,NA,Peak,0.383,32.293,50.939,24.313,26.876,0.873,79.234,32.506,9.325,1.306,High
Edge,Liquid,NA,Off-Peak,0.959,74.119,98.0,14.6,17.967,0.904,89.854,35.413,10.399,1.439,Medium
Storage,Hybrid,EU,Off-Peak,0.766,67.893,87.893,26.771,19.467,0.925,70.663,18.796,13.401,1.301,High
Edge,Air,EU,Off-Peak,0.916,67.037,88.539,13.819,26.67,0.945,76.484,19.053,13.455,1.924,Low
Compute,Air,EU,Peak,0.934,73.799,77.208,47.412,20.439,0.694,114.337,25.098,19.778,1.468,Medium
GPU,Hybrid,NA,Night,0.776,65.419,72.645,31.298,17.175,0.678,120.134,47.565,13.71,1.706,Low
Edge,Liquid,APAC,Peak,0.319,34.007,69.37,8.818,22.244,0.949,44.036,28.266,3.865,1.163,High
Compute,Hybrid,NA,Night,0.997,78.563,79.185,16.218,20.667,0.921,81.043,33.311,9.566,1.503,Medium
Compute,Air,NA,Off-Peak,0.393,36.877,27.781,9.83,18.502,0.937,72.707,29.3,9.285,1.451,Medium
Storage,Air,NA,Peak,0.705,50.341,73.121,24.045,27.061,0.813,104.695,41.086,11.875,1.645,Low
Edge,Liquid,NA,Off-Peak,0.86,73.623,98.0,21.181,20.659,0.85,83.453,32.648,10.437,1.313,High
Storage,Liquid,NA,Night,0.258,25.459,69.984,25.728,15.0,0.979,54.12,23.233,6.134,1.276,High
Storage,Air,NA,Off-Peak,0.648,55.321,45.957,22.706,16.653,0.713,91.051,36.663,10.932,1.348,Medium
Compute,Liquid,NA,Peak,0.438,33.831,58.117,18.207,17.484,1.0,73.755,28.948,9.548,1.242,High
Compute,Air,APAC,Off-Peak,0.32,28.742,80.945,14.623,25.82,0.825,67.555,39.547,5.674,1.61,Low
GPU,Air,NA,Off-Peak,0.111,14.685,64.249,10.795,22.665,0.973,98.4,41.926,11.846,1.416,High
Compute,Liquid,APAC,Night,0.885,67.906,91.968,13.574,15.0,1.0,87.018,50.559,7.467,1.188,High
Storage,Air,EU,Night,0.222,18.579,67.531,9.337,23.66,0.851,52.914,11.346,9.138,1.644,Low
Edge,Liquid,NA,Peak,0.89,68.435,91.203,15.412,19.337,0.84,83.609,34.057,9.537,1.642,Low
Compute,Air,EU,Peak,0.641,50.736,77.639,12.783,27.999,0.861,87.234,18.33,14.97,1.424,Medium
Storage,Air,EU,Peak,0.659,50.236,72.399,11.569,25.183,0.974,58.77,15.107,10.13,1.369,High
Compute,Air,NA,Night,0.846,66.115,82.993,13.463,16.071,0.923,82.359,31.69,9.719,1.192,High
Storage,Air,ME,Off-Peak,0.558,45.201,29.448,14.281,25.163,0.835,80.177,38.509,4.71,1.634,Low
Compute,Air,EU,Night,0.422,46.828,52.689,14.697,21.553,0.922,101.48,26.727,17.66,1.721,Low
GPU,Liquid,APAC,Off-Peak,0.225,27.93,72.678,4.023,20.539,0.858,98.028,59.325,7.819,1.586,Low
Compute,Hybrid,APAC,Off-Peak,0.613,48.942,42.224,27.622,19.851,0.888,69.875,42.666,5.619,1.691,Low
Storage,Air,NA,Peak,0.598,44.308,83.888,10.047,22.436,0.631,59.428,23.662,7.506,1.711,Low
Storage,Air,NA,Night,0.365,31.285,64.17,14.518,23.933,0.859,54.792,25.195,6.798,1.304,High
Compute,Hybrid,NA,Off-Peak,0.64,57.21,52.936,11.306,22.389,0.906,75.507,29.774,9.186,1.361,High
GPU,Air,APAC,Night,0.495,42.051,66.641,8.345,20.293,0.885,97.388,60.192,7.646,1.437,Medium
Compute,Air,APAC,Peak,0.825,69.166,56.068,9.563,25.566,0.713,83.188,48.97,7.214,1.568,Low
Storage,Air,EU,Off-Peak,0.604,47.098,78.697,14.474,20.931,0.928,61.867,13.647,11.082,1.267,High
Compute,Liquid,NA,Off-Peak,0.94,70.093,94.396,14.584,19.955,0.781,81.092,26.719,9.8,1.293,High
Storage,Air,NA,Peak,0.566,44.734,65.463,14.77,28.004,0.635,66.159,27.118,8.53,1.541,Low
Compute,Liquid,APAC,Off-Peak,0.899,73.297,97.991,12.942,27.049,0.884,82.347,47.648,6.556,1.598,Low
Storage,Air,ME,Off-Peak,0.568,43.611,78.747,10.514,23.27,0.965,60.858,29.824,2.436,1.342,High
Compute,Air,NA,Peak,0.602,55.578,77.156,26.959,27.885,0.839,88.658,31.839,10.647,1.557,Low
GPU,Air,NA,Peak,0.43,47.011,72.784,21.524,27.105,0.912,108.569,41.965,12.948,1.506,Medium
Compute,Liquid,NA,Off-Peak,0.46,39.167,57.785,10.336,20.252,1.0,76.342,33.436,9.17,1.795,Low
GPU,Liquid,NA,Peak,0.94,78.282,75.365,13.781,19.934,0.817,150.79,59.355,18.243,1.29,High
GPU,Air,APAC,Off-Peak,0.301,30.879,63.979,11.413,20.694,0.872,96.469,58.149,7.067,1.572,Low
Compute,Air,EU,Off-Peak,0.209,20.006,60.379,17.888,21.662,0.948,66.901,16.226,12.07,1.475,Medium
Storage,Liquid,EU,Peak,0.847,68.797,65.589,47.41,20.68,0.941,78.909,18.949,14.233,1.107,High
Compute,Hybrid,EU,Peak,0.619,59.341,62.421,18.964,21.719,0.894,101.472,25.772,18.744,1.356,High
Compute,Air,NA,Night,0.356,36.248,36.575,10.569,17.305,0.937,57.823,23.724,7.021,2.472,Medium
GPU,Liquid,NA,Peak,0.489,47.901,46.737,9.639,22.898,0.786,97.062,35.851,12.06,1.533,Low
Storage,Air,APAC,Off-Peak,0.572,48.535,59.867,7.68,20.164,0.747,77.092,43.754,6.263,1.608,Low
Storage,Air,EU,Off-Peak,0.633,47.972,47.701,24.383,25.903,0.629,85.97,18.773,15.64,1.678,Low
Compute,Air,NA,Night,0.839,64.369,77.536,9.719,19.774,0.804,90.383,36.435,11.306,1.359,Medium
Compute,Liquid,NA,Peak,0.455,41.764,85.311,6.512,17.273,1.0,91.906,37.524,11.07,1.488,Medium
Compute,Air,NA,Night,0.709,67.772,61.896,14.318,17.742,0.829,73.292,28.126,8.984,2.5,Medium
GPU,Hybrid,NA,Off-Peak,0.851,71.815,89.721,17.963,21.27,0.705,105.017,39.3,11.991,1.399,Medium
Storage,Liquid,EU,Peak,0.859,68.331,92.228,22.161,21.019,0.852,80.867,20.896,14.26,1.539,Medium
GPU,Hybrid,EU,Peak,0.329,29.472,40.924,11.864,19.559,0.943,107.392,24.655,19.025,1.352,High
Compute,Air,EU,Off-Peak,0.415,38.85,63.318,8.219,21.297,0.966,79.354,21.341,13.154,1.328,High
Compute,Air,APAC,Peak,0.635,51.055,46.758,18.114,26.924,0.788,87.827,52.328,7.066,1.554,Low
Compute,Hybrid,EU,Peak,0.897,70.075,35.089,16.595,23.957,0.846,85.401,20.099,15.892,1.474,Medium
Compute,Liquid,NA,Night,0.811,57.46,77.845,15.904,15.791,0.899,67.548,27.084,7.848,1.488,Medium
Compute,Hybrid,NA,Peak,0.626,52.827,48.147,19.479,27.04,0.895,92.795,38.957,10.852,1.357,High
GPU,Air,APAC,Off-Peak,0.985,75.216,43.92,23.823,16.399,0.864,122.367,75.677,9.447,1.241,High
GPU,Air,EU,Off-Peak,0.495,48.522,67.243,9.251,19.866,0.79,105.107,22.086,19.172,1.698,Low
Storage,Liquid,NA,Off-Peak,0.858,68.309,65.648,35.038,16.318,0.758,106.624,43.119,13.023,1.489,Medium
Storage,Air,EU,Peak,0.837,63.347,66.399,22.525,28.501,0.906,79.386,21.711,14.078,1.682,Low
Compute,Liquid,EU,Off-Peak,0.917,70.122,78.763,36.422,21.231,0.858,85.852,21.386,14.973,1.42,Medium
GPU,Air,APAC,Off-Peak,0.989,88.777,93.158,13.795,30.376,0.759,121.507,72.352,9.878,1.769,Low
Compute,Air,ME,Peak,0.546,50.436,65.333,10.289,26.659,0.954,84.7,41.385,4.023,1.774,Low
Edge,Air,EU,Peak,0.276,26.61,68.84,5.669,24.916,0.953,51.946,10.551,9.736,1.457,Medium
Storage,Air,APAC,Peak,0.515,46.962,63.387,8.844,31.5,0.834,76.165,47.704,5.303,1.601,Low
Compute,Air,NA,Peak,0.868,69.701,65.496,31.827,22.173,0.964,127.512,54.267,15.399,1.469,Medium
Edge,Liquid,EU,Peak,0.852,71.874,80.344,23.946,18.735,1.0,82.306,24.267,15.095,1.328,High
Compute,Air,APAC,Peak,0.402,33.871,49.15,8.979,20.944,0.744,52.676,30.461,4.085,1.29,High
Storage,Air,EU,Off-Peak,0.143,24.271,53.674,10.275,25.249,0.72,43.176,10.154,7.797,1.509,Low
Storage,Hybrid,EU,Off-Peak,0.559,56.806,38.262,12.319,21.388,0.758,70.761,16.361,12.531,1.623,Low
Compute,Air,APAC,Off-Peak,0.527,44.664,39.216,6.231,22.628,0.755,105.587,64.512,7.893,1.709,Low
Storage,Air,NA,Off-Peak,0.177,16.358,62.641,12.114,23.315,0.84,33.93,15.863,3.395,1.52,Medium
Storage,Liquid,NA,Night,0.815,71.959,86.809,17.938,17.135,0.886,95.66,36.52,11.465,1.589,Low
GPU,Hybrid,EU,Night,0.355,31.719,59.604,6.302,15.0,0.89,131.964,32.46,23.942,1.312,High
Compute,Air,APAC,Night,0.681,56.299,70.505,12.048,25.372,0.924,97.509,56.871,7.713,1.305,High
Edge,Air,APAC,Peak,0.191,21.184,78.826,9.684,23.143,0.824,51.959,30.161,3.804,1.694,Low
Compute,Liquid,EU,Peak,0.875,69.89,77.109,21.378,22.402,1.0,86.268,21.285,15.224,1.412,High
Compute,Air,APAC,Off-Peak,0.765,66.657,80.193,16.213,20.908,0.948,66.448,39.541,5.692,1.472,Medium
Compute,Liquid,APAC,Peak,0.45,50.91,59.915,25.966,19.642,1.0,81.235,49.547,6.835,1.152,High
Compute,Hybrid,NA,Peak,0.667,56.999,64.954,29.375,22.028,0.824,86.642,33.174,10.777,1.485,Medium
Compute,Hybrid,APAC,Peak,0.269,25.496,32.956,17.56,23.273,0.854,68.028,41.916,6.07,1.518,Medium
Edge,Air,NA,Night,0.987,87.118,98.0,50.334,23.883,0.744,63.542,24.15,7.884,1.546,Low
Compute,Air,NA,Peak,0.816,62.57,82.511,13.022,23.494,0.925,92.152,38.715,11.227,1.58,Medium
Compute,Hybrid,NA,Off-Peak,0.81,62.647,46.192,13.579,19.774,0.9,93.265,34.481,11.264,1.472,Medium
Compute,Air,NA,Peak,0.238,34.153,59.065,22.882,23.575,0.796,73.371,28.819,9.49,1.338,High
GPU,Air,NA,Off-Peak,0.116,10.753,82.77,9.841,20.879,0.92,90.429,37.454,11.184,1.432,Medium
GPU,Liquid,NA,Off-Peak,0.627,53.226,61.695,20.169,20.155,0.956,96.128,39.2,11.993,1.164,High
Compute,Air,NA,Peak,0.23,19.728,80.269,14.877,28.995,0.59,65.449,28.619,8.333,1.824,Low
Compute,Air,NA,Night,0.802,60.414,98.0,10.599,22.313,0.843,68.304,28.733,8.176,1.381,Medium
Compute,Hybrid,EU,Off-Peak,0.474,49.539,63.276,21.033,20.469,0.675,87.835,23.327,15.417,1.515,Low
Compute,Air,APAC,Off-Peak,0.405,36.71,47.351,15.521,28.289,0.717,80.427,48.971,6.595,1.708,Low
Compute,Air,APAC,Night,0.166,31.124,37.049,23.278,18.957,0.862,61.019,38.287,5.106,1.608,Low
Storage,Air,APAC,Off-Peak,0.996,79.814,90.371,18.903,23.388,0.893,72.812,46.488,7.002,1.476,Medium
Compute,Liquid,EU,Off-Peak,0.96,74.029,74.673,25.931,23.583,0.793,81.398,23.368,15.087,1.601,Low
Storage,Air,APAC,Peak,0.218,16.589,44.889,13.743,21.224,0.861,50.542,31.567,4.262,1.45,Medium
Compute,Air,NA,Off-Peak,0.4,36.889,64.853,13.411,22.426,0.911,104.955,42.975,13.137,1.487,Medium
Edge,Liquid,NA,Peak,0.452,35.36,65.892,16.931,22.288,0.957,54.933,22.799,5.75,1.552,Medium
Edge,Hybrid,EU,Peak,0.367,37.132,88.599,17.822,23.905,0.811,103.042,25.596,18.512,1.531,Low
Storage,Air,EU,Off-Peak,0.941,72.701,98.0,13.997,21.837,0.744,78.875,20.558,13.781,1.661,Low
Compute,Hybrid,APAC,Peak,0.749,58.533,57.208,17.711,28.028,0.735,85.314,50.666,6.812,1.69,Low
Compute,Air,EU,Off-Peak,0.96,77.515,81.265,15.582,36.897,0.815,94.745,21.313,17.368,1.328,High
Storage,Liquid,NA,Off-Peak,0.887,68.298,64.498,23.617,16.868,0.955,65.954,24.456,7.235,1.539,Medium
GPU,Air,APAC,Off-Peak,0.779,58.725,57.746,14.594,22.539,0.802,98.444,59.98,7.964,1.597,Low
Storage,Air,EU,Peak,0.727,59.232,78.372,10.311,21.762,0.848,84.247,21.762,15.049,1.184,High
GPU,Liquid,APAC,Peak,0.88,64.086,67.072,29.244,16.097,0.898,109.719,64.943,8.452,1.294,High
Edge,Air,APAC,Off-Peak,0.716,57.181,75.537,9.417,25.385,0.828,68.407,44.205,5.991,1.901,Low
Compute,Air,NA,Off-Peak,0.27,24.31,44.219,31.293,23.178,0.908,57.829,23.937,7.617,1.58,Low
Storage,Air,NA,Peak,0.683,59.201,90.395,19.956,23.617,0.653,75.885,34.536,9.723,1.73,Low
Compute,Liquid,NA,Off-Peak,0.564,42.066,63.361,12.264,22.165,0.959,66.78,24.197,8.726,1.588,Medium
Compute,Air,NA,Off-Peak,0.984,76.855,50.006,17.499,23.518,0.765,104.089,41.08,12.719,1.327,High
Storage,Air,NA,Peak,0.559,49.989,78.223,12.16,24.214,0.896,59.761,23.773,7.116,1.332,High
Compute,Air,EU,Off-Peak,0.135,15.402,80.089,21.504,20.569,0.766,73.671,21.536,12.362,1.464,Medium
GPU,Air,ME,Peak,0.338,30.853,62.903,9.269,23.979,0.84,101.876,53.057,5.222,1.535,Medium
Compute,Air,APAC,Night,0.926,78.337,82.341,14.364,20.311,0.959,72.33,42.476,5.395,1.35,High
Storage,Air,APAC,Peak,0.966,75.168,65.43,30.8,27.834,0.756,71.991,38.931,5.706,1.742,Low
Storage,Air,NA,Peak,0.756,71.233,43.542,16.365,23.154,0.915,67.796,29.667,7.822,1.57,Medium
Storage,Air,NA,Night,0.151,27.833,64.67,30.014,21.673,0.938,50.592,20.38,5.812,2.557,Low
Compute,Liquid,EU,Peak,0.121,16.503,57.669,5.781,20.569,1.0,64.622,18.147,11.757,2.42,Low
GPU,Liquid,NA,Off-Peak,0.532,40.342,77.357,14.332,17.2,0.963,100.059,36.482,12.032,1.111,High
Storage,Hybrid,APAC,Peak,1.0,83.174,64.188,17.137,23.856,0.686,76.512,45.172,5.744,1.676,Low
Storage,Air,ME,Night,0.882,78.744,67.937,14.245,22.037,0.889,82.445,40.476,3.987,1.48,Medium
Compute,Hybrid,NA,Night,0.94,74.674,72.454,15.79,35.021,0.821,78.626,31.119,9.728,1.471,Medium
Storage,Air,APAC,Off-Peak,0.661,59.024,74.136,16.09,21.567,0.874,58.218,35.111,4.994,1.344,High
GPU,Hybrid,NA,Peak,0.873,68.535,56.121,16.823,20.613,0.846,110.742,46.191,13.446,1.539,Medium
Storage,Air,EU,Peak,0.388,38.5,70.961,25.657,28.174,0.977,64.866,15.011,11.82,1.513,Medium
GPU,Air,NA,Off-Peak,0.125,13.81,51.165,3.986,27.216,0.823,84.912,31.897,10.517,1.595,Low
Storage,Air,NA,Peak,0.926,67.939,54.549,29.129,24.103,0.917,75.677,29.614,9.669,1.214,High
Compute,Air,APAC,Off-Peak,0.297,41.958,51.726,17.742,25.146,0.868,87.859,52.767,6.794,1.399,Medium
Compute,Hybrid,APAC,Off-Peak,0.756,71.429,61.856,18.356,18.716,0.914,91.716,58.975,7.063,1.08,High
Compute,Liquid,EU,Night,0.693,56.979,75.612,9.127,16.249,1.0,80.029,20.598,14.132,1.459,Medium
Storage,Hybrid,EU,Peak,0.242,25.932,60.931,6.643,25.295,0.842,73.335,18.133,12.827,1.408,Medium
GPU,Liquid,EU,Off-Peak,0.276,24.435,80.837,4.688,17.562,0.813,87.855,19.624,16.463,1.459,Medium
Compute,Air,APAC,Off-Peak,0.396,37.741,53.496,11.547,21.963,0.714,64.728,36.97,5.054,1.709,Low
Storage,Air,ME,Off-Peak,0.781,55.378,76.851,14.244,20.092,0.923,73.054,35.415,3.345,1.382,High
Storage,Hybrid,APAC,Night,0.135,22.409,48.68,10.965,17.679,0.869,42.496,25.908,3.643,1.286,High
Storage,Liquid,APAC,Peak,0.466,36.931,55.602,13.922,22.621,0.983,59.518,37.193,4.891,1.341,High
Compute,Liquid,EU,Off-Peak,0.699,55.634,62.905,23.13,20.655,0.88,66.528,18.208,12.615,1.5,Medium
Compute,Air,EU,Night,0.254,21.808,50.646,7.746,19.207,0.969,83.197,21.206,15.93,1.254,High
Compute,Liquid,NA,Peak,0.207,19.464,66.5,15.028,17.756,0.914,54.893,23.297,6.779,1.354,High
Compute,Hybrid,NA,Peak,0.451,36.193,74.114,8.762,24.853,0.826,92.645,38.48,11.853,1.636,Low
Compute,Air,APAC,Peak,0.358,34.631,47.323,11.704,19.781,0.724,52.129,33.361,3.661,1.236,High
Compute,Air,APAC,Off-Peak,0.684,56.262,47.308,8.189,25.641,0.816,72.916,42.476,6.705,1.301,High
Storage,Air,EU,Off-Peak,0.973,80.624,85.94,11.402,27.673,0.781,84.427,23.072,16.055,1.604,Low
Compute,Liquid,EU,Peak,0.104,0.704,65.406,5.125,24.226,0.924,75.038,18.994,13.338,1.404,High
Edge,Air,NA,Off-Peak,0.912,74.994,96.897,24.99,24.557,0.77,91.77,36.265,11.142,1.434,Medium
Compute,Air,NA,Night,0.49,38.075,57.328,17.253,21.842,0.958,79.23,30.953,10.144,1.468,Medium
Compute,Air,EU,Night,0.698,52.234,71.259,19.722,20.033,0.857,63.26,15.94,11.206,1.375,High
Compute,Liquid,EU,Off-Peak,0.866,64.254,72.642,10.212,17.319,1.0,73.933,19.042,13.226,1.18,High
Compute,Air,ME,Off-Peak,0.616,53.981,83.796,7.696,33.774,0.889,72.091,38.177,4.477,1.374,High
GPU,Air,NA,Night,0.188,31.698,71.943,30.118,17.287,0.824,125.419,49.603,16.086,1.508,Medium
Compute,Hybrid,EU,Peak,0.227,26.336,57.419,15.159,17.383,0.879,57.204,17.106,10.267,2.409,Low
Edge,Hybrid,NA,Off-Peak,0.81,64.403,73.233,11.801,18.663,0.678,60.883,20.681,6.835,1.522,Low
GPU,Air,ME,Off-Peak,0.306,30.991,58.91,20.435,22.415,0.941,96.669,46.144,5.298,1.426,Medium
Storage,Liquid,APAC,Peak,0.612,47.577,32.771,36.41,18.559,0.946,65.089,39.772,5.482,1.385,High
Storage,Liquid,EU,Peak,0.485,40.821,58.725,8.535,20.463,0.953,52.443,15.491,9.561,1.258,High
Storage,Air,ME,Peak,0.373,37.629,47.425,4.352,25.581,0.71,55.261,30.761,3.225,1.632,Low
Compute,Air,EU,Off-Peak,0.808,64.836,54.58,10.551,27.591,0.736,97.547,25.06,17.186,1.636,Low
Storage,Air,NA,Off-Peak,0.758,58.131,82.504,18.892,22.399,0.833,115.566,46.788,14.6,1.424,Medium
Compute,Air,EU,Night,0.681,53.939,51.746,18.481,20.722,0.931,88.318,23.385,14.939,1.453,Medium
Compute,Air,NA,Off-Peak,0.435,45.475,62.846,10.971,20.038,0.965,75.055,29.555,8.178,1.567,Medium
Storage,Hybrid,EU,Peak,0.304,24.754,56.68,6.408,23.036,0.81,66.945,15.131,11.881,1.81,Low
Storage,Air,ME,Off-Peak,0.564,49.547,53.5,7.967,24.798,0.908,84.565,41.03,4.828,1.312,High
GPU,Liquid,APAC,Peak,0.835,62.371,74.744,26.801,23.118,1.0,98.283,62.023,7.898,1.286,High
Compute,Air,NA,Peak,0.618,47.32,93.74,29.53,24.655,0.925,66.879,23.015,8.0,1.631,Low
GPU,Liquid,NA,Peak,0.973,73.092,55.203,32.04,20.236,0.903,104.838,41.741,12.318,1.417,Medium
Compute,Air,NA,Peak,0.114,15.665,82.767,13.722,22.958,0.806,46.266,17.369,4.862,1.482,Medium
Compute,Liquid,NA,Peak,0.999,73.43,67.78,22.004,21.249,0.913,72.545,31.139,8.759,1.509,Medium
Compute,Liquid,NA,Peak,0.722,55.999,98.0,15.343,24.045,0.959,72.438,31.14,8.086,1.47,Medium
Storage,Liquid,EU,Off-Peak,0.849,71.295,67.2,17.662,21.747,1.0,76.733,18.452,13.131,1.186,High
Compute,Air,APAC,Peak,0.401,39.7,61.996,20.952,26.297,0.889,83.016,51.399,5.014,2.36,High
Storage,Liquid,APAC,Peak,0.558,44.802,28.22,20.631,21.889,1.0,64.628,38.121,5.532,1.403,High
GPU,Hybrid,NA,Night,0.817,63.603,92.693,18.589,19.353,0.737,112.726,45.01,13.953,1.736,Low
Storage,Liquid,NA,Off-Peak,0.785,68.328,64.33,14.546,15.739,0.93,77.666,31.703,9.027,1.133,High
Storage,Air,NA,Peak,0.401,41.282,52.674,16.307,28.444,0.808,52.879,21.353,5.73,1.549,Low
GPU,Liquid,NA,Peak,0.392,37.678,77.459,19.34,23.144,0.911,101.618,42.766,12.417,1.341,High
GPU,Air,NA,Off-Peak,0.697,59.384,98.0,27.64,18.929,0.947,119.288,46.794,14.831,1.502,Medium
Storage,Hybrid,NA,Off-Peak,0.94,69.366,87.591,23.549,20.315,0.764,77.388,28.528,9.728,1.561,Low
Compute,Liquid,EU,Peak,0.495,42.867,44.918,25.862,18.593,1.0,73.197,20.171,13.167,1.368,High
GPU,Air,APAC,Peak,0.418,35.531,56.19,16.523,31.036,0.855,110.064,66.312,9.679,1.674,Low
Storage,Air,EU,Night,0.905,72.178,43.607,19.221,17.161,0.835,74.68,20.798,14.542,1.355,High
Compute,Air,APAC,Off-Peak,0.715,58.661,80.685,10.718,23.407,0.884,77.412,49.259,6.361,1.658,Low
Compute,Hybrid,NA,Off-Peak,0.449,33.16,60.682,10.512,22.847,0.783,71.631,27.036,8.773,1.495,Medium
GPU,Air,APAC,Peak,0.152,11.672,55.254,3.5,21.364,0.882,82.385,52.509,7.336,1.57,Low
Compute,Air,NA,Peak,0.749,65.634,79.478,41.233,28.245,0.913,118.908,46.281,14.806,1.66,Low
Edge,Hybrid,NA,Off-Peak,0.418,41.924,75.765,37.825,18.392,0.675,91.345,38.851,11.528,1.292,Medium
Compute,Air,NA,Night,0.164,21.046,44.992,4.956,18.244,0.877,76.519,34.052,9.239,1.552,Medium
GPU,Air,NA,Peak,0.651,57.926,64.955,8.492,27.11,0.89,98.951,41.427,11.701,1.635,Low
Compute,Liquid,EU,Night,0.391,42.167,33.131,15.388,16.539,1.0,83.431,19.927,14.662,1.182,High
Storage,Air,ME,Peak,0.405,42.967,67.568,13.325,21.667,0.848,78.578,39.239,3.999,1.715,Low
GPU,Air,APAC,Off-Peak,0.531,45.297,66.027,16.034,19.987,0.964,92.387,53.962,7.914,1.6,Medium
Storage,Air,NA,Peak,0.746,66.229,49.697,19.85,21.619,0.897,74.327,30.376,8.775,1.265,High
Storage,Liquid,EU,Off-Peak,0.349,31.985,35.731,21.808,16.782,0.843,69.164,18.323,11.724,1.331,High
Compute,Hybrid,EU,Off-Peak,0.173,24.326,61.454,13.43,19.035,0.796,71.923,22.829,12.017,1.276,High
Compute,Air,APAC,Off-Peak,0.482,39.848,56.696,60.748,27.631,0.704,70.343,39.852,5.244,1.666,Low
Compute,Air,APAC,Off-Peak,0.149,16.964,64.681,17.734,28.413,0.958,79.531,51.507,6.882,1.674,Low
Storage,Air,EU,Peak,0.728,65.206,51.346,12.785,24.197,0.909,92.595,22.911,16.952,1.281,High
Compute,Hybrid,EU,Off-Peak,0.963,72.333,84.915,13.041,17.732,0.65,94.209,26.004,16.988,1.569,Low
Compute,Air,APAC,Peak,0.693,54.162,70.094,29.547,30.146,0.917,72.027,42.179,6.007,1.764,Low
Storage,Hybrid,NA,Off-Peak,0.348,27.442,52.746,6.332,23.056,0.917,74.666,27.717,8.492,1.429,Medium
Storage,Air,NA,Peak,0.264,25.982,60.132,11.461,26.531,0.869,54.709,25.232,6.971,1.411,Medium
GPU,Hybrid,EU,Off-Peak,0.31,30.037,52.865,13.116,19.003,0.892,97.274,24.827,17.54,1.579,Low
Compute,Liquid,APAC,Off-Peak,0.299,22.516,44.061,27.319,18.719,1.0,49.908,29.951,4.773,1.284,High
Compute,Liquid,EU,Peak,0.382,38.223,44.252,3.934,18.517,0.982,72.831,18.795,13.64,1.465,Medium
Edge,Air,ME,Night,0.188,25.053,89.728,5.852,19.737,0.91,68.277,28.258,4.333,1.381,High
Compute,Liquid,NA,Night,0.906,66.558,98.0,13.262,22.604,0.906,86.108,32.864,9.939,1.448,Medium
GPU,Air,EU,Off-Peak,0.897,72.683,62.448,13.36,26.797,0.799,124.413,29.905,23.332,1.451,Medium
GPU,Air,NA,Peak,0.654,56.252,65.312,20.813,20.632,0.672,107.049,43.421,12.774,1.425,Medium
GPU,Air,ME,Off-Peak,0.156,21.023,85.047,14.116,24.084,0.795,90.38,47.804,4.827,1.555,Low
Compute,Hybrid,NA,Night,0.824,69.134,73.228,43.317,16.582,0.863,81.004,32.698,9.379,1.417,Medium
GPU,Liquid,EU,Peak,0.156,14.366,79.536,8.127,17.79,0.922,78.431,20.627,14.247,1.388,High
GPU,Liquid,NA,Night,0.196,20.008,91.747,8.704,16.312,0.913,100.361,40.382,12.311,1.269,High
Storage,Liquid,EU,Night,0.393,44.782,66.133,7.534,15.0,0.997,60.326,16.392,10.829,1.574,Medium
Compute,Air,APAC,Off-Peak,0.488,45.14,71.268,8.241,25.779,0.898,71.936,44.509,6.243,1.558,Medium
Compute,Hybrid,NA,Off-Peak,0.419,56.068,83.083,11.095,22.872,0.653,70.818,27.913,9.3,1.696,Low
Compute,Liquid,APAC,Off-Peak,0.249,25.784,56.736,4.577,16.76,0.972,66.413,41.548,5.127,1.434,High
Storage,Liquid,ME,Off-Peak,0.201,18.923,82.164,11.45,25.573,0.775,52.427,24.402,1.698,1.454,Medium
Storage,Air,NA,Peak,0.873,66.159,74.62,11.837,28.495,0.731,62.947,23.479,7.322,1.912,Low
Compute,Hybrid,APAC,Peak,0.427,37.632,98.0,12.986,21.054,0.776,61.836,37.349,5.301,1.412,Medium
Storage,Hybrid,NA,Off-Peak,0.297,22.882,61.519,3.728,28.85,0.777,70.37,25.159,8.573,1.442,Medium
Compute,Liquid,NA,Peak,0.538,49.48,78.616,10.603,20.225,0.837,88.971,34.572,9.72,1.259,High
Storage,Air,EU,Off-Peak,0.133,13.727,55.319,11.868,19.232,0.786,41.05,11.666,7.194,1.298,High
Edge,Liquid,APAC,Night,0.64,50.504,48.75,22.303,15.0,0.822,76.573,47.627,5.659,1.228,High
Compute,Liquid,NA,Peak,0.324,31.856,79.322,10.999,21.332,0.851,57.393,21.242,6.548,1.477,Medium
Compute,Air,NA,Peak,0.638,53.346,87.599,7.499,25.749,0.752,102.215,40.998,12.002,1.739,Low
Compute,Air,ME,Off-Peak,0.653,53.562,38.054,10.361,22.702,0.953,178.153,88.308,9.255,1.393,High
Storage,Air,APAC,Peak,0.828,59.151,53.223,14.727,23.107,0.818,63.346,37.745,4.272,1.507,Medium
GPU,Liquid,NA,Night,0.307,35.153,67.2,13.531,22.329,1.0,100.233,39.43,12.166,1.57,Medium
Edge,Air,EU,Peak,0.517,43.328,62.031,17.57,23.845,0.914,59.293,15.459,10.088,1.418,Medium
Compute,Air,NA,Off-Peak,0.966,74.657,87.261,22.501,21.908,0.832,98.108,36.861,11.463,1.539,Medium
Edge,Liquid,NA,Peak,0.754,56.159,39.037,21.811,15.0,1.0,56.606,23.551,7.328,1.37,High
Compute,Liquid,EU,Peak,0.978,80.388,98.0,22.848,17.167,0.936,91.138,21.355,16.624,1.516,Medium
Storage,Air,EU,Peak,0.935,75.676,65.616,18.513,29.431,0.904,108.747,26.041,18.891,1.489,Medium
Compute,Air,NA,Peak,0.65,56.201,68.748,10.298,23.02,0.811,211.731,84.692,25.408,1.677,Low
GPU,Hybrid,APAC,Off-Peak,0.338,0.69,66.3,22.878,24.578,0.749,111.705,64.532,8.401,1.575,Low
Storage,Liquid,NA,Off-Peak,0.781,65.271,96.07,17.477,17.021,0.863,64.16,28.288,6.786,1.12,High
Storage,Air,EU,Peak,0.728,54.052,47.392,15.188,22.629,0.869,80.547,21.712,14.204,1.381,High
GPU,Hybrid,NA,Peak,0.63,46.245,69.893,23.301,23.691,0.702,130.569,53.152,15.156,1.447,Medium
Compute,Air,EU,Off-Peak,0.728,62.053,50.654,27.563,24.097,0.967,83.459,21.71,15.416,1.442,Medium
Compute,Hybrid,NA,Off-Peak,0.652,59.536,83.562,16.884,34.122,0.9,88.639,32.729,10.004,1.383,High
GPU,Air,EU,Off-Peak,0.567,43.697,61.024,8.687,21.555,0.92,117.881,26.796,21.175,1.549,Medium
Compute,Air,EU,Peak,0.474,42.778,71.457,6.43,24.719,0.892,63.432,17.868,12.162,1.625,Low
Compute,Air,NA,Night,0.14,22.851,51.955,11.949,21.353,0.969,52.81,18.261,6.285,1.407,High
Storage,Air,NA,Night,0.879,66.052,98.0,22.529,22.276,0.825,64.281,27.057,6.943,1.183,High
Storage,Liquid,EU,Peak,0.879,72.623,61.5,10.422,20.976,0.952,88.915,23.98,15.783,1.273,High
Compute,Liquid,NA,Off-Peak,0.635,52.498,76.567,11.676,22.125,0.782,111.178,44.388,13.672,1.584,Low
Compute,Hybrid,EU,Off-Peak,0.341,26.794,28.5,8.507,27.955,0.965,58.713,18.66,10.388,1.478,Medium
Compute,Air,EU,Night,0.125,21.255,66.511,7.94,17.928,0.814,62.377,16.651,10.992,1.26,High
Storage,Air,EU,Off-Peak,0.101,9.441,33.722,9.83,22.378,0.772,46.064,10.857,8.618,1.23,High
GPU,Air,ME,Night,0.166,15.765,85.738,10.291,18.572,0.684,79.23,38.047,4.162,1.533,Low
Edge,Air,EU,Peak,0.424,41.709,53.341,23.737,22.261,0.82,42.465,9.446,7.273,1.512,Medium
Storage,Liquid,APAC,Peak,0.27,22.87,45.457,27.318,20.106,0.886,81.568,46.596,6.551,1.559,Medium
Compute,Air,APAC,Off-Peak,0.339,35.754,66.18,25.849,19.977,0.773,80.078,47.878,5.458,1.693,Low
Edge,Liquid,ME,Off-Peak,0.73,60.827,49.487,18.86,21.107,0.942,62.897,31.396,2.185,1.263,High
Storage,Liquid,NA,Off-Peak,0.963,81.837,61.703,16.277,25.577,0.925,91.642,35.995,11.215,1.691,Low
Compute,Air,APAC,Night,0.286,33.123,64.373,16.817,20.896,0.924,73.608,41.972,5.436,1.167,High
Edge,Liquid,ME,Off-Peak,0.519,47.811,56.818,15.236,17.429,0.917,65.317,30.181,3.226,1.436,Medium
GPU,Air,NA,Off-Peak,0.992,78.726,88.989,43.525,18.291,0.716,132.093,50.131,15.96,1.685,Low
GPU,Air,NA,Off-Peak,0.939,69.094,92.588,15.956,21.387,0.727,111.137,45.119,14.263,1.362,Medium
GPU,Liquid,ME,Off-Peak,0.417,30.217,72.746,33.593,20.544,1.0,77.732,38.586,4.407,1.442,High
Compute,Air,EU,Off-Peak,0.388,33.495,43.188,15.03,23.524,0.889,61.541,15.665,11.008,1.388,High
Compute,Air,NA,Off-Peak,0.318,36.763,49.695,18.507,20.308,0.91,65.293,26.228,8.125,1.324,High
Storage,Liquid,APAC,Off-Peak,0.24,19.352,43.801,10.287,20.685,1.0,51.135,29.066,4.526,1.501,Medium
Compute,Air,NA,Peak,0.514,44.833,61.203,14.246,22.12,0.738,64.56,24.259,7.639,2.465,Low
Storage,Liquid,NA,Peak,0.407,32.449,69.765,19.395,22.252,0.959,82.306,31.937,10.027,1.246,High
GPU,Air,EU,Night,0.77,61.184,76.435,26.672,22.634,0.983,115.954,29.479,20.368,1.514,Medium
GPU,Air,EU,Peak,0.313,26.218,89.166,9.446,25.165,0.895,72.878,16.711,12.88,1.621,Low
Storage,Hybrid,APAC,Peak,0.763,60.325,98.0,13.813,27.264,0.774,99.069,57.196,7.371,1.751,Low
GPU,Liquid,EU,Off-Peak,0.359,37.048,70.261,11.934,16.24,0.768,118.338,30.142,21.545,1.308,High
GPU,Air,APAC,Peak,0.633,49.828,77.738,12.029,31.753,0.772,100.963,65.096,8.342,1.511,Medium
Storage,Air,NA,Off-Peak,0.675,0.607,49.797,10.609,18.589,0.939,61.165,24.852,7.465,1.36,High
Compute,Hybrid,EU,Peak,0.705,57.532,83.984,11.322,19.002,0.776,89.71,26.062,16.313,1.315,High
Compute,Air,NA,Peak,0.258,32.65,68.087,5.985,19.615,0.904,56.604,24.259,5.921,1.531,Medium
Compute,Liquid,NA,Night,0.354,34.629,68.971,7.362,15.686,1.0,71.932,29.271,9.148,1.35,High
Compute,Liquid,APAC,Off-Peak,0.322,33.749,64.518,9.073,15.0,1.0,58.818,35.4,4.05,1.293,High
Compute,Liquid,NA,Peak,0.619,51.574,91.137,15.016,21.249,0.831,97.577,39.318,11.622,1.693,Low
Compute,Liquid,APAC,Off-Peak,0.168,19.943,87.114,8.703,19.259,0.881,58.672,29.843,5.084,1.43,Medium
Storage,Liquid,NA,Off-Peak,0.566,52.052,68.504,13.832,16.674,0.997,69.389,31.716,8.251,1.511,Medium
Edge,Liquid,NA,Off-Peak,0.179,18.845,67.572,10.328,18.019,0.893,43.782,17.556,4.685,1.613,Low
Compute,Hybrid,NA,Off-Peak,0.403,35.526,54.311,11.221,20.548,0.811,87.871,34.049,10.1,1.534,Low
GPU,Liquid,APAC,Peak,0.718,54.728,73.726,13.658,20.954,1.0,119.031,69.219,8.969,1.44,High
Storage,Air,NA,Off-Peak,0.471,42.386,74.77,7.216,21.616,0.941,73.573,29.351,8.435,1.45,Medium
Compute,Air,EU,Peak,0.352,26.872,36.858,7.488,23.837,0.83,72.373,17.862,12.682,1.459,Medium
Edge,Liquid,EU,Peak,0.654,64.381,53.625,13.93,21.654,1.0,62.364,16.075,11.729,1.274,High
Storage,Hybrid,NA,Off-Peak,0.766,66.527,79.903,14.351,17.629,0.955,105.638,42.344,13.408,1.398,High
Compute,Air,EU,Off-Peak,0.329,28.369,65.429,29.742,21.569,0.705,71.202,17.96,12.975,1.803,Low
GPU,Air,EU,Off-Peak,0.369,28.075,65.553,19.097,26.161,0.782,93.562,24.816,17.162,1.573,Low
Compute,Hybrid,ME,Peak,0.676,64.63,70.393,15.207,20.419,0.687,83.443,43.613,4.649,1.643,Low
Storage,Liquid,NA,Night,0.969,70.697,91.924,12.061,15.0,0.886,56.503,24.512,7.518,1.533,Medium
Compute,Air,NA,Night,0.292,35.878,75.246,17.938,17.544,0.892,58.774,20.801,7.246,1.356,High
GPU,Liquid,NA,Off-Peak,0.689,54.142,62.032,14.842,16.488,0.82,102.405,39.437,11.907,1.294,High
Storage,Hybrid,EU,Peak,0.916,67.027,93.145,16.156,25.297,0.876,82.008,15.701,14.678,1.592,Low
Storage,Hybrid,EU,Off-Peak,0.516,41.873,65.387,18.196,23.47,0.914,55.471,19.482,9.744,1.567,Medium
Compute,Liquid,ME,Peak,0.385,31.744,38.214,7.596,23.335,0.884,81.703,38.895,3.912,1.791,Low
Storage,Air,APAC,Off-Peak,0.7,55.777,76.316,20.814,24.365,0.867,88.68,52.491,7.197,1.57,Low
GPU,Hybrid,NA,Off-Peak,0.128,23.51,36.184,7.704,22.078,0.907,99.01,37.393,11.874,1.215,High
Storage,Liquid,EU,Peak,0.424,33.007,73.169,10.391,23.668,1.0,56.32,13.711,10.111,1.217,High
Storage,Hybrid,APAC,Peak,0.332,28.935,51.722,10.632,21.602,0.809,75.899,46.54,5.885,1.549,Low
Storage,Air,ME,Peak,0.302,36.94,27.164,6.438,27.407,0.863,84.819,42.228,4.073,1.663,Low
GPU,Air,NA,Off-Peak,0.262,34.948,64.044,12.572,26.806,0.966,93.157,37.253,11.263,1.936,Low
Storage,Air,EU,Peak,0.763,61.06,94.055,11.41,20.214,0.849,63.553,14.223,11.503,2.547,High
GPU,Air,APAC,Off-Peak,0.96,73.561,66.385,12.771,22.078,0.905,105.68,62.128,8.945,1.483,Medium
GPU,Liquid,NA,Peak,0.446,33.577,70.141,14.894,19.93,0.823,93.995,35.923,11.187,1.186,High
Storage,Hybrid,EU,Peak,0.144,22.726,61.695,17.028,22.923,0.617,49.639,11.205,9.485,1.574,Low
Compute,Liquid,ME,Off-Peak,0.747,64.273,37.309,13.978,20.333,0.948,99.626,47.484,4.389,1.633,Low
Storage,Hybrid,APAC,Off-Peak,0.584,53.038,70.082,14.455,27.254,0.95,72.421,42.173,5.746,1.585,Medium
GPU,Air,NA,Off-Peak,0.751,58.503,78.77,25.967,18.929,0.906,142.101,56.463,17.4,1.05,High
Compute,Liquid,NA,Peak,0.683,53.897,62.029,19.024,37.004,0.888,70.115,28.996,8.269,1.144,High
Storage,Hybrid,NA,Peak,0.915,71.703,68.049,10.937,25.547,0.886,66.124,24.649,7.148,1.575,Low
GPU,Liquid,ME,Night,0.226,19.81,54.493,17.155,18.25,1.0,127.39,64.002,7.004,1.273,High
Compute,Liquid,ME,Off-Peak,0.252,23.887,69.254,18.116,17.701,1.0,65.568,28.132,2.967,1.281,High
Storage,Liquid,APAC,Off-Peak,0.407,43.421,42.566,9.742,17.949,0.996,70.494,42.203,6.506,1.131,High
Compute,Liquid,EU,Peak,0.542,39.319,41.498,15.468,20.667,1.0,77.989,21.307,14.294,1.523,Medium
Compute,Air,NA,Peak,0.933,73.319,84.069,16.247,26.3,0.951,82.071,31.508,10.364,1.577,Medium
GPU,Hybrid,EU,Off-Peak,0.916,66.287,60.034,18.446,37.552,0.732,118.21,28.851,20.827,1.836,Low
Compute,Hybrid,NA,Night,0.885,76.613,86.924,10.549,21.677,0.837,83.603,36.265,9.521,1.487,Medium
Compute,Air,EU,Night,0.3,31.086,63.752,20.959,24.906,0.74,60.958,16.982,10.28,1.205,High
GPU,Liquid,EU,Night,0.757,63.639,60.295,17.153,19.806,1.0,114.709,33.695,20.32,1.085,High
Compute,Liquid,EU,Peak,0.445,36.594,46.703,21.921,20.378,0.877,87.322,21.412,15.163,1.649,Low
Edge,Liquid,ME,Night,0.938,76.754,23.811,15.581,15.0,0.986,88.684,41.259,4.517,1.39,High
Edge,Liquid,NA,Night,0.293,24.924,51.283,6.092,15.0,0.803,47.118,18.311,5.805,1.413,Medium
Compute,Hybrid,APAC,Peak,0.227,19.973,60.328,6.472,16.939,0.871,54.628,32.663,4.479,1.466,Medium
Compute,Air,EU,Off-Peak,0.858,69.482,76.098,13.725,29.594,0.952,86.085,25.162,15.335,1.545,Medium
GPU,Air,APAC,Off-Peak,0.745,57.026,45.699,12.247,26.778,0.951,104.304,61.54,8.651,1.566,Medium
Storage,Hybrid,EU,Peak,0.839,65.495,61.675,11.704,21.464,0.871,71.78,15.739,13.086,1.325,High
Compute,Liquid,NA,Off-Peak,0.242,20.012,80.097,7.476,20.867,0.97,76.907,32.008,9.129,1.276,High
GPU,Hybrid,NA,Night,0.896,79.897,98.0,9.786,18.565,0.705,113.438,42.76,13.929,1.508,Low
Compute,Air,NA,Night,0.71,51.19,79.55,18.119,23.267,0.878,76.946,28.14,9.418,1.352,High
GPU,Air,NA,Night,0.686,58.613,68.916,16.927,22.709,0.864,131.002,52.774,15.632,1.713,Low
Compute,Hybrid,APAC,Off-Peak,0.624,58.395,44.081,18.413,20.633,0.872,63.199,40.637,4.748,1.202,High
Compute,Air,NA,Off-Peak,0.788,64.686,71.13,8.756,23.471,0.761,77.228,34.425,8.73,1.935,Low
Compute,Hybrid,EU,Off-Peak,0.474,39.874,56.005,14.864,19.351,0.922,70.241,21.038,12.399,1.506,Medium
Edge,Hybrid,NA,Off-Peak,0.22,21.558,83.605,10.833,22.626,0.817,40.865,13.525,4.668,1.333,High
Storage,Liquid,EU,Peak,0.585,49.352,60.962,15.427,15.437,0.918,58.177,17.618,10.748,1.226,High
GPU,Air,APAC,Off-Peak,0.773,64.996,84.025,11.978,24.419,0.803,107.594,66.312,8.377,2.276,Low
Compute,Liquid,NA,Peak,0.238,21.364,55.281,12.619,16.559,0.803,73.319,32.161,8.957,1.542,Low
Compute,Hybrid,EU,Peak,0.302,28.012,79.475,11.161,22.964,0.929,55.273,13.505,9.47,1.44,Medium
Compute,Air,APAC,Peak,0.727,67.756,68.358,18.706,25.283,0.864,106.0,62.765,7.713,1.561,Low
Storage,Air,NA,Night,0.343,30.996,68.555,8.656,21.787,0.756,58.678,26.516,7.154,1.537,Low
Storage,Air,APAC,Peak,0.253,22.087,59.397,10.062,22.53,0.971,43.228,27.133,2.776,1.366,High
Storage,Air,NA,Off-Peak,0.9,66.091,83.037,24.632,20.663,0.75,69.708,31.551,8.315,1.419,Medium
Compute,Hybrid,NA,Night,0.245,32.316,45.423,15.353,20.346,0.585,83.599,32.973,10.549,1.468,Low
Edge,Hybrid,EU,Off-Peak,0.41,39.163,78.713,10.151,19.338,0.981,78.189,18.141,13.995,1.406,High
Compute,Hybrid,NA,Peak,0.486,48.379,35.605,15.075,25.911,0.989,81.864,33.167,9.794,1.622,Low
Edge,Liquid,APAC,Off-Peak,0.529,45.72,73.727,10.334,18.85,1.0,55.714,32.149,3.986,1.311,High
Compute,Liquid,NA,Peak,0.425,35.721,46.973,9.312,20.998,1.0,67.864,23.375,8.643,1.562,Medium
Storage,Air,NA,Peak,0.921,72.751,84.17,18.049,24.714,0.88,86.913,35.129,10.096,1.381,High
Compute,Liquid,EU,Night,0.693,51.131,88.809,27.603,18.122,0.893,73.914,18.105,13.09,1.536,Medium
Storage,Liquid,EU,Peak,0.424,31.116,42.303,19.702,20.97,0.994,47.861,13.319,9.137,1.318,High
Storage,Hybrid,APAC,Off-Peak,0.422,36.134,47.178,24.159,21.911,0.836,54.905,32.901,4.224,1.405,Medium
Storage,Hybrid,NA,Off-Peak,0.553,52.248,51.598,11.288,26.232,0.789,122.637,52.127,14.428,1.611,Low
Storage,Hybrid,APAC,Peak,0.13,20.902,79.787,9.443,28.103,0.769,54.751,32.388,3.886,1.751,Low
GPU,Hybrid,ME,Off-Peak,0.934,79.23,51.871,17.416,23.081,0.89,104.635,56.018,6.113,1.389,High
Storage,Hybrid,EU,Peak,0.301,25.796,49.916,7.883,17.05,0.808,50.86,13.811,8.836,1.312,High
GPU,Air,APAC,Peak,0.728,61.295,41.271,10.156,22.701,0.809,128.613,76.86,10.154,1.699,Low
Compute,Hybrid,EU,Off-Peak,0.8,61.426,77.907,18.504,21.378,0.769,83.592,14.592,15.98,1.699,Low
Storage,Liquid,NA,Peak,0.845,71.696,78.477,13.474,19.278,0.891,68.995,30.002,7.717,1.506,Medium
Storage,Air,NA,Off-Peak,0.249,31.711,27.19,9.839,24.144,0.727,97.298,37.356,11.973,1.683,Low
Compute,Air,NA,Peak,0.583,50.532,88.307,20.745,25.055,0.959,80.747,30.462,9.335,1.642,Low
Storage,Liquid,ME,Off-Peak,0.175,22.177,66.459,7.557,18.737,0.944,40.07,15.572,3.004,1.314,High
Compute,Air,NA,Off-Peak,0.824,68.698,55.475,8.93,22.425,0.912,86.13,30.917,11.037,1.47,Medium
Compute,Air,EU,Off-Peak,0.538,50.816,40.376,14.661,19.216,0.89,123.878,32.38,22.703,1.373,High
Compute,Liquid,NA,Night,0.243,19.999,87.591,10.361,16.328,0.907,83.062,33.602,8.907,1.498,Medium
Compute,Hybrid,EU,Off-Peak,0.747,65.535,77.353,10.126,24.465,0.963,115.395,28.294,20.196,1.723,Low
Storage,Hybrid,NA,Night,0.398,31.33,64.834,24.867,19.504,0.974,46.808,17.853,5.59,1.397,High
Storage,Air,APAC,Peak,0.203,24.519,77.333,13.279,27.735,0.842,58.188,34.816,4.895,1.597,Low
Edge,Air,NA,Night,0.515,42.607,69.165,26.003,21.813,0.647,41.598,14.954,5.144,1.612,Low
GPU,Air,APAC,Off-Peak,0.312,35.451,46.96,9.683,24.768,0.798,83.517,49.408,6.021,1.594,Low
Compute,Air,APAC,Off-Peak,0.955,73.549,39.973,19.804,26.442,0.834,94.74,54.329,7.25,1.544,Low
GPU,Air,EU,Night,0.425,39.682,87.964,19.129,18.888,0.909,99.987,24.666,17.272,1.378,High
GPU,Hybrid,NA,Off-Peak,0.615,50.623,86.072,21.886,24.278,0.873,103.931,42.292,11.699,1.853,Low
Storage,Liquid,NA,Night,0.954,74.788,71.649,28.264,15.0,0.79,91.203,38.994,10.764,1.506,Medium
Storage,Air,APAC,Off-Peak,0.454,41.062,66.235,10.17,22.113,0.685,57.567,34.282,5.326,1.553,Low
Edge,Air,NA,Off-Peak,0.422,40.235,78.118,21.577,29.664,0.881,44.605,14.501,5.323,1.56,Medium
Storage,Liquid,NA,Off-Peak,0.246,22.328,53.787,11.013,18.856,0.902,47.433,20.515,5.427,1.211,High
Edge,Liquid,EU,Peak,0.944,73.765,63.347,28.268,24.464,0.978,67.442,19.676,12.566,1.227,High
Compute,Air,NA,Off-Peak,0.821,62.405,63.989,16.404,24.008,0.904,130.067,51.764,15.504,1.63,Low
Compute,Hybrid,NA,Night,0.299,24.771,63.908,11.571,20.395,0.861,51.108,19.219,6.389,1.544,Medium
Storage,Air,EU,Off-Peak,0.399,43.856,79.956,7.873,19.549,0.924,66.767,17.422,12.905,1.404,High
Storage,Air,NA,Off-Peak,0.923,68.492,56.635,16.181,22.722,0.633,54.636,21.637,6.592,1.657,Low
GPU,Air,NA,Off-Peak,0.584,43.891,60.748,9.93,20.538,0.869,107.61,38.798,12.748,1.349,High
Edge,Liquid,EU,Peak,0.601,47.247,31.816,14.585,24.118,0.769,64.775,14.941,11.976,1.69,Low
Compute,Air,NA,Peak,0.683,63.855,98.0,10.059,28.815,0.802,84.908,31.161,10.109,1.646,Low
Compute,Air,APAC,Peak,0.786,64.5,69.242,14.688,23.8,0.802,81.679,51.613,6.035,1.37,Medium
GPU,Air,NA,Peak,0.945,76.96,95.0,13.313,24.178,0.902,135.757,56.116,16.004,1.767,Low
Storage,Liquid,EU,Off-Peak,0.822,75.394,53.362,38.955,22.663,0.797,98.466,26.389,17.74,1.495,Medium
Compute,Air,EU,Night,0.941,69.31,94.144,23.557,16.205,0.697,112.217,29.974,20.021,1.25,High
Storage,Air,EU,Peak,0.839,73.314,89.062,21.622,28.471,0.78,68.209,17.29,12.708,1.567,Low
GPU,Air,NA,Peak,0.142,17.414,39.432,26.124,25.038,0.871,77.974,31.863,9.212,1.732,Low
GPU,Air,NA,Peak,0.206,16.825,57.199,15.313,25.443,0.898,103.179,42.987,12.216,1.12,High
Storage,Liquid,APAC,Peak,0.896,64.376,55.154,15.205,21.139,1.0,87.103,48.174,7.201,1.637,Low
Compute,Air,NA,Off-Peak,0.125,19.933,62.697,10.754,28.345,0.926,41.047,17.574,4.533,1.824,Low
Edge,Air,EU,Peak,0.815,60.828,95.589,20.351,24.799,0.748,67.208,15.527,12.147,1.483,Medium
Storage,Liquid,ME,Peak,0.865,65.971,80.81,12.013,17.146,0.8,70.34,29.328,2.909,1.446,Medium
Storage,Air,EU,Night,0.474,41.064,66.544,14.608,20.885,0.801,66.025,18.091,11.479,1.567,Low
Compute,Air,NA,Peak,0.419,30.112,83.457,21.947,24.495,0.588,50.949,17.112,5.825,1.671,Low
GPU,Air,NA,Off-Peak,0.275,26.587,57.768,4.524,22.215,0.889,116.188,47.011,13.857,1.587,Low
Compute,Hybrid,ME,Off-Peak,0.144,11.519,75.549,8.095,24.597,0.838,100.017,50.689,4.763,1.626,Low
Compute,Liquid,EU,Peak,0.771,56.333,47.496,14.999,21.846,0.854,82.069,21.723,14.121,1.494,Medium
Storage,Hybrid,EU,Night,0.166,16.206,67.809,12.643,21.05,0.917,28.169,5.429,4.313,2.596,Medium
Compute,Hybrid,EU,Off-Peak,0.95,69.985,81.781,15.293,15.0,0.904,80.407,18.491,14.763,1.379,High
Storage,Hybrid,APAC,Peak,0.367,26.661,51.484,9.275,22.579,0.968,47.722,28.189,4.067,1.399,High
Compute,Liquid,APAC,Peak,0.815,60.817,58.977,19.795,36.584,1.0,98.415,57.344,8.104,1.407,High
Storage,Liquid,NA,Off-Peak,0.154,23.678,37.485,10.423,23.272,1.0,60.499,24.83,6.162,1.193,High
Compute,Air,EU,Off-Peak,0.583,49.668,56.513,8.307,26.988,0.779,109.498,26.828,19.706,1.561,Low
Compute,Air,EU,Off-Peak,0.414,37.65,83.879,6.358,26.144,0.877,55.95,13.979,9.838,1.5,Medium
Compute,Liquid,NA,Peak,0.127,20.958,60.222,10.572,20.385,0.802,54.05,23.173,6.41,1.456,Medium
Edge,Hybrid,APAC,Peak,0.69,64.877,64.338,15.356,20.219,0.881,77.678,46.107,5.855,1.353,High
GPU,Air,NA,Off-Peak,0.949,75.708,57.274,18.813,21.653,0.78,132.219,52.085,15.015,1.301,High
Compute,Liquid,EU,Night,0.11,24.588,71.301,6.259,16.728,0.9,53.406,11.905,10.299,1.097,High
GPU,Air,NA,Off-Peak,0.343,35.295,77.575,11.157,23.652,0.857,101.759,39.694,11.504,1.401,Medium
Storage,Air,NA,Peak,0.733,56.066,80.645,18.942,25.613,0.762,92.353,36.97,11.509,1.728,Low
Edge,Air,EU,Night,0.884,76.191,54.801,32.138,21.205,0.907,62.5,13.91,11.113,1.405,High
Compute,Liquid,ME,Off-Peak,0.272,26.081,61.873,5.997,19.035,0.853,70.542,34.89,3.646,1.449,Medium
Storage,Air,EU,Off-Peak,0.164,16.196,63.592,7.08,26.056,0.815,74.297,18.835,13.552,1.307,High
Compute,Liquid,NA,Peak,0.108,11.137,59.821,9.023,21.699,0.85,94.535,38.667,11.337,1.672,Low
Compute,Hybrid,EU,Off-Peak,0.294,39.23,30.127,20.795,19.674,0.875,65.235,15.08,11.34,1.299,High
Edge,Hybrid,NA,Night,0.164,23.214,64.359,3.178,20.046,0.919,48.561,23.024,5.939,1.642,Low
Storage,Air,NA,Peak,0.423,39.61,32.482,9.862,27.377,0.914,66.323,29.275,8.263,1.674,Low
Compute,Hybrid,NA,Off-Peak,0.496,40.724,91.792,15.875,27.008,0.772,117.232,49.057,13.923,1.633,Low
Compute,Air,NA,Off-Peak,0.532,44.119,48.181,17.132,21.592,0.832,83.168,32.676,9.804,1.222,High
GPU,Air,EU,Peak,0.228,26.44,81.971,6.536,22.628,0.727,96.12,22.69,17.441,1.495,Low
Storage,Liquid,EU,Off-Peak,0.518,50.108,62.572,8.68,19.949,0.945,79.141,19.602,14.677,1.348,High
Compute,Air,NA,Peak,0.108,15.81,56.682,10.153,22.399,0.558,62.759,27.826,7.931,1.642,Low
Edge,Air,APAC,Off-Peak,0.315,32.533,62.952,14.264,23.796,0.82,43.579,28.189,4.385,1.432,Medium
Compute,Air,NA,Night,0.432,35.114,61.913,11.542,25.674,0.947,79.738,32.945,8.823,1.395,High
Compute,Liquid,ME,Night,0.207,19.044,26.199,9.087,15.0,0.935,92.514,43.775,5.201,1.18,High
Edge,Air,EU,Night,0.833,64.926,66.506,14.117,20.311,0.874,75.844,19.816,13.671,1.289,High
Compute,Liquid,NA,Off-Peak,0.281,27.057,53.272,13.709,19.306,0.964,60.669,26.003,7.42,1.371,High
Compute,Liquid,ME,Off-Peak,0.779,70.265,44.111,21.763,20.871,0.833,92.737,42.139,4.706,1.288,High
Storage,Liquid,NA,Off-Peak,0.527,41.758,53.889,23.287,16.813,0.78,51.755,22.773,4.758,1.254,High
GPU,Hybrid,EU,Peak,0.532,44.255,64.9,13.97,27.821,0.927,136.028,35.544,25.382,1.743,Low
Compute,Air,NA,Peak,0.681,67.019,51.188,14.773,27.072,0.841,91.496,36.714,10.099,1.471,Medium
Edge,Air,APAC,Off-Peak,0.14,13.213,55.7,17.966,24.061,0.776,48.522,28.269,3.666,1.561,Low
GPU,Air,EU,Peak,0.171,23.199,56.417,19.894,23.775,0.805,94.937,23.502,16.403,1.764,Low
Compute,Air,NA,Night,0.394,29.566,58.849,21.81,15.522,0.725,96.824,40.674,11.785,1.541,Low
GPU,Liquid,NA,Off-Peak,0.475,45.514,53.62,21.855,16.989,0.953,221.494,88.598,26.579,1.458,Medium
Compute,Air,APAC,Peak,0.487,43.43,62.203,9.028,25.405,0.731,74.942,45.86,5.724,1.619,Low
Storage,Air,NA,Peak,0.709,56.444,66.743,8.736,28.06,0.933,56.245,21.401,5.579,1.552,Medium
GPU,Liquid,NA,Night,0.101,21.211,35.493,20.559,20.203,0.758,113.516,44.234,14.269,1.638,Low
Edge,Liquid,EU,Night,0.963,70.363,76.038,13.996,18.694,0.871,76.464,18.359,13.859,1.215,High
Compute,Liquid,APAC,Peak,0.257,27.247,77.937,11.569,19.339,0.989,59.828,35.354,4.066,1.292,High
Storage,Hybrid,NA,Off-Peak,0.324,37.544,48.606,7.968,30.274,0.825,58.314,20.125,7.184,1.518,Medium
Storage,Liquid,NA,Off-Peak,0.915,67.349,81.228,11.313,17.758,0.939,77.989,31.745,8.909,1.369,High
Compute,Liquid,APAC,Off-Peak,0.105,19.291,42.301,7.397,23.177,0.935,71.349,44.035,6.763,1.397,High
Compute,Air,NA,Off-Peak,0.992,80.582,73.813,17.415,23.628,0.851,83.535,33.26,10.359,1.531,Medium
Compute,Hybrid,EU,Peak,0.132,22.716,45.74,4.147,20.972,0.946,55.848,15.49,9.549,1.504,Medium
Storage,Liquid,ME,Off-Peak,0.208,20.608,38.743,6.961,35.256,0.928,71.965,36.55,3.333,1.541,Medium
Storage,Air,APAC,Peak,0.316,35.618,56.28,15.432,23.678,0.769,46.349,29.745,3.497,1.61,Low
Compute,Air,NA,Peak,0.495,40.057,67.012,9.194,19.19,0.859,206.162,82.465,24.739,1.431,Medium
GPU,Liquid,NA,Peak,0.567,44.432,67.74,8.19,21.32,0.727,113.169,44.247,13.037,1.379,Medium
GPU,Hybrid,NA,Peak,0.194,24.342,45.908,12.04,21.217,0.724,92.608,39.081,12.034,1.327,Medium
Storage,Air,ME,Off-Peak,0.166,18.123,45.804,25.892,16.87,0.916,54.193,29.248,2.656,1.399,High
Compute,Air,ME,Peak,0.129,16.384,66.68,6.657,16.82,0.841,96.986,49.939,3.832,1.217,High
Storage,Hybrid,NA,Off-Peak,0.331,41.209,46.795,16.497,20.055,0.82,55.324,21.628,7.079,1.686,Low
Compute,Hybrid,EU,Off-Peak,0.929,78.421,76.285,22.392,16.187,0.728,81.058,23.187,14.464,1.473,Medium
Compute,Air,APAC,Night,0.451,31.759,44.805,9.016,18.052,0.909,70.457,43.525,5.765,1.288,High
GPU,Air,NA,Off-Peak,0.788,62.532,60.606,14.127,19.765,0.83,127.577,53.877,15.765,1.293,High
Compute,Liquid,NA,Night,0.271,30.175,24.812,10.513,22.263,1.0,49.476,16.986,5.884,1.425,High
Compute,Air,NA,Peak,0.158,12.597,60.703,17.467,26.918,0.91,69.325,32.554,9.11,1.782,Low
Compute,Hybrid,EU,Off-Peak,0.599,52.129,61.607,48.042,20.132,0.612,79.421,19.602,14.4,1.529,Low
Compute,Air,APAC,Peak,0.84,68.783,62.264,9.628,24.022,0.698,76.48,44.237,6.23,1.498,Low
Compute,Air,ME,Off-Peak,0.909,69.446,89.769,32.906,22.123,0.895,90.147,44.056,5.312,1.689,Low
Edge,Air,NA,Peak,0.592,47.478,53.255,8.778,23.865,0.792,68.202,28.196,9.026,1.506,Medium
Compute,Air,NA,Off-Peak,0.365,34.272,73.558,6.196,23.817,0.851,89.227,37.243,10.219,1.237,High
Compute,Air,EU,Peak,0.199,19.951,61.969,3.372,22.451,0.947,56.62,16.444,10.227,1.569,Medium
Compute,Air,APAC,Peak,0.701,61.442,90.179,7.816,21.091,0.693,79.88,48.096,6.086,1.353,Medium
Edge,Liquid,EU,Off-Peak,0.352,37.955,85.139,9.011,21.992,1.0,65.913,17.97,12.458,1.181,High
Storage,Air,EU,Night,0.86,67.873,61.415,26.752,18.273,0.67,94.539,25.182,16.638,1.378,Medium
Compute,Hybrid,EU,Peak,0.645,56.73,77.675,11.284,24.851,0.839,68.185,16.984,11.765,1.429,Medium
GPU,Air,NA,Night,0.873,63.71,98.0,23.71,18.049,0.741,94.501,39.691,11.654,1.493,Medium
Compute,Liquid,EU,Peak,0.61,46.358,74.426,20.195,23.265,1.0,85.321,20.052,15.026,1.335,High
Compute,Air,ME,Off-Peak,0.795,62.972,64.916,14.771,21.678,0.775,77.043,34.692,3.57,1.246,High
Compute,Air,NA,Night,0.365,28.017,37.546,13.946,19.876,0.775,56.862,22.72,7.267,1.582,Low
Compute,Liquid,EU,Peak,0.553,42.135,35.093,50.997,22.912,1.0,70.538,18.114,12.683,1.329,High
Compute,Liquid,NA,Off-Peak,0.117,22.819,33.318,45.491,22.748,1.0,62.591,22.979,7.37,1.35,High
Storage,Liquid,EU,Peak,0.647,46.903,98.0,8.287,22.163,0.781,67.216,17.651,12.665,1.448,Medium
Compute,Liquid,EU,Peak,0.58,44.628,65.867,12.792,21.363,1.0,67.146,18.611,10.605,1.306,High
Storage,Liquid,EU,Off-Peak,0.78,60.08,73.233,21.933,16.741,1.0,63.281,16.926,11.484,1.331,High
Compute,Air,APAC,Off-Peak,0.756,60.907,60.155,10.878,22.848,0.778,94.696,59.887,7.588,1.482,Medium
Compute,Hybrid,NA,Night,0.665,57.106,75.441,11.422,19.53,0.933,75.393,32.028,9.847,1.285,High
Storage,Liquid,EU,Peak,0.151,17.439,55.708,4.46,23.561,1.0,72.339,19.412,14.005,1.54,Medium
Edge,Hybrid,NA,Off-Peak,0.913,66.959,55.269,12.741,22.973,0.969,68.582,25.653,8.405,1.533,Medium
Compute,Hybrid,APAC,Off-Peak,0.116,13.635,29.247,7.578,22.45,0.802,85.227,45.364,6.486,1.418,Medium
Storage,Air,NA,Night,0.823,61.704,38.426,12.18,16.728,0.848,62.924,22.896,7.667,1.347,High
Compute,Air,APAC,Peak,0.531,47.094,57.038,22.399,29.337,0.811,178.521,107.113,14.282,1.632,Low
Compute,Liquid,NA,Night,0.836,64.739,64.451,10.483,15.0,1.0,81.779,36.384,9.588,1.422,High
Compute,Liquid,NA,Off-Peak,0.519,43.706,73.388,10.549,18.054,0.916,76.42,27.487,8.138,1.473,Medium
Compute,Liquid,NA,Off-Peak,0.682,59.468,89.404,8.669,17.972,0.815,88.021,37.565,10.943,1.05,High
Compute,Liquid,ME,Peak,0.427,36.919,48.22,15.319,19.823,0.836,87.242,43.687,3.289,1.315,High
Compute,Air,NA,Night,0.769,60.631,61.342,10.329,19.115,0.839,86.491,31.524,11.43,1.461,Medium
GPU,Air,NA,Off-Peak,0.329,29.25,88.626,5.576,24.689,0.953,108.608,44.035,13.156,1.706,Low
Compute,Air,NA,Off-Peak,0.747,56.401,90.53,8.447,21.069,0.691,91.961,35.437,9.587,1.674,Low
Storage,Liquid,NA,Off-Peak,0.274,34.457,31.946,12.268,15.0,0.945,80.347,31.474,9.527,1.355,High
Compute,Liquid,NA,Peak,0.75,63.363,93.894,8.904,24.634,0.937,105.19,41.711,12.059,1.34,High
Storage,Air,EU,Peak,0.364,38.437,49.425,17.217,26.762,0.807,68.373,14.747,11.587,1.567,Low
Storage,Liquid,NA,Night,0.351,25.825,55.3,9.007,15.287,0.872,92.823,37.549,10.331,1.534,Medium
Compute,Air,EU,Peak,0.83,64.71,79.983,18.364,21.936,0.845,66.108,18.376,11.407,1.447,Medium
Compute,Air,NA,Night,0.832,69.549,62.263,22.334,26.827,0.83,83.856,34.399,11.075,1.436,Medium
GPU,Liquid,EU,Off-Peak,0.722,55.6,57.8,20.571,18.293,0.82,111.209,29.548,19.517,1.528,Medium
GPU,Air,EU,Peak,0.932,78.065,63.0,17.112,28.682,0.868,198.206,49.552,35.677,1.575,Low
Compute,Liquid,NA,Off-Peak,0.241,31.649,76.547,18.366,17.865,0.949,134.871,57.443,15.467,1.28,High
Compute,Hybrid,NA,Off-Peak,0.342,32.924,50.039,20.39,23.372,0.833,65.97,26.818,8.567,1.592,Low
GPU,Hybrid,NA,Off-Peak,0.365,34.845,56.053,18.922,15.0,0.81,93.146,38.812,10.949,1.258,High
Compute,Air,NA,Night,0.375,30.937,61.441,17.194,15.0,0.953,55.465,25.764,6.711,1.451,Medium
Storage,Air,EU,Peak,0.395,32.272,35.941,16.071,28.718,0.675,40.486,11.574,6.424,1.525,Low
Compute,Liquid,EU,Night,0.727,52.988,71.131,17.805,19.306,0.942,63.241,18.725,11.883,1.541,Medium
Compute,Liquid,EU,Off-Peak,0.344,26.712,77.075,16.233,20.758,0.833,53.011,14.526,8.738,1.418,Medium
Storage,Liquid,NA,Night,0.357,33.04,60.488,6.556,16.372,0.884,75.677,28.638,9.228,1.135,High
Storage,Air,NA,Peak,0.613,48.494,58.626,17.739,31.858,0.683,53.832,18.881,5.924,1.872,Low
Compute,Air,NA,Peak,0.274,29.133,44.254,19.312,20.944,0.867,71.223,23.302,7.346,1.593,Low
Storage,Liquid,EU,Off-Peak,0.428,43.405,55.462,30.792,21.93,0.954,70.563,16.615,12.598,1.183,High
GPU,Liquid,EU,Peak,0.152,23.576,53.395,15.876,21.731,1.0,123.551,31.556,21.303,1.33,High
Storage,Air,NA,Night,0.957,75.642,52.721,14.863,17.913,0.879,80.367,34.292,10.048,1.333,High
Compute,Air,APAC,Peak,0.386,30.339,45.478,15.554,29.07,0.752,64.703,37.329,4.879,1.611,Low
Storage,Liquid,NA,Peak,0.865,67.438,59.527,10.317,22.839,0.913,88.812,37.428,9.96,1.409,High
GPU,Air,ME,Peak,0.577,45.068,45.445,27.573,25.965,0.896,98.507,48.474,5.494,1.65,Low
GPU,Air,NA,Peak,0.305,24.66,61.682,12.768,25.575,0.829,94.882,37.409,11.412,1.405,Medium
Storage,Air,APAC,Off-Peak,0.274,35.398,67.88,5.183,21.606,0.875,69.84,42.754,5.726,1.343,High
Compute,Air,NA,Off-Peak,0.725,63.24,60.071,27.802,23.16,0.928,75.959,32.486,8.915,1.457,Medium
GPU,Liquid,APAC,Peak,0.968,0.591,67.048,17.154,21.773,1.0,125.812,75.721,9.765,1.62,Medium
Storage,Air,NA,Peak,0.265,19.841,70.95,19.923,30.903,0.81,35.169,13.988,4.219,1.399,Medium
Compute,Air,NA,Peak,0.204,24.48,55.889,18.343,20.348,0.739,53.872,17.946,6.666,1.339,Medium
Storage,Air,NA,Peak,0.448,42.936,75.186,20.273,20.625,0.883,57.172,24.043,6.212,1.687,Low
Compute,Air,ME,Off-Peak,0.454,45.965,39.911,21.037,22.311,0.711,81.296,40.838,4.122,1.637,Low
Storage,Liquid,ME,Off-Peak,0.826,67.103,71.595,19.627,16.095,0.956,94.04,49.098,4.47,1.359,High
Compute,Air,NA,Off-Peak,0.522,40.033,78.343,15.324,19.814,0.907,91.311,32.681,11.245,1.374,High
Storage,Liquid,EU,Night,0.156,17.986,96.858,13.367,20.486,0.822,49.185,10.185,8.972,1.213,High
Edge,Air,EU,Night,0.929,72.252,94.004,25.885,22.045,0.848,72.952,16.899,13.831,1.511,Medium
GPU,Air,NA,Off-Peak,0.436,42.499,54.624,7.945,23.099,0.789,101.568,38.378,12.912,1.368,Medium
Edge,Air,NA,Off-Peak,0.702,63.654,44.554,13.417,21.039,0.661,75.986,30.797,8.675,1.762,Low
Edge,Air,ME,Night,0.701,64.303,64.28,18.385,22.684,0.875,93.318,46.837,4.715,1.588,Low
Compute,Liquid,EU,Off-Peak,0.151,16.678,74.421,6.702,19.111,0.967,72.588,17.707,13.774,1.518,Medium
Storage,Air,NA,Peak,0.103,15.557,42.621,4.638,23.776,0.811,46.076,20.442,4.953,1.503,Medium
Storage,Hybrid,NA,Off-Peak,0.179,21.914,55.534,15.06,24.58,0.868,42.081,14.57,4.796,1.279,High
GPU,Air,NA,Night,0.961,79.228,61.604,13.276,25.818,0.876,115.912,43.592,14.298,1.959,Low
Compute,Air,EU,Night,0.815,67.053,70.189,10.184,24.385,0.885,93.039,18.145,15.924,1.359,High
Edge,Air,NA,Peak,0.219,16.89,62.904,4.177,26.942,0.875,53.585,18.179,6.449,1.72,Low
Storage,Liquid,EU,Night,0.653,53.512,79.843,9.702,17.809,1.0,53.232,15.624,9.499,1.356,High
GPU,Air,NA,Night,0.651,56.929,53.427,12.825,16.77,0.811,117.248,47.077,14.512,1.108,High
Compute,Air,NA,Peak,0.101,8.467,68.842,3.008,26.216,0.754,40.468,15.773,4.243,1.331,Medium
Compute,Air,NA,Night,0.486,35.964,67.165,10.022,17.238,0.934,64.465,26.394,8.492,1.125,High
GPU,Air,APAC,Night,0.741,59.868,52.763,8.715,23.033,0.939,122.08,74.693,9.831,1.278,High
Compute,Hybrid,NA,Peak,0.268,24.495,63.908,21.538,23.778,0.935,53.974,19.438,6.913,1.621,Low
GPU,Liquid,APAC,Off-Peak,0.866,69.212,72.969,14.468,16.252,0.964,123.185,74.561,9.711,1.54,Medium
Compute,Liquid,NA,Peak,0.694,59.431,81.014,13.83,23.506,1.0,79.101,33.0,8.614,1.306,High
Storage,Liquid,EU,Off-Peak,0.106,11.447,45.671,4.688,15.0,0.95,39.01,8.38,7.644,1.415,High
Compute,Liquid,NA,Night,0.869,63.026,60.748,21.474,16.045,0.724,90.164,38.419,11.138,1.103,High
Storage,Air,EU,Off-Peak,0.117,23.615,36.967,5.121,23.865,0.769,60.66,16.82,10.203,1.572,Low
Storage,Liquid,APAC,Off-Peak,0.899,73.11,42.911,28.61,19.2,0.716,102.496,63.818,8.008,1.323,Medium
Compute,Air,NA,Night,0.4,40.234,59.027,24.228,18.681,0.712,67.216,25.259,8.329,1.534,Low
Compute,Air,NA,Night,0.729,57.656,66.091,20.661,15.0,0.91,99.153,40.828,12.656,1.249,High
Compute,Liquid,EU,Peak,0.809,67.471,44.698,11.385,22.738,0.962,93.57,25.113,17.389,1.579,Medium
Storage,Liquid,NA,Night,0.353,37.901,70.347,7.166,26.028,0.97,83.946,32.393,9.829,1.428,High
Storage,Liquid,EU,Peak,0.421,39.454,72.994,14.184,22.53,0.917,59.293,14.141,10.714,1.362,High
GPU,Liquid,NA,Peak,0.559,50.364,38.282,12.699,19.029,1.0,91.947,35.582,10.712,1.387,High
Storage,Air,EU,Off-Peak,0.624,51.706,59.187,24.244,24.133,0.874,78.281,15.227,13.864,1.694,Low
Storage,Air,EU,Off-Peak,0.363,35.092,69.772,12.985,24.586,0.878,46.402,10.205,8.483,1.479,Medium
Compute,Air,NA,Off-Peak,0.993,76.775,79.731,16.6,23.69,0.851,118.652,47.087,14.992,1.251,High
Compute,Liquid,EU,Peak,0.763,61.186,57.665,32.551,20.178,0.828,62.298,16.62,10.013,1.344,High
Compute,Hybrid,EU,Peak,0.347,41.38,80.51,32.903,24.163,0.953,67.178,14.487,11.745,1.528,Medium
Edge,Air,NA,Night,0.676,56.397,42.329,21.093,21.145,0.697,74.813,29.121,9.248,1.473,Medium
GPU,Air,NA,Peak,0.492,39.926,55.502,14.706,30.791,0.957,100.181,41.237,13.01,1.682,Low
Compute,Air,EU,Peak,0.874,62.674,87.179,25.611,23.961,0.821,78.204,17.029,13.461,1.659,Low
Storage,Hybrid,NA,Night,0.396,35.418,64.531,8.287,18.984,0.838,58.574,23.133,6.663,1.341,High
GPU,Liquid,ME,Off-Peak,0.269,24.02,53.144,4.259,16.257,1.0,86.173,44.201,3.659,1.393,High
Storage,Air,EU,Peak,0.142,11.546,87.586,26.395,25.177,0.88,47.45,10.861,7.903,1.291,High
Compute,Hybrid,NA,Peak,0.986,90.601,67.58,14.105,25.15,0.711,137.63,53.822,15.454,1.657,Low
Compute,Hybrid,APAC,Night,0.423,35.88,38.351,13.638,18.499,0.832,75.034,44.43,4.919,1.508,Medium
Storage,Air,NA,Night,0.298,23.655,41.506,17.657,24.014,0.755,51.993,21.897,5.151,1.605,Low
Edge,Hybrid,EU,Peak,0.543,38.943,88.778,6.586,25.817,0.751,70.742,16.855,13.133,1.896,Low
Storage,Air,NA,Off-Peak,0.362,30.315,38.347,7.103,24.973,0.622,61.317,27.165,7.34,1.663,Low
Compute,Air,APAC,Peak,0.31,34.383,79.122,22.822,28.491,0.915,60.584,35.375,4.231,1.685,Low
Compute,Air,APAC,Night,0.655,48.43,62.322,14.604,21.579,0.882,86.416,54.233,6.808,1.386,High
GPU,Hybrid,EU,Peak,0.167,20.414,87.644,16.088,21.357,0.727,107.58,26.59,19.842,1.64,Low
GPU,Liquid,NA,Off-Peak,0.558,57.697,75.156,18.655,20.336,0.992,99.918,40.201,13.286,1.46,Medium
Storage,Air,NA,Off-Peak,0.449,38.009,64.68,13.307,18.923,0.845,107.144,39.198,12.973,1.506,Medium
Storage,Hybrid,NA,Off-Peak,0.579,46.075,39.159,20.045,18.918,0.619,72.952,35.764,8.604,1.857,Low
Compute,Air,NA,Night,0.388,35.115,53.433,12.37,21.944,0.846,59.988,21.776,6.34,1.392,Medium
GPU,Liquid,NA,Off-Peak,0.613,48.388,82.112,11.51,15.0,0.867,137.425,57.938,16.058,1.259,High
GPU,Liquid,EU,Night,0.174,25.407,87.742,18.387,16.416,0.842,97.7,23.628,17.691,1.05,High
Compute,Air,APAC,Peak,0.439,32.447,39.817,17.286,33.476,0.881,74.696,43.677,4.931,1.553,Medium
GPU,Air,NA,Peak,0.314,25.871,48.807,8.277,27.49,0.788,88.81,36.635,10.279,1.504,Medium
Compute,Hybrid,NA,Off-Peak,0.494,37.612,46.129,9.405,20.431,0.919,75.467,30.692,8.86,1.493,Medium
Compute,Air,APAC,Off-Peak,0.459,38.444,65.574,6.187,20.838,0.906,80.658,44.566,6.671,1.226,High
Compute,Liquid,APAC,Off-Peak,0.668,62.084,78.768,13.164,20.335,0.769,82.504,51.788,6.614,1.614,Low
Compute,Liquid,EU,Night,0.666,53.722,61.428,20.004,15.0,0.942,68.921,17.003,12.292,1.256,High
Compute,Liquid,NA,Off-Peak,0.472,44.897,61.34,11.686,23.763,1.0,67.036,26.561,8.138,1.242,High
Storage,Air,EU,Night,0.263,22.683,72.156,5.442,17.742,0.971,53.303,12.834,9.743,1.29,High
Storage,Air,APAC,Off-Peak,0.624,50.111,74.392,20.388,21.818,0.943,67.531,40.395,5.086,1.619,Low
Storage,Air,NA,Peak,0.97,77.213,54.081,19.847,24.376,0.807,111.196,45.849,13.917,1.448,Medium
Compute,Hybrid,EU,Peak,0.267,28.026,43.217,11.77,26.069,0.808,59.788,11.455,10.119,1.441,Medium
Compute,Air,EU,Night,0.162,19.066,70.513,10.782,22.238,0.817,88.608,24.85,15.744,1.649,Low
Storage,Air,NA,Peak,0.338,35.869,64.202,11.976,21.204,0.863,61.406,23.291,6.491,1.507,Medium
Compute,Hybrid,APAC,Peak,0.472,35.599,73.122,18.45,18.116,0.632,74.319,45.922,6.282,1.454,Low
Compute,Liquid,EU,Peak,0.376,39.494,35.599,17.35,22.62,1.0,64.286,16.559,11.082,1.3,High
GPU,Air,EU,Off-Peak,0.851,63.27,86.206,15.777,17.739,0.891,139.812,36.785,24.726,1.501,Medium
GPU,Hybrid,EU,Off-Peak,0.544,43.576,56.699,13.884,20.365,0.713,144.176,33.92,25.587,1.352,Medium
GPU,Liquid,NA,Peak,0.322,39.739,68.727,8.001,20.239,0.858,111.768,44.711,14.052,1.381,High
Storage,Air,EU,Off-Peak,0.955,72.492,72.68,12.626,21.975,0.761,78.232,20.938,14.942,1.594,Low
Compute,Air,APAC,Peak,0.213,1.267,73.993,13.486,26.102,0.832,63.319,35.228,5.384,1.65,Low
Storage,Liquid,ME,Off-Peak,0.211,15.776,65.503,6.048,24.724,0.939,36.202,17.831,1.796,1.334,High
Compute,Liquid,NA,Night,0.321,22.913,54.928,13.975,16.518,0.93,51.26,25.174,5.572,1.05,High
Storage,Air,NA,Off-Peak,0.169,17.188,47.512,12.676,22.344,0.944,83.671,30.008,10.527,1.59,Medium
Compute,Air,ME,Off-Peak,0.776,57.9,70.608,18.018,18.981,0.766,70.492,37.954,4.156,1.402,Medium
GPU,Air,EU,Peak,0.382,28.745,54.713,6.956,25.269,0.966,94.276,25.81,16.245,1.549,Medium
Compute,Liquid,ME,Night,0.757,62.021,95.865,13.141,15.567,0.794,120.502,57.669,6.066,1.216,High
Edge,Air,NA,Peak,0.786,70.136,53.929,8.949,25.788,0.817,73.165,32.174,9.469,1.386,Medium
GPU,Air,NA,Peak,0.314,27.874,62.49,19.203,26.05,0.712,94.956,38.464,10.933,1.716,Low
Storage,Liquid,NA,Night,0.567,63.514,53.413,19.232,17.656,0.769,70.054,27.03,8.065,1.382,Medium
GPU,Liquid,APAC,Night,0.568,44.599,86.861,15.28,15.0,1.0,105.126,59.922,8.403,1.301,High
Storage,Liquid,APAC,Night,0.884,71.317,85.994,12.988,16.626,1.0,90.548,58.24,6.559,1.468,Medium
GPU,Air,EU,Night,0.123,26.127,30.61,5.52,20.26,0.81,101.288,28.798,17.681,1.344,High
Storage,Air,NA,Night,0.385,34.89,64.616,13.924,18.936,0.821,63.098,25.052,6.97,1.465,Medium
GPU,Air,NA,Off-Peak,0.894,67.167,74.748,11.793,22.441,0.757,109.114,40.581,12.929,1.673,Low
Storage,Hybrid,EU,Peak,0.313,30.354,54.729,8.602,23.912,0.77,63.387,14.374,11.95,1.322,High
Edge,Liquid,EU,Night,0.223,26.702,61.455,6.583,16.116,0.797,44.543,12.374,7.324,1.338,High
Storage,Air,EU,Night,0.619,49.863,75.816,24.448,23.073,0.821,93.727,24.745,16.3,1.628,Low
Storage,Air,NA,Peak,0.375,30.893,68.269,18.931,24.848,0.935,87.183,33.955,10.852,1.437,Medium
GPU,Liquid,EU,Off-Peak,0.521,40.558,38.717,13.527,20.373,0.939,106.986,23.255,19.071,1.56,Medium
GPU,Liquid,NA,Peak,0.838,73.18,38.438,11.614,18.232,1.0,135.931,52.631,17.141,1.406,High
Storage,Air,EU,Night,0.569,49.294,15.206,14.393,23.25,0.703,64.088,17.053,11.502,1.42,Medium
Compute,Hybrid,EU,Off-Peak,0.564,56.228,60.593,10.636,23.153,0.694,80.967,19.159,13.745,1.739,Low
Storage,Liquid,ME,Peak,0.35,31.167,49.379,11.429,19.061,0.953,54.839,23.88,3.261,1.43,High
Edge,Liquid,EU,Peak,0.814,65.749,71.702,18.405,22.521,0.861,77.69,24.241,14.358,1.508,Medium
GPU,Hybrid,NA,Night,0.766,68.147,59.748,9.216,21.885,0.792,127.76,53.882,15.694,1.707,Low
GPU,Liquid,NA,Off-Peak,0.311,23.94,55.491,10.197,18.607,0.954,90.011,33.086,9.842,1.266,High
Compute,Liquid,ME,Off-Peak,0.388,38.381,60.939,17.393,15.0,0.987,85.221,41.299,4.579,1.199,High
Storage,Hybrid,NA,Off-Peak,0.81,61.595,37.635,14.827,24.246,0.899,66.601,29.905,7.766,1.564,Medium
Storage,Air,NA,Peak,0.422,35.411,74.937,17.772,25.091,0.752,53.779,18.718,7.157,1.537,Low
GPU,Air,ME,Peak,0.463,36.079,60.74,17.62,24.592,0.991,100.742,51.997,4.666,1.395,High
Compute,Hybrid,EU,Off-Peak,0.428,41.067,42.191,20.06,20.584,0.683,101.578,24.173,18.309,1.451,Medium
GPU,Liquid,EU,Off-Peak,0.245,27.523,54.609,17.367,19.555,1.0,94.728,21.736,16.793,1.387,High
Storage,Hybrid,NA,Peak,0.407,45.25,43.337,5.404,20.759,0.858,74.53,30.08,8.625,1.359,High
Compute,Air,APAC,Off-Peak,0.823,0.633,78.449,34.387,31.012,0.909,112.051,65.376,8.239,1.647,Low
Compute,Liquid,NA,Peak,0.542,57.183,71.736,17.445,20.816,0.837,97.162,35.728,11.66,1.389,Medium
Compute,Air,NA,Night,0.512,49.152,62.932,7.65,25.697,0.95,77.409,32.24,8.925,1.287,High
Storage,Liquid,NA,Peak,0.241,22.371,57.145,12.894,21.892,0.938,52.576,21.188,7.731,1.616,Low
Compute,Air,NA,Peak,0.26,20.807,75.96,4.604,24.682,0.84,56.036,24.012,5.9,1.426,Medium
Compute,Air,ME,Peak,0.139,12.026,69.467,18.036,23.309,0.806,61.705,33.731,4.086,1.479,Medium
GPU,Air,EU,Peak,0.113,13.61,30.664,15.588,25.254,0.86,72.062,15.597,12.798,1.486,Medium
Compute,Liquid,EU,Peak,0.539,48.81,55.239,8.001,21.241,0.997,100.656,25.899,18.559,1.373,High
Compute,Air,ME,Off-Peak,0.468,37.278,73.436,10.92,15.0,0.765,76.744,35.181,3.226,1.43,Medium
Storage,Air,NA,Off-Peak,0.348,37.953,76.699,16.766,19.962,0.794,45.026,21.888,5.563,1.455,Medium
Storage,Air,NA,Peak,0.991,80.335,98.0,18.478,24.868,0.846,84.18,32.361,10.087,1.49,Medium
GPU,Air,EU,Off-Peak,0.458,42.982,74.36,12.622,23.027,0.862,98.223,25.442,17.628,1.271,High
Storage,Hybrid,EU,Night,0.81,63.74,42.794,15.2,15.0,0.93,66.051,14.803,13.594,1.235,High
GPU,Air,EU,Peak,0.289,31.564,55.554,9.854,24.667,0.783,89.267,22.409,16.338,1.504,Medium
Storage,Air,NA,Off-Peak,0.322,28.815,73.183,25.631,26.21,0.93,58.917,19.998,7.003,1.667,Low
Compute,Hybrid,EU,Peak,0.612,44.838,39.638,18.541,23.676,0.642,92.016,20.801,16.347,1.416,Medium
Compute,Liquid,NA,Peak,0.104,8.099,61.571,10.635,22.063,1.0,44.86,18.759,5.43,1.479,Medium
Storage,Liquid,NA,Off-Peak,0.116,15.894,47.025,2.395,22.792,0.949,107.228,42.207,13.238,1.351,High
Compute,Liquid,NA,Peak,0.228,18.885,66.708,4.32,25.515,0.906,82.2,31.893,9.598,1.544,Medium
GPU,Hybrid,NA,Night,0.301,36.543,72.847,11.796,17.755,0.822,136.819,56.8,16.333,1.687,Low
Storage,Air,NA,Peak,0.575,49.748,50.011,12.482,30.043,0.793,73.896,31.265,8.3,1.87,Low
Compute,Hybrid,NA,Off-Peak,0.718,53.741,94.486,28.885,16.755,0.878,68.726,28.25,8.098,1.405,Medium
Compute,Hybrid,ME,Off-Peak,0.381,31.238,33.042,18.689,19.828,0.868,67.822,32.385,3.528,1.345,High
Compute,Liquid,ME,Peak,0.315,36.809,69.545,9.243,26.46,0.924,69.033,33.464,3.416,1.344,High
Storage,Liquid,EU,Off-Peak,0.841,66.989,90.151,16.885,20.634,0.835,81.931,21.991,14.808,1.414,Medium
Storage,Liquid,ME,Off-Peak,0.246,38.893,63.109,11.63,16.37,0.889,57.101,27.0,2.227,1.571,Low
Storage,Air,ME,Off-Peak,0.71,67.327,57.054,21.178,20.706,0.727,82.62,43.033,4.465,1.649,Low
Compute,Air,NA,Night,0.938,70.156,70.35,14.885,22.006,0.789,73.986,34.726,9.111,1.51,Medium
Storage,Hybrid,EU,Peak,0.309,38.603,41.374,19.635,37.754,0.799,60.172,10.463,10.295,1.546,Low
GPU,Liquid,ME,Off-Peak,0.178,23.412,47.275,16.016,23.138,0.967,95.196,45.894,4.341,1.342,High
Compute,Air,EU,Peak,0.982,76.707,71.729,24.83,19.342,0.921,83.906,20.334,15.399,1.439,Medium
Storage,Liquid,NA,Peak,0.344,28.095,63.881,10.774,26.615,0.917,70.356,28.903,8.191,1.503,Medium
Edge,Liquid,EU,Peak,0.348,32.569,59.165,12.338,22.165,0.947,54.153,15.402,9.617,1.406,High
Compute,Air,NA,Night,0.535,49.294,71.728,7.763,16.604,0.972,77.847,30.863,9.353,1.3,High
Storage,Liquid,NA,Off-Peak,0.308,24.84,62.126,15.655,20.948,0.874,45.899,19.013,5.6,1.285,High
Compute,Liquid,NA,Peak,0.994,82.032,68.498,16.627,16.474,0.937,88.65,35.053,10.304,1.389,High
Storage,Air,NA,Peak,0.139,14.904,70.802,5.935,21.014,0.832,66.457,23.162,7.876,1.428,Medium
Compute,Hybrid,NA,Peak,0.506,36.724,62.325,9.099,22.164,0.853,64.778,27.698,9.025,1.521,Medium
Edge,Air,APAC,Peak,0.594,49.404,47.837,15.129,29.386,0.875,59.558,36.836,4.464,1.716,Low
GPU,Air,NA,Peak,0.52,56.149,66.499,7.427,22.302,0.741,136.191,52.249,16.256,1.349,Medium
GPU,Air,NA,Peak,0.568,41.902,38.83,13.404,28.261,0.854,121.999,45.529,13.879,1.433,Medium
GPU,Liquid,NA,Peak,0.989,77.543,54.583,14.633,26.9,0.879,105.147,42.191,13.422,1.532,Medium
Storage,Air,EU,Off-Peak,0.889,66.9,87.957,18.807,24.15,0.783,83.343,21.574,14.604,1.802,Low
Storage,Air,ME,Night,0.378,27.54,95.103,6.747,23.651,0.978,56.941,29.65,3.396,1.394,High
GPU,Hybrid,NA,Off-Peak,0.596,54.543,78.358,23.602,17.533,0.929,114.069,43.943,14.087,1.26,High
Edge,Air,NA,Night,0.1,16.884,67.342,6.573,21.925,0.929,33.709,15.463,4.339,1.197,High
Storage,Liquid,EU,Peak,0.469,39.413,67.2,18.031,24.764,0.829,64.019,14.856,11.456,1.455,Medium
Edge,Liquid,EU,Off-Peak,0.247,21.853,39.836,9.288,20.613,0.986,93.278,27.05,16.397,1.567,Medium
Storage,Hybrid,NA,Peak,0.74,69.602,87.657,11.997,21.624,0.672,80.422,32.384,9.428,1.654,Low
Storage,Liquid,NA,Night,0.299,33.741,60.533,11.83,18.218,0.922,68.225,28.14,8.603,1.301,High
Storage,Air,EU,Night,0.774,59.521,56.771,48.033,20.118,0.864,67.445,16.429,13.231,1.704,Low
Compute,Air,NA,Off-Peak,0.382,39.024,85.665,5.347,27.121,0.866,99.955,41.538,11.734,1.69,Low
Compute,Hybrid,ME,Night,0.933,71.435,98.0,18.735,16.069,0.629,76.731,36.821,3.677,2.242,High
Compute,Hybrid,NA,Off-Peak,0.501,43.357,33.113,6.466,20.916,0.807,69.796,28.58,8.416,1.416,Medium
Storage,Air,NA,Peak,0.856,71.513,84.947,23.082,30.286,0.908,69.588,29.628,8.177,1.532,Medium
Compute,Liquid,APAC,Off-Peak,0.665,48.538,70.049,13.81,17.772,1.0,63.853,37.224,4.938,1.234,High
Storage,Air,APAC,Off-Peak,0.98,77.25,81.654,14.46,26.183,0.765,91.043,58.023,8.361,1.72,Low
Edge,Hybrid,NA,Peak,0.768,62.786,93.965,14.639,23.668,0.548,53.744,19.353,6.757,1.434,Low
Compute,Hybrid,ME,Off-Peak,0.755,64.485,76.82,21.604,24.378,0.964,78.257,38.693,4.384,1.388,High
Storage,Hybrid,EU,Off-Peak,0.338,31.09,60.494,10.788,20.817,0.801,53.397,10.751,9.939,1.515,Medium
Compute,Hybrid,NA,Peak,0.554,41.429,51.341,13.957,21.295,0.873,70.47,26.037,8.761,1.352,High
Compute,Hybrid,EU,Off-Peak,0.361,35.312,62.135,9.853,19.273,0.934,94.556,23.646,15.997,1.206,High
GPU,Air,NA,Off-Peak,0.117,25.431,64.531,10.473,25.331,0.923,130.133,54.429,15.91,1.264,High
Storage,Hybrid,NA,Peak,0.74,57.924,38.872,17.678,21.775,0.817,100.944,35.796,12.034,1.622,Low
GPU,Liquid,NA,Off-Peak,0.312,26.479,51.124,17.191,24.324,0.812,99.193,41.758,11.728,1.422,Medium
Compute,Hybrid,EU,Night,0.458,36.747,64.473,28.263,21.044,0.867,88.279,20.549,15.596,1.429,Medium
Storage,Liquid,APAC,Night,0.356,38.149,54.958,21.294,16.005,0.831,54.349,28.658,5.464,1.411,Medium
Compute,Air,NA,Off-Peak,0.28,23.634,84.928,23.254,27.904,0.797,70.225,29.75,8.213,1.692,Low
Compute,Liquid,NA,Peak,0.16,13.528,36.141,16.215,20.613,0.941,62.986,26.029,7.882,1.362,High
Compute,Liquid,EU,Peak,0.404,43.467,32.856,29.089,15.329,0.939,73.848,16.795,13.53,1.228,High
Compute,Air,EU,Peak,0.174,16.99,88.669,10.931,23.941,0.785,74.887,18.248,13.781,1.472,Medium
Compute,Air,APAC,Peak,0.586,46.11,64.744,15.005,21.041,0.724,84.542,51.27,6.915,1.448,Medium
Compute,Liquid,NA,Night,0.118,18.984,43.563,12.659,18.052,0.992,57.632,21.503,7.618,1.211,High
Edge,Air,EU,Night,0.946,74.287,90.193,26.481,18.694,0.912,71.656,16.564,13.22,1.436,Medium
Compute,Air,NA,Night,0.97,71.39,68.915,17.44,23.587,0.945,89.167,36.66,10.693,1.425,High
Compute,Air,APAC,Peak,0.374,39.255,60.767,7.278,24.113,0.752,211.753,127.052,16.94,1.718,Low
Compute,Hybrid,NA,Peak,0.334,30.483,61.753,7.44,31.381,0.849,71.578,28.331,9.316,1.809,Low
Storage,Liquid,NA,Off-Peak,0.194,22.46,74.947,7.505,20.087,0.999,43.372,21.775,5.035,1.464,Medium
Compute,Air,EU,Off-Peak,0.914,79.372,74.993,11.923,24.507,0.73,84.36,19.813,15.561,1.785,Low
GPU,Liquid,APAC,Off-Peak,0.628,50.02,83.674,26.872,20.815,1.0,117.896,70.252,8.989,1.359,High
Edge,Liquid,EU,Off-Peak,0.649,55.523,79.907,11.054,19.88,0.996,60.085,15.659,11.132,1.376,High
Compute,Air,ME,Off-Peak,0.906,77.703,56.231,33.249,26.811,0.836,93.946,47.884,4.716,1.514,Medium
Storage,Air,NA,Off-Peak,0.92,78.467,77.542,20.902,24.043,0.75,87.572,36.446,10.528,2.389,Medium
Compute,Liquid,EU,Off-Peak,0.846,64.239,60.009,12.81,20.039,0.937,71.122,18.812,12.412,1.626,Low
Storage,Air,EU,Off-Peak,0.796,64.056,81.986,8.98,24.212,0.65,76.864,14.259,13.008,1.512,Low
Storage,Liquid,EU,Peak,0.89,73.527,69.515,19.329,24.599,0.95,65.461,18.431,11.31,1.557,Medium
Compute,Air,APAC,Off-Peak,0.888,66.096,71.467,13.62,21.555,0.967,86.484,50.771,7.896,1.31,High
Compute,Air,APAC,Peak,0.432,35.989,40.08,9.769,18.655,0.734,70.177,40.635,5.784,1.774,Low
Storage,Hybrid,EU,Peak,0.976,74.657,67.41,27.358,23.965,0.922,75.227,21.414,13.546,1.542,Medium
Storage,Air,EU,Peak,0.738,55.438,45.448,25.057,26.929,0.949,62.308,15.728,11.26,1.393,High
Compute,Liquid,ME,Peak,0.433,42.252,47.076,7.896,18.037,0.959,73.807,38.316,3.512,1.346,High
Storage,Air,NA,Night,0.498,42.981,58.598,20.018,17.767,0.816,62.305,26.048,6.921,1.422,Medium
Storage,Air,APAC,Off-Peak,0.718,51.975,81.006,15.184,20.323,0.838,51.545,30.719,3.478,1.754,Low
GPU,Air,ME,Night,0.425,38.478,37.576,12.124,16.461,0.7,95.742,48.722,4.197,1.505,Low
Compute,Air,EU,Peak,0.844,70.083,47.838,25.244,26.71,0.92,88.097,23.165,15.934,1.204,High
GPU,Air,APAC,Peak,0.233,29.719,72.262,15.724,28.492,0.811,95.418,58.659,7.256,1.454,Medium
Storage,Air,NA,Off-Peak,0.917,72.97,76.431,18.988,19.885,0.956,231.609,92.644,27.793,1.226,High
Compute,Liquid,NA,Peak,0.371,35.543,76.335,7.376,22.545,0.9,82.742,34.628,10.051,1.585,Low
Storage,Liquid,EU,Off-Peak,0.237,26.836,66.929,7.77,19.621,1.0,47.15,12.481,8.359,1.126,High
Storage,Air,NA,Off-Peak,0.872,78.107,78.676,12.328,21.245,0.755,94.753,36.785,12.334,1.691,Low
Edge,Hybrid,EU,Night,0.316,27.521,55.567,25.205,22.314,0.968,42.529,13.625,6.812,1.648,Low
Compute,Air,APAC,Off-Peak,0.859,66.96,56.163,22.512,30.262,0.939,68.3,40.587,5.361,1.639,Low
Storage,Air,NA,Off-Peak,0.367,39.515,77.965,13.93,19.133,0.812,55.346,19.773,7.035,1.524,Medium
Compute,Liquid,NA,Peak,0.94,78.335,78.351,32.061,21.561,0.943,79.708,32.193,8.896,1.393,High
Edge,Air,EU,Off-Peak,0.297,22.245,71.824,9.223,22.882,0.909,37.986,11.127,7.539,1.598,Low
Compute,Air,NA,Off-Peak,0.163,16.374,86.085,32.249,23.272,0.967,69.142,25.118,7.961,1.396,High
Edge,Air,EU,Peak,0.943,67.875,69.469,32.565,24.129,0.844,72.395,21.381,12.76,1.771,Low
Edge,Hybrid,EU,Peak,0.249,35.988,67.424,7.058,24.926,0.726,50.987,13.29,8.621,1.333,Medium
Compute,Liquid,NA,Off-Peak,0.95,84.203,79.731,11.112,19.515,0.903,86.516,32.711,9.518,1.413,Medium
GPU,Air,NA,Night,0.842,64.567,81.472,14.312,16.896,0.883,152.842,63.046,17.87,1.219,High
Edge,Air,APAC,Peak,0.174,21.16,70.991,18.035,24.863,0.863,62.672,38.291,4.613,1.336,High
Compute,Hybrid,NA,Off-Peak,0.501,46.816,44.3,21.723,21.9,0.817,70.744,28.441,9.341,1.501,Medium
Storage,Liquid,EU,Off-Peak,0.166,18.937,58.16,9.653,22.864,0.925,59.9,16.288,11.21,1.363,High
Storage,Air,ME,Off-Peak,0.397,31.124,52.818,24.134,21.817,0.815,92.648,48.673,4.596,1.301,High
Compute,Air,APAC,Night,0.416,45.156,51.84,34.347,21.511,0.848,108.11,68.569,8.581,1.667,Low
Compute,Air,NA,Off-Peak,0.64,45.93,81.947,10.748,20.392,0.94,68.843,26.619,7.954,1.325,High
Compute,Liquid,EU,Night,0.978,73.668,86.834,16.624,21.235,1.0,89.454,25.648,16.747,1.152,High
Compute,Hybrid,APAC,Off-Peak,0.253,28.381,49.091,7.276,21.365,0.897,82.32,48.433,7.172,1.537,Medium
Storage,Air,EU,Peak,0.396,51.621,60.556,11.456,30.011,0.773,105.195,24.559,18.631,1.802,Low
Compute,Air,APAC,Off-Peak,0.628,47.701,88.067,11.219,22.465,0.847,91.557,57.729,7.506,1.659,Low
GPU,Hybrid,EU,Night,0.254,34.934,59.067,7.328,18.572,0.896,97.109,24.555,18.432,1.6,Low
GPU,Liquid,NA,Night,0.74,61.324,74.671,13.633,17.635,0.948,89.973,34.405,10.632,1.481,Medium
Compute,Liquid,EU,Peak,0.463,33.963,76.669,9.35,22.717,1.0,71.539,17.135,12.603,1.517,Medium
Storage,Air,EU,Peak,0.955,79.615,84.418,21.347,29.771,0.833,75.166,17.61,13.57,1.625,Low
Storage,Liquid,EU,Off-Peak,0.667,48.427,56.347,11.194,23.433,0.926,69.445,20.834,12.526,1.317,High
Edge,Liquid,NA,Off-Peak,0.427,34.121,98.0,18.289,16.66,0.958,54.858,22.698,6.844,1.476,Medium
Compute,Air,NA,Peak,0.748,57.553,82.862,10.622,24.178,0.796,91.97,33.889,10.312,1.268,High
Compute,Hybrid,ME,Peak,0.855,68.604,80.558,20.677,15.596,0.587,105.654,53.385,5.931,1.434,Low
Edge,Hybrid,NA,Off-Peak,0.82,70.838,86.904,41.774,17.792,0.907,69.786,29.288,8.308,1.143,High
Edge,Liquid,NA,Off-Peak,0.336,24.596,67.593,11.542,19.012,0.824,39.966,16.916,4.944,1.359,High
GPU,Liquid,APAC,Night,0.475,45.1,63.515,14.317,22.725,1.0,111.016,68.57,8.341,1.354,High
GPU,Air,EU,Night,0.507,41.398,53.984,15.302,16.443,0.817,113.009,24.031,21.022,1.567,Low
Compute,Air,NA,Peak,0.45,34.838,45.994,12.727,28.714,0.852,76.368,32.111,9.666,1.715,Low
Storage,Air,EU,Night,0.38,31.337,45.37,9.683,35.479,0.885,106.966,28.413,18.883,1.331,High
Compute,Liquid,EU,Off-Peak,0.777,65.396,81.323,24.805,35.138,1.0,86.164,20.28,15.129,1.109,High
Compute,Air,EU,Night,0.111,21.057,79.921,4.442,20.52,0.903,68.068,17.583,12.089,1.36,High
GPU,Hybrid,ME,Peak,0.364,41.356,48.106,12.216,24.436,0.874,121.612,63.901,5.752,1.367,High
Compute,Air,NA,Peak,0.227,22.363,52.717,4.296,22.652,0.659,74.673,28.661,8.772,1.318,Medium
Storage,Liquid,EU,Off-Peak,0.216,18.109,56.82,6.264,15.0,0.961,63.413,16.108,11.04,1.05,High
Edge,Liquid,NA,Night,0.349,30.054,84.512,22.443,18.486,0.875,48.703,20.246,6.41,1.298,High
Compute,Liquid,NA,Night,0.786,63.672,75.722,36.934,20.564,0.986,78.818,34.307,9.635,1.38,High
Edge,Hybrid,APAC,Off-Peak,0.972,79.094,84.915,11.621,22.114,0.901,78.351,44.886,6.263,1.47,Medium
Edge,Hybrid,NA,Peak,0.563,48.826,87.251,24.427,27.331,0.742,49.209,20.333,6.252,1.248,High
Storage,Air,EU,Off-Peak,0.405,30.881,52.531,6.502,19.894,0.834,65.109,15.811,12.708,1.577,Low
Compute,Air,NA,Night,0.846,68.058,81.25,14.621,23.256,0.966,84.545,32.147,10.084,1.388,High
Compute,Air,NA,Off-Peak,0.16,15.115,64.197,6.157,22.128,0.814,77.971,29.815,9.444,1.534,Low
Storage,Liquid,EU,Off-Peak,0.184,27.053,62.901,15.189,25.088,0.884,66.036,18.157,11.88,1.444,Medium
Compute,Air,EU,Peak,0.411,33.332,56.095,8.472,20.758,0.775,71.033,18.459,12.735,1.569,Low
Compute,Liquid,NA,Off-Peak,0.504,43.045,80.544,11.319,19.736,0.885,72.973,28.834,9.65,1.519,Medium
Edge,Air,ME,Off-Peak,0.818,64.442,71.622,16.672,21.387,0.8,68.567,37.658,4.105,1.555,Low
Compute,Liquid,NA,Night,0.933,67.591,80.376,14.18,15.0,0.86,76.146,30.895,8.985,1.58,Low
GPU,Liquid,NA,Off-Peak,0.578,51.251,85.302,39.988,22.836,1.0,111.012,47.597,13.698,1.411,High
Compute,Liquid,NA,Off-Peak,0.546,39.959,38.429,16.804,15.0,0.78,63.806,27.873,7.825,1.381,Medium
Storage,Liquid,NA,Night,0.292,28.93,47.153,11.64,15.195,0.905,53.316,22.803,6.015,1.349,High
Edge,Air,NA,Peak,0.506,50.651,56.825,15.038,24.374,0.896,57.263,22.289,7.015,1.64,Low
Compute,Air,APAC,Peak,0.931,71.088,68.562,16.823,23.622,0.973,88.254,54.215,5.906,1.411,High
Compute,Liquid,EU,Off-Peak,0.454,44.615,58.915,7.745,20.212,1.0,87.857,26.584,16.302,2.449,Medium
Storage,Air,NA,Peak,0.29,32.791,66.639,23.518,24.513,0.942,55.924,17.48,6.994,1.433,Medium
GPU,Hybrid,ME,Peak,0.404,39.509,58.961,30.19,21.539,0.814,123.155,60.53,6.169,1.523,Medium
Storage,Hybrid,NA,Night,0.563,51.644,66.685,17.496,21.917,0.816,65.887,29.545,7.511,1.461,Medium
Compute,Hybrid,NA,Off-Peak,0.639,47.434,93.749,18.536,20.733,0.968,72.937,28.271,9.079,1.431,High
Compute,Air,NA,Peak,0.489,37.938,62.881,16.147,26.552,0.681,58.815,23.331,7.664,1.774,Low
Edge,Liquid,NA,Peak,0.783,58.245,54.697,27.419,16.501,1.0,61.262,26.601,7.566,1.444,High
Edge,Air,EU,Peak,0.626,55.647,77.564,12.027,23.165,0.871,60.448,12.377,11.481,1.379,High
Storage,Air,NA,Off-Peak,0.699,52.517,72.321,14.112,21.916,0.781,58.466,23.595,6.331,1.608,Low
GPU,Air,EU,Peak,0.877,74.326,98.0,19.365,28.943,0.824,127.469,31.986,22.257,1.539,Low
Storage,Air,EU,Night,0.879,66.022,65.058,13.941,23.176,0.791,100.778,25.942,18.078,1.597,Low
Storage,Air,APAC,Off-Peak,0.283,22.474,69.684,20.584,16.967,0.735,70.764,42.358,6.34,1.388,Medium
Compute,Air,APAC,Peak,0.661,53.709,69.575,18.623,26.618,0.71,64.591,37.225,5.363,1.436,Medium
Storage,Hybrid,NA,Peak,0.745,58.465,83.204,12.609,28.841,0.972,75.426,29.939,8.535,1.563,Medium
Storage,Air,NA,Off-Peak,0.231,34.348,53.68,10.514,24.819,0.7,56.362,22.532,6.959,1.325,Medium
Compute,Hybrid,EU,Peak,0.858,72.876,96.159,34.463,19.842,0.763,98.516,23.366,18.366,1.377,Medium
Storage,Air,NA,Off-Peak,0.262,30.028,53.41,17.361,22.34,0.866,42.266,17.338,4.41,1.464,Medium
GPU,Air,NA,Night,0.819,60.335,98.0,12.876,22.512,0.797,116.666,43.571,13.729,1.496,Medium
Storage,Liquid,EU,Peak,0.245,26.511,46.765,16.569,18.53,0.93,58.156,14.776,10.635,1.1,High
Storage,Liquid,NA,Peak,0.768,58.124,57.199,8.585,21.558,0.982,91.536,36.478,10.516,1.358,High
Edge,Air,APAC,Night,0.233,24.096,33.338,5.328,24.947,0.818,48.296,27.417,2.831,1.418,Medium
Compute,Air,NA,Peak,0.441,46.586,98.0,9.37,26.621,0.69,94.079,36.587,11.6,1.635,Low
Storage,Air,ME,Peak,0.229,24.317,68.37,13.688,23.395,0.917,61.56,31.357,3.79,1.388,High
GPU,Air,APAC,Peak,0.344,41.938,78.006,8.235,29.437,0.939,90.032,55.151,7.916,1.606,Low
Storage,Liquid,NA,Night,0.986,72.89,68.46,34.223,15.0,0.763,95.424,34.25,11.685,1.427,Medium
Compute,Liquid,EU,Night,0.197,29.315,53.137,7.971,18.021,0.859,58.822,17.26,10.207,1.464,Medium
Compute,Air,EU,Peak,0.466,39.13,90.538,8.884,20.23,0.816,79.45,21.706,14.443,1.553,Low
GPU,Hybrid,EU,Off-Peak,0.709,60.739,79.26,8.83,17.494,0.851,98.704,26.367,17.596,1.436,Medium
Storage,Air,EU,Peak,0.185,21.544,95.782,10.022,22.85,0.937,86.031,19.538,15.523,1.384,High
GPU,Liquid,EU,Off-Peak,0.198,23.551,96.128,25.775,20.931,0.949,104.971,27.385,18.173,1.351,High
Storage,Liquid,NA,Peak,0.229,17.931,64.791,14.72,22.205,0.935,58.847,20.699,6.549,1.372,High
Storage,Hybrid,NA,Peak,0.68,54.532,85.781,10.202,22.507,0.86,63.847,25.869,7.098,1.479,Medium
GPU,Air,ME,Night,0.918,65.923,45.073,41.327,24.117,0.956,106.087,53.833,5.494,1.511,Medium
Storage,Liquid,NA,Peak,0.843,67.549,78.587,12.518,21.131,0.708,63.325,25.409,8.12,1.372,Medium
Compute,Air,NA,Peak,0.985,73.279,67.45,19.154,27.684,0.589,88.955,37.117,9.862,1.42,Medium
Storage,Liquid,NA,Night,0.62,47.621,69.26,6.903,20.762,1.0,64.004,26.427,6.846,1.553,Medium
GPU,Air,APAC,Off-Peak,0.965,75.371,74.501,29.121,20.872,0.819,112.337,69.737,8.904,1.309,High
Compute,Air,EU,Off-Peak,0.374,29.02,62.296,15.215,21.033,0.918,80.192,23.227,14.101,1.178,High
Compute,Hybrid,APAC,Night,0.479,36.706,89.702,25.008,15.0,0.949,85.231,51.143,7.094,1.43,Medium
Compute,Air,APAC,Off-Peak,0.456,41.183,67.01,20.448,22.872,0.882,54.823,34.586,5.023,1.275,High
Edge,Hybrid,APAC,Peak,0.143,21.978,42.127,2.786,27.319,0.982,55.361,30.867,4.08,1.48,Medium
Compute,Hybrid,EU,Peak,0.847,63.977,74.916,12.676,24.262,0.869,83.469,21.948,16.208,1.51,Medium
Storage,Liquid,NA,Peak,0.122,17.34,52.822,7.796,22.119,1.0,48.288,21.304,6.671,1.709,Low
Storage,Air,NA,Peak,0.757,58.527,87.219,51.825,28.015,0.888,57.693,23.333,7.096,1.593,Low
Storage,Air,EU,Off-Peak,0.466,41.386,56.655,19.054,27.711,0.922,58.594,15.176,10.671,1.617,Low
Storage,Hybrid,NA,Peak,0.106,11.363,68.399,23.553,24.552,0.683,61.952,22.766,7.347,1.621,Low
Compute,Air,EU,Off-Peak,0.361,39.513,67.656,14.674,25.106,0.739,80.997,20.071,14.183,1.339,Medium
Storage,Liquid,EU,Peak,0.412,1.165,70.863,17.212,20.906,0.795,116.558,27.073,21.694,1.47,Medium
GPU,Liquid,EU,Peak,0.968,82.82,57.841,24.05,22.149,1.0,154.512,37.636,28.279,1.519,Medium
GPU,Hybrid,NA,Off-Peak,0.695,58.797,63.343,9.219,23.947,0.956,111.636,44.178,12.54,1.355,High
Compute,Liquid,NA,Peak,0.589,44.548,74.212,7.275,19.463,0.821,89.431,35.621,10.803,1.396,Medium
GPU,Liquid,APAC,Peak,0.214,15.996,48.696,5.881,20.904,0.98,112.146,65.398,8.142,1.227,High
Storage,Air,NA,Night,0.452,45.477,77.982,7.525,19.179,0.809,66.863,28.085,7.357,1.632,Low
GPU,Air,EU,Off-Peak,0.132,20.254,58.643,15.842,25.048,0.717,90.406,23.319,16.557,1.666,Low
Storage,Air,EU,Off-Peak,0.786,63.552,91.015,18.665,22.636,0.684,78.579,21.582,14.154,1.801,Low
Storage,Hybrid,ME,Off-Peak,0.246,22.46,42.738,17.268,22.148,0.81,41.412,19.855,1.611,1.285,High
Edge,Liquid,APAC,Off-Peak,0.635,61.244,89.611,14.968,15.0,0.964,54.881,32.754,4.961,2.288,High
GPU,Liquid,EU,Peak,0.729,54.072,68.223,12.66,16.566,1.0,120.859,26.028,21.669,1.366,High
Storage,Liquid,EU,Peak,0.43,45.822,64.778,5.652,23.539,0.811,47.859,15.718,7.935,1.857,Low
Compute,Liquid,NA,Off-Peak,0.669,61.244,67.665,20.297,16.504,1.0,77.11,31.408,9.066,1.261,High
Compute,Air,NA,Peak,0.788,62.205,80.38,19.662,22.054,0.841,65.906,28.687,8.622,1.458,Medium
Compute,Air,APAC,Peak,0.266,20.749,31.763,22.372,22.393,0.9,66.427,40.777,5.769,1.28,High
Compute,Air,EU,Peak,0.641,50.113,64.578,10.392,25.601,0.766,76.331,22.306,13.158,1.615,Low
Compute,Liquid,EU,Peak,0.76,65.513,46.576,13.219,19.577,0.962,89.201,23.548,16.393,1.492,Medium
GPU,Air,NA,Night,0.421,40.576,60.724,31.6,19.675,0.84,94.174,33.163,10.582,1.613,Low
Compute,Liquid,APAC,Peak,0.246,32.168,59.589,15.413,19.082,0.834,56.879,29.598,4.667,1.394,Medium
Storage,Liquid,NA,Peak,0.358,39.099,74.186,8.481,23.213,0.759,63.443,27.385,7.77,1.406,Medium
Compute,Air,APAC,Off-Peak,0.94,74.335,94.091,11.804,21.719,0.825,80.05,49.497,5.878,1.481,Medium
Compute,Air,EU,Off-Peak,0.422,40.116,59.238,18.909,22.03,0.848,65.963,17.546,11.779,1.476,Medium
Compute,Air,NA,Off-Peak,0.197,23.741,32.743,10.668,20.677,0.836,49.894,20.82,6.037,1.663,Low
Compute,Air,NA,Off-Peak,0.174,16.822,57.885,8.781,24.3,0.907,86.586,38.179,9.854,1.729,Low
GPU,Liquid,NA,Off-Peak,0.262,27.013,33.366,5.383,24.281,0.866,131.18,51.777,15.399,1.432,Medium
GPU,Air,APAC,Off-Peak,0.215,20.315,30.404,15.225,24.824,0.853,83.895,50.143,7.007,1.791,Low
Compute,Hybrid,APAC,Peak,0.546,44.958,56.058,12.022,24.835,0.696,70.155,42.519,5.438,1.821,Low
Storage,Liquid,EU,Peak,0.413,45.766,37.903,15.126,23.933,1.0,74.305,17.591,13.408,1.425,High
Storage,Air,EU,Night,0.857,73.863,55.017,11.703,19.705,0.88,111.17,29.334,19.856,1.571,Low
GPU,Liquid,EU,Peak,0.893,74.681,80.674,9.485,20.512,0.84,106.072,27.144,19.182,1.302,High
GPU,Liquid,EU,Peak,0.526,45.152,55.269,10.164,15.464,0.836,100.96,22.399,17.821,1.18,High
Storage,Liquid,EU,Peak,0.9,76.608,85.691,15.06,22.526,0.908,91.784,22.297,16.265,2.386,Low
Storage,Air,NA,Peak,0.505,37.975,76.85,9.757,24.994,0.737,51.845,22.673,6.111,1.604,Low
GPU,Air,APAC,Peak,0.678,50.147,71.283,8.651,23.111,0.79,123.935,73.488,10.567,1.534,Low
Compute,Air,APAC,Peak,0.246,26.382,53.0,9.517,25.529,0.917,70.05,45.828,5.0,1.516,Medium
Storage,Air,NA,Peak,0.147,20.112,62.807,4.468,30.448,0.695,84.462,36.565,10.469,1.581,Low
Edge,Liquid,APAC,Peak,0.244,17.971,86.969,14.706,21.128,0.87,37.009,19.504,2.086,1.254,High
GPU,Liquid,EU,Peak,0.327,26.056,67.508,11.83,21.593,0.867,94.422,23.462,16.18,1.299,High
Storage,Hybrid,NA,Off-Peak,0.776,71.997,69.138,25.377,26.438,0.831,76.552,29.649,8.649,1.705,Low
Storage,Air,NA,Off-Peak,0.256,23.368,59.094,15.589,26.528,0.714,55.076,22.513,7.115,2.326,Low
Compute,Air,EU,Off-Peak,0.218,22.429,60.978,16.204,25.674,0.896,66.359,15.328,11.819,1.769,Low
Storage,Liquid,APAC,Night,0.935,66.872,75.265,22.789,22.548,0.988,68.317,40.627,5.936,1.186,High
Storage,Air,APAC,Off-Peak,0.72,53.652,74.819,20.141,20.362,0.695,70.044,44.553,5.625,1.488,Low
Storage,Air,EU,Off-Peak,0.526,56.618,41.9,9.246,29.163,0.748,83.57,24.81,14.671,1.794,Low
GPU,Liquid,NA,Peak,0.185,22.081,77.714,7.409,24.009,0.931,85.997,34.531,10.029,1.398,High
GPU,Air,NA,Night,0.867,63.141,71.626,35.548,24.756,0.839,149.143,57.463,17.083,1.521,Medium
Compute,Liquid,NA,Night,0.197,16.86,76.241,18.685,19.0,1.0,58.067,22.913,6.883,1.351,High
Storage,Air,APAC,Peak,0.65,53.582,32.287,14.996,22.579,0.939,77.708,48.614,6.305,1.35,High
Storage,Liquid,ME,Off-Peak,0.701,52.713,41.33,29.222,15.0,0.864,59.558,30.908,3.793,1.22,High
Storage,Hybrid,NA,Off-Peak,0.46,45.456,81.655,24.864,22.192,0.803,42.801,15.535,5.092,1.592,Low
Compute,Air,APAC,Peak,0.92,80.555,73.321,15.946,23.21,0.875,102.708,59.628,7.228,1.305,High
Storage,Hybrid,EU,Off-Peak,0.146,25.513,49.962,5.788,18.869,0.751,69.753,18.96,13.255,1.428,Medium
GPU,Liquid,NA,Peak,0.836,70.487,62.974,10.668,19.765,1.0,127.331,52.308,15.49,1.319,High
Storage,Hybrid,EU,Peak,0.598,45.696,66.84,6.92,15.421,0.779,99.015,24.373,18.783,1.47,Medium
Edge,Air,APAC,Peak,0.65,46.812,98.0,16.723,21.975,0.822,73.385,39.65,6.53,1.637,Low
Edge,Liquid,NA,Off-Peak,0.988,77.894,32.192,21.213,15.0,0.978,80.3,32.437,10.007,1.27,High
Compute,Air,APAC,Off-Peak,0.624,50.964,50.547,7.97,19.363,0.934,82.911,48.66,5.774,1.23,High
Compute,Liquid,NA,Night,0.817,70.175,55.616,12.347,15.0,0.933,123.91,50.908,14.472,1.123,High
Edge,Liquid,NA,Off-Peak,0.238,26.46,78.359,16.243,18.553,0.944,55.44,25.38,6.427,1.449,Medium
Edge,Air,NA,Peak,0.828,77.932,92.208,12.839,26.52,0.842,84.745,33.198,10.255,1.441,Medium
Compute,Hybrid,APAC,Peak,0.785,66.041,67.907,23.019,28.508,0.923,109.586,60.887,8.243,1.392,High
Compute,Air,EU,Night,0.971,74.58,86.281,20.119,16.915,0.815,88.408,21.035,15.525,1.07,High
Compute,Air,APAC,Off-Peak,0.942,67.894,65.406,12.407,26.505,0.956,92.623,58.784,6.989,1.546,Medium
Edge,Liquid,EU,Off-Peak,0.293,24.386,80.128,10.634,17.861,0.893,53.052,15.285,9.329,1.254,High
Compute,Liquid,EU,Peak,0.518,42.614,71.61,7.208,15.0,0.949,66.517,15.084,11.98,1.084,High
Storage,Air,APAC,Off-Peak,0.92,67.303,69.26,13.782,20.084,0.845,117.344,69.771,8.886,1.468,Medium
GPU,Air,EU,Peak,0.677,50.617,32.1,16.905,27.209,0.854,103.426,24.922,18.751,1.7,Low
Compute,Hybrid,APAC,Peak,0.517,48.008,59.91,29.383,23.373,0.917,92.862,51.419,7.38,1.476,Medium
Storage,Liquid,NA,Off-Peak,0.198,17.413,53.372,11.844,15.0,0.97,45.114,16.549,5.679,1.104,High
Compute,Air,EU,Off-Peak,0.417,37.936,62.766,10.369,24.044,0.904,77.029,18.102,14.193,1.28,High
GPU,Air,APAC,Peak,0.699,59.55,70.348,18.224,21.718,0.869,113.2,68.513,9.076,1.288,High
Compute,Hybrid,APAC,Night,0.799,64.801,65.094,14.802,17.281,0.9,90.359,53.596,6.703,1.546,Medium
Storage,Liquid,NA,Off-Peak,0.502,39.79,57.989,11.042,18.091,1.0,71.166,26.106,7.915,1.512,Medium
Storage,Hybrid,EU,Peak,0.15,13.769,71.925,11.242,23.246,0.656,42.277,11.466,7.97,1.521,Low
Compute,Air,EU,Night,0.67,53.953,44.342,15.57,22.957,0.934,103.647,28.871,18.628,1.557,Medium
Compute,Liquid,NA,Peak,0.929,72.423,59.612,43.175,21.922,0.989,68.456,25.67,8.43,1.652,Low
Storage,Liquid,NA,Night,0.547,56.249,59.199,9.757,19.955,0.892,88.638,36.1,9.842,1.397,High
Compute,Air,NA,Night,0.936,74.015,59.856,11.29,22.308,0.933,93.88,35.129,10.693,1.413,High
GPU,Liquid,APAC,Peak,0.419,37.042,69.816,11.326,21.646,1.0,124.761,73.363,10.746,1.412,High
GPU,Liquid,APAC,Off-Peak,0.898,70.357,59.057,12.384,17.858,0.89,111.535,66.667,9.787,1.432,Medium
Storage,Air,NA,Peak,0.808,71.264,63.726,17.976,22.775,0.843,119.336,44.093,14.956,1.496,Medium
Storage,Hybrid,APAC,Peak,0.966,69.43,86.722,21.557,26.614,0.907,66.409,38.09,5.11,1.644,Low
Storage,Hybrid,NA,Off-Peak,0.812,64.195,82.993,13.091,19.264,0.875,58.87,26.411,6.656,1.311,High
GPU,Hybrid,EU,Peak,0.389,34.379,60.255,13.603,28.263,0.817,96.308,22.947,17.035,1.596,Low
Storage,Hybrid,APAC,Peak,0.911,75.032,72.024,31.764,25.91,0.852,79.493,47.386,5.114,1.752,Low
Compute,Air,APAC,Off-Peak,0.703,54.088,58.871,34.832,26.239,0.634,95.734,55.559,7.776,1.665,Low
Compute,Air,NA,Off-Peak,0.246,34.798,74.009,9.514,20.845,0.856,81.272,36.194,10.469,1.239,High
Storage,Hybrid,APAC,Off-Peak,0.141,25.101,58.028,6.262,23.914,0.953,41.345,24.185,2.928,1.265,High
Storage,Air,EU,Off-Peak,0.429,32.323,73.074,10.339,28.706,0.74,67.598,19.622,12.063,1.802,Low
Storage,Air,APAC,Off-Peak,0.808,58.777,72.736,13.777,26.429,0.832,65.796,40.04,4.844,1.565,Low
Compute,Liquid,EU,Night,0.656,47.255,67.078,11.592,23.609,0.798,80.667,21.315,14.509,2.473,Medium
GPU,Air,APAC,Peak,0.574,45.19,36.367,13.202,26.622,0.886,108.665,64.84,7.865,1.66,Low
Compute,Liquid,NA,Off-Peak,0.103,15.718,39.852,24.239,23.18,1.0,69.95,28.057,8.608,1.397,High
Compute,Air,EU,Peak,0.492,47.155,59.709,8.303,26.792,0.889,79.106,19.212,14.997,1.997,Low
Storage,Air,EU,Night,0.242,21.012,33.228,26.949,16.83,0.939,87.921,19.945,15.012,1.248,High
Compute,Hybrid,EU,Off-Peak,0.509,51.497,53.066,20.845,24.611,0.876,101.951,27.918,18.028,1.644,Low
Storage,Liquid,EU,Night,0.993,73.67,77.809,14.972,15.0,1.0,108.759,28.254,19.236,1.232,High
Compute,Liquid,ME,Off-Peak,0.892,70.327,51.263,21.004,15.0,0.877,91.697,46.176,4.848,1.426,Medium
Storage,Liquid,APAC,Off-Peak,0.38,46.513,75.158,9.742,18.01,0.923,53.333,32.759,4.359,1.353,High
Storage,Hybrid,NA,Off-Peak,0.634,50.301,94.602,11.142,22.261,0.806,59.814,25.878,6.413,1.245,High
Compute,Liquid,APAC,Off-Peak,0.552,55.56,67.71,17.104,17.376,0.808,80.878,51.902,7.32,1.109,High
Compute,Liquid,NA,Off-Peak,0.217,24.053,52.473,5.424,22.494,1.0,71.917,28.773,8.871,1.498,Medium
GPU,Hybrid,EU,Peak,0.991,84.177,86.236,20.065,20.354,0.716,125.447,33.039,22.762,1.391,Medium
Storage,Air,APAC,Night,0.483,35.893,73.706,9.442,22.261,0.814,52.485,28.403,3.467,1.429,Medium
Storage,Hybrid,NA,Off-Peak,0.555,53.411,57.169,22.1,20.617,0.85,80.301,29.811,9.159,1.579,Low
Compute,Air,APAC,Night,0.683,53.983,60.329,26.685,20.654,0.953,66.278,36.728,5.546,1.605,Low
Storage,Liquid,APAC,Off-Peak,0.272,33.308,53.504,15.829,20.447,1.0,67.803,42.217,5.746,1.338,High
Storage,Air,EU,Peak,0.3,23.491,75.471,12.046,27.482,0.681,61.14,15.57,10.842,1.798,Low
Storage,Liquid,NA,Off-Peak,0.273,28.939,46.446,14.61,19.879,0.841,65.668,28.138,7.728,1.29,High
GPU,Liquid,EU,Peak,0.446,40.934,70.331,16.816,23.68,1.0,122.295,32.18,21.135,1.512,Medium
Compute,Hybrid,ME,Night,0.28,20.929,60.884,20.42,20.265,0.871,65.671,33.405,3.644,1.363,High
Compute,Hybrid,NA,Off-Peak,0.934,71.674,80.867,18.89,27.549,0.93,83.809,31.694,10.738,1.429,Medium
GPU,Hybrid,EU,Peak,0.743,55.419,61.465,16.416,17.133,0.795,114.181,29.923,20.736,1.363,Medium
Edge,Air,NA,Off-Peak,0.908,73.432,67.066,19.647,15.0,0.862,71.042,26.67,8.09,1.361,High
Compute,Hybrid,NA,Off-Peak,0.864,74.452,82.074,14.978,22.348,0.883,94.236,37.537,11.244,1.33,High
Storage,Air,APAC,Off-Peak,0.733,61.015,49.168,12.678,18.781,0.792,85.526,52.536,6.913,1.364,Medium
Compute,Hybrid,NA,Off-Peak,0.318,32.686,47.286,3.893,21.502,0.775,60.24,26.089,7.51,1.444,Medium
Compute,Air,ME,Peak,0.654,53.355,28.108,19.872,25.709,0.603,101.212,48.752,5.082,1.804,Low
Compute,Liquid,EU,Peak,0.268,26.19,82.092,7.816,16.144,1.0,71.139,18.019,11.83,1.13,High
Compute,Hybrid,EU,Off-Peak,0.219,23.134,57.48,7.93,22.362,0.832,90.909,20.963,16.167,1.097,High
GPU,Hybrid,NA,Peak,0.669,50.576,65.45,12.767,24.941,0.78,106.286,41.051,12.055,1.451,Medium
Storage,Liquid,ME,Off-Peak,0.662,53.785,79.251,9.546,17.474,1.0,56.749,28.061,3.185,1.229,High
Compute,Liquid,NA,Off-Peak,0.241,34.623,54.371,7.578,23.025,1.0,62.701,25.245,7.7,1.83,Low
Compute,Air,EU,Night,0.417,34.083,51.851,9.531,16.338,0.811,61.146,16.606,10.661,1.519,Medium
GPU,Liquid,NA,Night,0.16,26.032,57.384,10.166,16.122,0.77,130.526,52.108,15.119,1.368,Medium
Compute,Liquid,EU,Off-Peak,0.744,61.501,83.401,11.298,21.57,1.0,85.722,23.407,15.43,1.525,Medium
Storage,Air,EU,Off-Peak,0.989,78.62,73.82,30.944,25.809,0.759,87.036,22.482,15.749,1.428,Medium
Compute,Air,EU,Off-Peak,0.766,62.402,71.891,14.43,24.891,0.927,109.475,29.343,20.249,1.511,Medium
Storage,Air,NA,Peak,0.86,69.057,63.471,30.307,24.012,0.854,74.316,31.829,8.707,1.585,Low
Compute,Liquid,EU,Peak,0.529,42.343,63.773,23.445,15.0,1.0,84.237,22.113,15.191,1.306,High
Compute,Air,APAC,Off-Peak,0.186,23.399,75.981,13.055,20.593,0.986,75.448,45.705,5.831,2.292,High
Compute,Air,EU,Night,0.754,59.429,55.385,30.459,22.854,0.966,78.547,18.372,13.834,1.279,High
Compute,Air,NA,Peak,0.331,28.688,53.635,9.878,28.902,0.668,72.484,27.984,9.406,1.723,Low
Storage,Liquid,NA,Off-Peak,0.449,37.373,88.767,7.406,22.365,0.784,54.901,20.459,6.339,2.349,Low
Storage,Liquid,NA,Off-Peak,0.733,61.385,71.531,14.14,23.691,0.885,72.361,28.766,9.217,1.295,High
Compute,Liquid,NA,Night,0.914,74.028,50.799,19.027,23.019,0.991,81.674,35.232,8.995,1.209,High
Compute,Liquid,NA,Peak,0.538,51.823,97.649,23.117,21.201,0.944,101.887,38.805,12.552,1.05,High
Storage,Air,EU,Peak,0.965,76.217,59.128,16.575,25.734,0.835,65.551,14.955,11.751,1.443,Medium
Storage,Air,NA,Night,0.568,44.816,25.904,7.777,19.725,0.817,66.072,25.579,8.853,1.646,Low
Edge,Hybrid,EU,Peak,0.21,23.933,49.889,19.724,21.024,0.98,34.889,11.303,6.757,1.327,High
Storage,Air,ME,Off-Peak,0.567,43.257,50.027,20.371,20.343,0.939,61.816,34.75,2.819,1.274,High
Storage,Air,ME,Off-Peak,0.875,75.695,83.267,20.637,20.967,0.876,102.126,54.07,5.029,1.412,Medium
Storage,Liquid,APAC,Peak,0.584,45.248,87.572,21.559,21.192,0.977,69.666,44.048,4.887,1.487,Medium
Edge,Air,NA,Off-Peak,0.773,60.439,69.561,11.513,26.365,0.895,67.616,24.87,8.097,1.613,Low
GPU,Hybrid,NA,Night,0.593,49.604,73.492,12.735,19.956,0.865,125.987,49.84,14.558,1.454,Medium
Compute,Air,APAC,Peak,0.591,49.798,68.31,16.923,24.957,0.832,82.276,46.636,5.872,1.692,Low
Compute,Liquid,NA,Peak,0.356,37.552,81.508,8.278,20.818,0.838,78.619,30.086,9.323,1.549,Low
Compute,Air,NA,Off-Peak,0.281,28.816,56.262,6.719,21.329,0.66,47.43,20.118,5.157,1.282,High
Storage,Air,EU,Off-Peak,0.351,30.71,38.408,12.782,21.926,0.843,58.891,14.313,10.248,1.556,Low
GPU,Air,NA,Off-Peak,0.497,39.587,62.286,8.698,18.775,0.918,205.095,82.038,24.611,1.601,Low
Storage,Hybrid,APAC,Night,0.829,72.34,29.264,31.633,18.414,0.775,90.18,57.986,7.462,1.649,Low
Compute,Hybrid,APAC,Night,0.846,67.11,61.05,21.701,18.443,0.717,93.945,57.613,7.954,1.46,Medium
GPU,Air,APAC,Peak,0.247,28.67,48.571,15.189,23.2,0.897,99.42,57.638,8.964,1.483,Medium
GPU,Hybrid,APAC,Peak,0.598,54.764,47.781,6.69,21.883,0.884,119.599,70.665,9.42,1.268,High
Compute,Liquid,NA,Peak,0.474,37.969,79.889,22.075,25.514,0.776,58.971,27.273,7.416,1.732,Low
Storage,Hybrid,APAC,Night,0.614,46.399,62.652,8.432,18.45,0.664,59.114,33.322,3.638,1.552,Low
Storage,Hybrid,NA,Peak,0.683,64.112,75.831,16.222,17.44,0.706,57.41,23.759,7.026,1.461,Medium
GPU,Air,EU,Off-Peak,0.352,25.756,58.785,8.899,24.659,0.607,88.406,23.116,16.19,1.652,Low
GPU,Liquid,NA,Night,0.927,78.609,76.549,21.134,20.527,0.968,113.734,48.766,14.263,1.184,High
Storage,Liquid,APAC,Off-Peak,0.942,79.567,58.618,28.345,24.197,0.941,80.284,49.332,6.468,1.481,Medium
Storage,Air,ME,Peak,0.195,20.663,58.017,6.745,19.718,0.968,33.858,16.476,1.084,1.676,Low
GPU,Air,NA,Off-Peak,0.733,60.065,92.616,16.496,26.313,0.713,140.369,52.349,16.88,1.441,Medium
Storage,Hybrid,NA,Off-Peak,0.13,16.734,38.758,7.382,21.446,0.93,59.9,24.829,6.183,1.529,Medium
Compute,Hybrid,NA,Off-Peak,0.142,10.924,85.71,19.586,24.074,0.96,78.493,30.315,9.699,1.437,Medium
GPU,Liquid,EU,Off-Peak,0.962,75.291,94.42,16.354,15.164,0.777,120.642,30.475,21.877,1.26,High
Compute,Hybrid,NA,Peak,0.725,55.974,65.159,26.134,28.952,0.886,76.797,30.048,8.719,1.965,Low
Compute,Hybrid,APAC,Peak,0.392,33.427,72.309,6.645,20.789,0.772,59.936,37.169,3.971,1.462,Medium
GPU,Air,EU,Off-Peak,0.703,62.583,74.054,19.781,20.854,0.8,120.044,34.393,21.944,1.442,Medium
GPU,Air,EU,Night,0.861,77.512,54.652,18.161,20.68,0.813,111.831,28.813,20.232,1.453,Medium
Storage,Air,APAC,Peak,0.884,76.813,76.665,39.792,27.167,0.781,72.759,44.416,6.941,1.593,Low
Compute,Air,NA,Peak,0.118,19.645,56.231,14.769,24.375,0.686,72.299,29.287,8.423,1.479,Low
Compute,Air,NA,Off-Peak,0.836,66.369,62.827,22.339,26.29,0.878,80.695,31.382,10.403,1.456,Medium
Compute,Liquid,APAC,Off-Peak,0.868,67.46,84.428,37.077,17.829,0.987,72.475,41.128,5.499,1.556,Medium
Compute,Hybrid,APAC,Peak,0.636,50.202,56.498,12.023,22.833,0.812,73.19,41.464,5.388,1.77,Low
GPU,Hybrid,NA,Off-Peak,0.532,39.64,56.835,10.262,17.779,0.712,125.157,48.432,14.447,1.203,High
Compute,Liquid,NA,Night,0.2,18.823,39.035,33.744,16.598,1.0,79.373,29.595,9.048,1.47,Medium
Storage,Hybrid,NA,Off-Peak,0.316,28.295,54.666,23.925,27.737,0.604,109.665,40.292,12.923,1.596,Low
Compute,Liquid,NA,Off-Peak,0.541,0.259,89.418,12.924,21.32,0.829,91.318,35.229,10.636,1.521,Medium
Edge,Hybrid,NA,Night,0.879,66.53,61.252,17.45,28.922,0.919,75.939,28.277,9.553,1.693,Low
Compute,Air,EU,Peak,0.823,71.408,84.824,14.54,29.345,0.826,77.387,18.554,14.086,1.714,Low
Compute,Air,APAC,Off-Peak,0.546,41.169,63.214,11.102,23.997,0.874,62.101,34.661,4.705,1.556,Medium
Compute,Hybrid,NA,Off-Peak,0.807,64.075,72.743,16.843,17.584,0.715,81.474,34.643,10.466,1.485,Low
Storage,Air,EU,Off-Peak,0.789,75.383,44.422,20.268,26.886,0.814,78.043,20.101,13.974,1.49,Medium
Storage,Liquid,NA,Night,0.621,53.162,81.118,10.637,15.0,0.685,77.493,34.163,9.495,2.205,Low
Storage,Air,EU,Peak,0.298,33.31,52.994,11.383,21.705,0.81,49.762,14.021,9.71,1.362,Medium
Storage,Liquid,EU,Peak,0.413,31.811,65.11,16.249,20.469,1.0,56.45,14.61,9.653,1.05,High
Compute,Hybrid,APAC,Night,0.248,26.836,65.327,4.315,16.563,0.926,74.278,45.012,6.045,1.455,Medium
Storage,Air,NA,Peak,0.106,14.461,66.695,11.754,28.756,0.759,43.963,18.422,5.448,1.728,Low
Storage,Hybrid,NA,Peak,0.172,29.146,52.396,7.063,21.127,0.798,52.033,17.231,5.931,1.649,Low
Compute,Air,EU,Off-Peak,0.784,73.85,38.968,11.508,27.052,0.884,95.755,24.146,17.332,1.791,Low
Compute,Air,NA,Night,0.13,17.117,78.712,9.228,21.896,0.856,213.452,85.381,25.614,1.381,High
Compute,Air,NA,Off-Peak,0.46,40.008,86.812,16.79,22.175,0.858,76.451,30.73,8.701,1.321,High
Compute,Liquid,NA,Off-Peak,0.987,72.968,59.643,18.89,18.556,0.977,106.291,43.086,12.865,1.537,Medium
Storage,Air,EU,Off-Peak,0.816,68.356,77.429,14.029,21.519,0.964,90.982,23.559,17.368,1.396,High
Compute,Liquid,NA,Night,0.776,63.381,67.554,27.705,19.238,1.0,107.26,39.435,12.683,1.433,High
Compute,Air,ME,Night,0.347,40.368,83.469,13.022,22.0,0.747,77.84,33.969,4.617,1.598,Low
Compute,Air,EU,Peak,0.678,53.935,64.338,15.39,21.822,0.812,91.539,22.514,16.321,1.861,Low
Edge,Liquid,NA,Night,0.549,39.571,54.366,17.759,15.0,1.0,39.119,14.436,4.484,1.23,High
GPU,Air,EU,Night,0.661,54.254,51.562,18.194,17.851,0.7,138.392,32.631,25.68,1.575,Low
Compute,Air,NA,Off-Peak,0.492,43.848,66.259,8.402,25.332,0.718,78.167,31.021,9.321,1.37,Medium
Compute,Air,EU,Off-Peak,0.578,45.299,65.956,15.292,27.505,0.771,105.304,27.668,19.126,1.617,Low
Compute,Liquid,EU,Off-Peak,0.99,77.042,98.0,13.548,22.58,0.9,74.215,18.621,13.133,1.5,Medium
Storage,Liquid,EU,Off-Peak,0.396,32.807,36.899,6.005,20.273,0.731,70.791,14.976,12.676,1.25,High
Compute,Air,APAC,Off-Peak,0.295,24.139,45.707,11.456,26.762,0.911,59.889,35.612,4.33,1.722,Low
Storage,Air,NA,Peak,0.504,49.024,46.799,14.7,25.693,0.84,70.094,26.631,7.783,1.633,Low
Storage,Air,ME,Peak,0.572,44.548,42.812,18.432,26.519,0.71,71.925,33.671,3.749,2.33,Low
GPU,Air,APAC,Peak,0.177,17.43,42.716,14.82,23.491,0.829,88.784,55.023,6.945,1.652,Low
Compute,Hybrid,NA,Night,0.825,61.086,84.921,14.522,17.51,0.859,122.285,48.891,14.618,1.547,Medium
GPU,Liquid,NA,Off-Peak,0.48,44.031,22.448,12.494,35.929,0.781,94.396,36.958,10.799,1.506,Medium
GPU,Liquid,NA,Off-Peak,0.472,45.08,62.958,12.419,24.081,1.0,123.992,51.159,15.255,1.353,High
Compute,Air,NA,Night,0.693,55.348,92.854,15.758,25.742,0.947,65.247,28.924,8.006,1.673,Low
Compute,Liquid,EU,Off-Peak,0.796,65.984,69.458,20.94,20.79,1.0,85.618,21.437,15.787,1.268,High
Compute,Hybrid,NA,Night,0.987,80.517,64.382,18.945,18.082,0.772,79.601,36.245,9.689,1.656,Low
Compute,Liquid,ME,Peak,0.256,25.488,56.039,9.341,18.171,0.911,59.132,31.573,1.954,1.531,Medium
Compute,Liquid,NA,Off-Peak,0.411,33.777,57.937,10.531,20.488,0.743,78.767,33.035,8.958,1.633,Low
Storage,Liquid,NA,Off-Peak,0.251,24.305,70.724,12.304,27.688,0.83,37.307,14.938,4.152,1.816,Low
Storage,Liquid,NA,Peak,0.893,69.896,65.151,11.972,18.674,0.944,181.017,72.407,21.722,1.299,High
Edge,Air,NA,Peak,0.594,45.6,55.29,26.236,24.267,0.947,54.733,19.701,6.989,1.379,High
Compute,Liquid,APAC,Off-Peak,0.867,71.01,63.432,12.868,21.657,0.999,79.94,45.516,6.95,1.47,Medium
Edge,Air,EU,Off-Peak,0.987,78.885,98.0,11.525,27.961,0.945,67.186,17.733,12.538,1.558,Medium
Compute,Liquid,NA,Off-Peak,0.595,47.669,70.415,9.939,21.213,0.919,61.955,28.407,7.803,1.687,Low
GPU,Hybrid,APAC,Off-Peak,0.206,28.407,85.883,3.45,20.588,0.887,93.267,54.753,7.573,1.636,Low
Compute,Hybrid,APAC,Off-Peak,0.425,43.133,91.29,12.452,18.93,0.909,73.835,39.965,6.35,1.154,High
Compute,Air,APAC,Peak,0.133,21.762,59.787,36.445,28.922,0.818,61.235,35.538,5.099,1.568,Low
GPU,Air,APAC,Night,0.864,75.467,76.796,14.749,17.408,0.872,114.431,68.932,8.735,1.218,High
Compute,Air,EU,Peak,0.116,9.794,57.785,13.813,17.254,0.786,70.308,12.73,12.424,1.451,Medium
Storage,Liquid,EU,Off-Peak,0.633,54.748,81.79,11.414,24.288,0.96,61.764,13.246,11.123,1.47,Medium
Storage,Hybrid,NA,Peak,0.196,18.715,68.028,7.902,25.878,0.868,44.362,20.146,5.804,1.867,Low
Storage,Liquid,NA,Off-Peak,0.107,11.238,65.16,8.842,15.0,1.0,36.515,13.335,4.425,1.577,Medium
Storage,Air,EU,Night,0.331,39.62,60.254,6.271,23.261,0.887,68.648,17.973,11.204,1.438,Medium
GPU,Hybrid,APAC,Night,0.597,50.372,36.758,10.216,17.6,0.852,113.973,68.574,8.484,1.407,Medium
Compute,Hybrid,EU,Peak,0.168,14.079,48.241,18.163,19.008,0.956,67.55,15.099,12.645,1.268,High
Storage,Air,ME,Peak,0.653,49.08,65.621,12.941,25.792,0.833,113.961,54.388,6.601,1.411,Medium
GPU,Liquid,NA,Peak,0.705,52.593,77.842,15.495,18.577,1.0,103.667,39.83,12.397,1.317,High
Compute,Liquid,EU,Peak,0.973,75.947,87.338,11.544,18.861,0.842,107.952,26.919,18.687,1.607,Low
Compute,Liquid,EU,Off-Peak,0.91,75.55,42.475,12.913,15.779,0.927,108.543,25.931,19.367,1.422,Medium
GPU,Hybrid,EU,Off-Peak,0.61,59.17,60.615,12.243,21.65,0.937,114.78,28.111,21.097,1.803,Low
Storage,Air,EU,Off-Peak,0.814,58.126,84.829,12.272,26.346,0.762,75.94,19.75,13.452,1.849,Low
Storage,Liquid,NA,Off-Peak,0.427,35.929,58.334,13.613,16.018,0.961,68.517,25.667,9.122,1.217,High
Compute,Liquid,NA,Peak,0.627,49.057,72.638,10.081,22.363,0.982,66.003,25.912,7.918,1.081,High
Storage,Hybrid,ME,Off-Peak,0.463,43.462,61.406,13.116,22.276,0.94,67.925,34.216,3.426,1.379,High
Compute,Hybrid,NA,Night,0.403,36.205,44.017,25.722,15.198,0.76,69.82,28.779,9.548,1.379,Medium
Storage,Hybrid,EU,Off-Peak,0.755,67.443,68.391,22.431,21.264,0.818,68.824,15.255,12.224,1.797,Low
GPU,Liquid,EU,Night,0.367,36.641,36.491,7.371,19.616,0.876,101.571,27.706,17.597,1.186,High
Compute,Hybrid,NA,Off-Peak,0.442,40.106,83.461,8.541,24.425,0.78,64.611,23.926,7.887,1.839,Low
Storage,Air,APAC,Off-Peak,0.43,35.901,60.135,18.875,22.697,0.888,91.354,51.936,7.253,1.314,High
Edge,Air,APAC,Night,0.883,67.071,78.625,12.366,17.785,0.859,64.179,42.225,5.453,1.375,High
Storage,Air,ME,Off-Peak,0.253,25.514,33.973,10.865,23.504,0.87,95.341,44.648,5.332,1.402,Medium
GPU,Hybrid,NA,Off-Peak,0.443,36.13,56.963,21.518,21.932,0.809,98.644,37.898,11.677,1.787,Low
Storage,Hybrid,EU,Peak,0.899,67.988,63.669,49.637,20.667,0.845,67.608,15.183,11.913,1.253,High
GPU,Air,APAC,Night,0.114,12.505,51.427,6.506,15.747,0.597,83.165,50.619,6.83,1.46,Low
Compute,Air,ME,Peak,0.953,79.996,63.797,22.088,27.407,0.715,111.069,55.972,6.046,1.287,High
Compute,Hybrid,ME,Off-Peak,0.909,73.386,84.926,16.984,21.776,0.9,98.776,49.279,5.612,1.629,Low
Compute,Liquid,APAC,Off-Peak,0.476,42.548,65.175,8.824,15.493,1.0,71.391,41.076,5.792,1.435,High
Storage,Hybrid,NA,Off-Peak,0.688,63.033,70.233,14.417,25.956,0.753,74.038,24.351,8.866,1.437,Medium
GPU,Air,NA,Off-Peak,0.992,91.074,74.526,26.608,24.183,0.867,122.658,54.284,14.751,1.57,Low
Compute,Air,APAC,Off-Peak,0.599,0.882,89.753,32.661,18.183,0.893,79.482,44.472,6.735,1.385,High
Storage,Air,APAC,Peak,0.187,23.042,32.979,16.109,26.735,0.744,54.403,35.509,3.938,1.862,Low
GPU,Air,APAC,Night,0.868,71.596,73.794,12.391,25.107,0.769,107.14,63.077,8.509,1.596,Low
Storage,Air,NA,Off-Peak,0.221,24.54,65.951,6.289,22.116,0.931,74.943,29.294,9.106,1.46,Medium
Compute,Air,EU,Night,0.332,30.13,69.617,10.269,26.597,0.888,63.001,13.267,11.159,1.573,Low
Storage,Air,NA,Peak,0.886,0.914,37.346,23.523,24.615,0.954,69.631,28.025,9.174,1.387,High
Compute,Air,EU,Off-Peak,0.33,30.781,47.316,12.379,26.372,0.799,79.244,21.524,15.427,1.706,Low
Compute,Hybrid,NA,Off-Peak,0.771,56.777,71.995,13.168,15.0,0.861,65.65,24.781,7.34,1.358,High
Edge,Air,ME,Peak,0.503,37.608,75.23,10.588,24.962,0.881,61.426,33.531,4.237,1.525,Medium
Compute,Air,NA,Night,0.784,66.76,33.869,13.708,24.827,0.689,78.54,29.177,10.126,1.577,Low
Compute,Hybrid,EU,Peak,0.309,24.865,52.304,4.411,17.092,0.912,55.235,14.957,10.09,1.369,High
GPU,Liquid,NA,Off-Peak,0.478,51.996,76.68,16.685,23.791,0.973,119.549,45.538,14.362,1.188,High
Compute,Liquid,EU,Off-Peak,0.386,49.412,76.936,19.66,21.991,0.902,82.762,20.035,14.917,1.352,High
Storage,Liquid,EU,Off-Peak,0.324,0.267,72.72,17.92,21.643,0.889,103.999,23.623,18.903,1.65,Low
Compute,Hybrid,ME,Off-Peak,0.383,35.728,66.574,15.138,22.202,0.809,88.563,43.436,5.011,1.227,High
Compute,Hybrid,NA,Peak,0.391,37.477,74.569,13.019,19.915,0.687,65.433,24.237,7.51,1.315,Medium
Compute,Liquid,NA,Off-Peak,0.96,74.749,88.38,13.325,19.57,0.864,184.731,73.892,22.168,1.134,High
Compute,Hybrid,APAC,Peak,0.58,49.067,82.418,15.324,23.73,0.862,81.609,50.408,6.694,1.644,Low
Storage,Liquid,NA,Off-Peak,0.516,39.604,88.871,25.305,15.0,0.966,101.301,42.077,12.712,1.316,High
GPU,Air,NA,Peak,0.553,56.639,67.627,10.944,23.55,0.836,110.72,43.842,12.555,1.441,Medium
Storage,Hybrid,EU,Off-Peak,0.997,73.411,94.522,16.55,20.52,0.813,69.2,17.821,13.795,1.356,High
Edge,Liquid,EU,Off-Peak,0.688,55.316,65.885,8.582,20.611,0.977,89.829,21.992,16.448,1.376,High
Compute,Hybrid,NA,Night,0.733,56.252,68.602,9.52,17.317,0.787,113.252,44.202,13.389,1.573,Low
Storage,Air,NA,Off-Peak,0.382,41.207,88.033,17.535,21.613,0.856,59.348,25.713,6.703,1.475,Medium
Storage,Air,APAC,Peak,0.524,43.514,98.0,11.229,22.186,0.814,94.968,56.195,8.097,1.575,Low
Edge,Hybrid,EU,Off-Peak,0.266,22.683,63.67,4.744,28.15,0.825,41.005,5.681,7.458,1.675,Low
Compute,Air,NA,Off-Peak,0.717,57.48,79.09,16.849,19.396,0.828,124.175,46.748,15.435,1.635,Low
Storage,Hybrid,NA,Peak,0.41,35.185,34.147,6.99,18.658,0.82,74.799,30.908,9.491,1.506,Medium
GPU,Hybrid,EU,Off-Peak,0.773,64.318,65.983,33.61,22.94,0.812,107.116,27.834,18.666,1.614,Low
Compute,Hybrid,NA,Off-Peak,0.292,21.352,70.333,20.242,18.655,0.809,63.959,22.266,7.32,1.469,Medium
GPU,Liquid,APAC,Peak,0.463,35.955,62.342,7.823,16.813,0.968,130.315,76.556,10.135,1.114,High
Compute,Liquid,EU,Peak,0.524,49.655,66.272,18.193,20.374,1.0,67.993,19.438,11.872,1.174,High
GPU,Hybrid,EU,Peak,0.25,27.164,62.255,23.759,22.918,0.985,97.18,27.924,17.249,1.506,Medium
Edge,Liquid,ME,Peak,0.163,21.996,71.496,6.122,22.587,0.974,58.806,29.663,3.288,1.48,Medium
Storage,Liquid,NA,Peak,0.385,42.246,39.144,16.206,21.639,1.0,63.118,26.084,7.412,1.505,Medium
Storage,Hybrid,NA,Off-Peak,0.59,47.858,92.105,9.939,21.259,0.795,57.967,23.863,6.84,1.416,Medium
Compute,Liquid,EU,Peak,0.687,51.614,83.38,11.565,22.488,1.0,96.72,22.915,16.879,1.513,Medium
Edge,Hybrid,EU,Peak,0.483,37.847,68.422,9.882,25.515,0.757,52.008,12.925,9.819,1.453,Medium
Storage,Air,NA,Peak,0.55,50.127,66.034,19.568,23.286,0.795,62.868,26.519,8.216,1.323,High
Compute,Air,NA,Off-Peak,0.589,51.174,48.533,26.231,21.429,0.876,96.96,40.118,11.43,1.577,Low
Storage,Air,NA,Night,0.561,42.872,67.139,14.219,23.242,0.742,74.676,24.916,9.479,1.409,Medium
Storage,Air,NA,Off-Peak,0.181,27.695,37.14,16.601,22.175,0.937,62.989,27.17,7.968,1.964,Low
Compute,Liquid,APAC,Off-Peak,0.465,38.388,86.766,8.185,16.685,0.988,62.991,38.819,5.092,1.497,Medium
Compute,Air,EU,Off-Peak,0.284,20.257,73.423,8.952,20.98,0.877,85.361,21.663,15.802,1.197,High
Compute,Hybrid,EU,Peak,0.58,61.407,72.346,7.927,18.591,0.943,95.504,25.533,17.449,1.357,High
Storage,Air,NA,Peak,0.782,61.849,52.17,9.155,26.248,0.921,66.712,27.248,7.582,1.615,Low
Storage,Air,NA,Peak,0.622,55.713,47.951,27.602,30.504,0.703,64.435,27.34,7.342,1.832,Low
Storage,Air,NA,Peak,0.3,29.239,44.376,40.816,27.886,0.791,109.21,42.901,13.907,1.579,Low
GPU,Liquid,NA,Peak,0.287,27.572,57.694,15.286,19.05,0.712,97.206,41.969,12.097,1.632,Low
GPU,Air,NA,Off-Peak,0.133,19.206,78.743,3.751,16.768,0.711,106.898,36.661,13.555,1.451,Medium
Storage,Air,NA,Peak,0.484,48.581,75.599,9.293,21.882,0.915,54.808,24.69,6.176,1.299,High
Compute,Liquid,EU,Night,0.49,50.281,73.358,15.887,16.732,0.93,228.506,57.127,41.131,1.399,High
Storage,Air,APAC,Night,0.313,29.961,57.613,11.969,36.283,0.757,64.714,39.658,4.759,1.659,Low
Storage,Air,NA,Night,0.788,61.691,68.704,19.841,23.267,0.885,65.945,25.364,7.49,1.437,Medium
Storage,Liquid,ME,Peak,0.448,31.81,72.163,14.656,19.748,0.767,51.376,26.015,3.175,2.473,Medium
Storage,Air,APAC,Night,0.702,60.162,69.45,13.155,20.813,0.817,70.772,42.096,6.08,1.455,Medium
Compute,Air,ME,Night,0.676,58.714,71.638,11.958,19.177,0.655,71.847,34.927,4.079,1.583,Low
Edge,Air,APAC,Night,0.644,52.34,46.742,9.064,19.511,0.981,49.439,29.772,3.887,1.217,High
Compute,Air,EU,Off-Peak,0.917,79.428,98.0,11.98,23.744,0.946,97.529,24.151,18.081,1.534,Medium
Storage,Liquid,EU,Off-Peak,0.114,18.482,38.037,4.634,17.45,0.98,57.218,15.619,10.394,1.101,High
Compute,Air,NA,Peak,0.161,17.318,61.847,6.346,21.247,0.931,43.236,18.118,5.299,1.503,Medium
Edge,Hybrid,APAC,Peak,0.75,56.205,69.525,18.145,23.287,0.836,58.651,38.323,4.458,1.513,Medium
Compute,Hybrid,EU,Peak,0.418,38.734,73.786,6.105,24.813,0.817,74.834,18.129,13.495,1.599,Low
Compute,Air,EU,Night,0.988,76.69,85.422,16.419,19.562,0.918,91.013,24.161,16.904,1.563,Medium
Compute,Hybrid,EU,Peak,0.295,22.493,80.264,13.32,30.229,0.912,50.415,12.346,8.996,1.389,High
Compute,Air,EU,Peak,0.265,29.547,50.583,8.804,35.739,0.986,55.185,11.897,9.976,1.302,High
Compute,Air,EU,Night,0.629,52.216,84.9,20.546,18.555,0.977,63.755,12.041,12.101,1.699,Low
Storage,Air,NA,Peak,0.351,36.019,63.085,27.927,30.457,0.803,43.713,17.807,5.373,1.638,Low
Storage,Air,APAC,Night,0.406,34.857,73.132,10.68,25.274,0.905,55.057,33.367,4.551,1.483,Medium
Compute,Liquid,APAC,Off-Peak,0.929,75.644,90.169,9.784,26.227,0.981,78.723,46.482,6.617,1.548,Medium
Compute,Air,APAC,Peak,0.124,13.22,63.939,39.737,24.898,0.792,41.892,24.032,3.292,1.595,Low
GPU,Hybrid,APAC,Peak,0.578,48.492,43.855,25.141,21.897,0.81,123.932,70.754,10.562,1.401,Medium
Storage,Liquid,NA,Off-Peak,0.401,37.486,66.994,8.707,18.768,1.0,78.393,32.205,9.137,1.457,Medium
GPU,Air,ME,Night,0.411,41.308,75.803,10.554,22.903,0.764,97.716,48.654,5.094,1.515,Low
Storage,Liquid,NA,Night,0.323,34.871,63.386,12.44,20.635,0.905,51.378,20.844,6.614,1.488,Medium
Compute,Hybrid,APAC,Peak,0.221,20.22,78.421,11.604,26.065,0.847,44.286,27.04,2.842,1.425,Medium
Compute,Air,NA,Peak,0.131,17.831,61.813,11.145,25.051,0.767,54.161,24.231,6.506,1.66,Low
Compute,Air,EU,Peak,0.989,82.528,91.981,31.713,27.179,0.747,94.663,24.187,17.212,2.205,Low
GPU,Air,APAC,Off-Peak,0.694,51.395,67.518,11.182,20.083,0.91,110.598,63.463,8.245,1.493,Medium
Edge,Air,EU,Peak,0.799,61.673,88.688,17.487,22.255,0.775,64.694,15.085,11.921,1.529,Low
Storage,Liquid,EU,Peak,0.159,18.027,51.544,16.103,21.414,1.0,56.552,14.373,10.691,1.502,Medium
Compute,Air,EU,Off-Peak,0.113,27.938,59.759,6.424,16.345,0.909,55.642,14.953,10.399,1.292,High
Compute,Liquid,EU,Off-Peak,0.64,49.783,51.288,15.795,19.01,0.872,81.149,19.78,14.703,1.695,Low
Compute,Liquid,NA,Peak,0.751,54.709,67.181,17.01,23.882,1.0,75.555,33.595,8.679,1.56,Medium
Storage,Liquid,EU,Off-Peak,0.455,37.208,67.642,8.705,20.172,0.798,66.285,17.033,11.58,1.504,Medium
Compute,Air,NA,Off-Peak,0.449,36.184,40.903,17.271,27.209,0.919,94.453,39.67,11.365,1.601,Low
Edge,Air,EU,Off-Peak,0.446,46.941,85.02,21.371,21.74,0.911,62.563,14.505,11.384,1.195,High
Compute,Air,NA,Off-Peak,0.237,21.97,62.616,11.031,18.64,0.677,58.555,21.439,6.898,1.631,Low
Edge,Air,EU,Off-Peak,0.779,55.666,80.794,16.364,20.636,0.788,86.391,22.114,16.57,1.492,Medium
GPU,Hybrid,EU,Off-Peak,0.294,24.254,60.299,10.517,21.278,0.864,111.003,27.374,19.745,1.327,High
GPU,Air,NA,Night,0.392,39.235,55.332,11.663,26.062,0.796,92.276,34.353,10.684,1.512,Medium
Storage,Air,EU,Off-Peak,0.704,53.382,38.846,20.306,28.686,0.907,61.451,16.135,10.259,1.532,Medium
Storage,Air,EU,Off-Peak,0.1,11.625,67.326,14.111,16.978,0.857,35.594,8.248,6.756,1.374,High
Storage,Hybrid,ME,Off-Peak,0.79,57.249,88.562,20.147,20.343,0.785,66.01,31.706,3.242,1.488,Medium
Storage,Liquid,APAC,Off-Peak,0.909,72.422,74.269,11.536,16.7,0.983,80.421,48.807,7.431,1.2,High
Storage,Liquid,APAC,Peak,0.146,0.165,38.886,8.873,19.031,0.887,74.624,42.541,6.046,1.393,High
Edge,Air,EU,Peak,0.632,53.958,84.335,14.81,24.317,0.748,59.647,9.251,11.444,1.645,Low
GPU,Air,NA,Off-Peak,0.468,35.605,82.234,15.253,20.706,0.597,110.883,44.303,12.113,1.775,Low
GPU,Liquid,NA,Off-Peak,0.171,17.088,63.097,8.478,20.785,1.0,81.968,34.732,10.176,1.473,Medium
GPU,Hybrid,NA,Off-Peak,0.714,55.129,78.656,17.092,25.92,0.759,114.121,45.915,13.594,1.675,Low
Compute,Liquid,APAC,Off-Peak,0.651,59.174,89.651,26.085,23.794,0.772,77.056,46.299,5.834,1.586,Low
Compute,Liquid,NA,Peak,0.678,52.6,78.168,10.363,18.632,0.966,89.813,35.484,10.528,1.296,High
Storage,Air,EU,Off-Peak,0.832,66.241,83.916,13.484,22.576,0.874,80.258,20.027,14.158,1.439,Medium
Storage,Air,NA,Off-Peak,0.358,42.925,86.245,11.421,27.766,0.848,92.1,36.791,10.631,1.391,Medium
GPU,Hybrid,NA,Peak,0.709,51.392,75.129,14.494,24.446,0.886,105.786,43.645,13.246,1.521,Medium
Storage,Air,NA,Peak,0.769,60.468,53.966,17.566,28.854,0.758,77.107,29.997,9.762,1.81,Low
Storage,Hybrid,EU,Peak,0.252,24.251,98.0,2.843,24.895,0.755,82.852,20.308,15.718,1.73,Low
Storage,Air,EU,Peak,0.961,79.809,93.486,11.251,28.068,0.7,74.699,16.469,13.004,1.666,Low
Compute,Air,EU,Peak,0.406,34.919,80.507,11.665,23.519,0.846,70.787,17.017,12.564,1.381,Medium
Storage,Liquid,EU,Off-Peak,0.742,67.67,63.687,10.564,17.078,0.67,65.359,15.578,11.996,1.569,Low
GPU,Air,APAC,Off-Peak,0.779,59.889,73.773,15.816,17.292,0.925,106.995,62.595,8.3,1.502,Medium
Compute,Air,APAC,Off-Peak,0.554,46.202,45.096,17.21,19.448,0.963,71.085,41.52,6.168,1.595,Medium
Storage,Air,APAC,Off-Peak,0.216,19.354,53.996,4.389,21.877,0.869,63.15,41.526,4.699,1.248,High
Storage,Liquid,EU,Off-Peak,0.348,28.26,57.385,5.418,15.0,0.976,62.185,14.675,11.031,1.368,High
Compute,Air,NA,Peak,0.311,25.002,54.873,14.707,27.66,0.851,108.049,42.233,11.718,1.775,Low
Compute,Air,ME,Peak,0.567,40.528,44.364,29.003,25.138,0.894,70.018,36.197,4.53,1.184,High
Edge,Liquid,NA,Peak,0.335,41.738,41.508,15.265,20.144,1.0,65.219,24.679,7.74,1.308,High
Compute,Air,NA,Night,0.592,57.385,76.943,25.137,20.615,0.889,116.763,46.77,13.721,1.332,High
Compute,Hybrid,EU,Night,0.359,36.681,67.708,8.704,22.397,0.936,66.531,18.22,12.233,1.592,Medium
Compute,Air,EU,Peak,0.101,11.796,75.749,16.27,22.066,0.734,47.186,9.446,9.269,1.69,Low
Storage,Liquid,NA,Off-Peak,0.427,34.459,50.519,15.172,15.366,0.988,73.11,29.59,9.354,1.434,High
Storage,Air,APAC,Night,0.646,53.874,74.87,18.196,19.595,0.913,57.209,32.954,3.708,1.636,Low
Storage,Liquid,EU,Off-Peak,0.796,0.585,69.986,27.165,23.484,0.846,69.924,19.343,12.335,1.53,Medium
Compute,Liquid,EU,Off-Peak,0.126,20.043,57.979,26.018,16.705,0.854,55.989,11.223,10.011,1.137,High
GPU,Hybrid,EU,Peak,0.332,0.939,51.038,9.932,23.835,0.909,90.004,21.37,16.056,1.525,Medium
Compute,Air,EU,Peak,0.987,80.192,47.379,19.219,23.264,0.875,104.301,26.004,18.408,1.443,Medium
Compute,Air,NA,Off-Peak,0.336,24.247,63.657,13.285,16.662,0.82,58.389,22.17,6.955,1.592,Low
Storage,Liquid,NA,Off-Peak,0.799,73.821,57.7,9.832,33.676,0.997,79.533,29.702,9.195,1.327,High
Compute,Air,NA,Off-Peak,0.558,46.714,53.026,8.032,19.736,0.892,63.92,25.585,8.13,1.54,Medium
GPU,Air,APAC,Peak,0.21,20.524,53.467,13.852,25.782,0.715,76.506,45.981,5.644,1.571,Low
Edge,Hybrid,EU,Night,0.679,63.018,77.867,7.922,21.379,0.806,95.569,24.405,17.164,1.412,Medium
Compute,Air,EU,Night,0.97,72.403,49.567,16.856,15.46,0.835,113.19,28.339,20.369,1.102,High
GPU,Hybrid,EU,Peak,0.898,65.705,70.477,14.905,22.701,0.759,136.422,33.874,24.349,1.319,High
GPU,Air,EU,Peak,0.721,54.144,46.454,11.996,24.471,0.802,109.719,28.29,19.376,1.673,Low
Edge,Liquid,NA,Off-Peak,0.561,45.3,79.917,14.624,25.172,1.0,82.698,31.428,9.832,1.432,High
Compute,Liquid,NA,Peak,0.387,38.751,86.176,9.143,20.906,0.837,65.899,28.251,7.534,1.327,High
Storage,Liquid,APAC,Peak,0.421,32.864,74.942,19.039,23.96,0.89,76.684,49.036,6.328,1.481,Medium
Compute,Hybrid,EU,Peak,0.412,30.507,79.074,11.008,18.549,0.77,97.357,23.418,18.35,1.363,Medium
GPU,Air,EU,Night,0.93,69.016,98.0,12.087,19.754,0.905,133.334,34.067,24.012,1.13,High
Compute,Hybrid,EU,Night,0.29,23.405,28.56,9.348,15.0,0.626,95.086,21.926,16.752,1.263,High
Storage,Liquid,APAC,Peak,0.44,41.001,67.162,11.849,19.55,0.862,81.01,47.925,6.745,1.313,High
Compute,Air,EU,Night,0.489,38.105,62.947,8.328,20.758,0.631,102.122,27.72,18.968,1.699,Low
Compute,Hybrid,NA,Off-Peak,0.468,38.379,70.686,7.091,15.805,0.884,76.09,27.541,10.018,1.305,High
Storage,Air,APAC,Peak,0.104,9.453,48.923,3.964,27.563,0.934,35.52,24.039,3.245,1.27,High
GPU,Hybrid,NA,Night,0.344,30.135,66.079,10.698,20.638,0.747,107.334,42.394,13.775,1.342,Medium
Storage,Air,NA,Off-Peak,0.549,44.96,75.758,9.964,25.605,0.749,55.112,19.226,6.316,1.866,Low
GPU,Hybrid,NA,Night,0.784,63.095,78.457,11.383,19.584,0.798,130.605,53.815,15.799,1.328,High
Compute,Liquid,APAC,Off-Peak,0.613,54.17,44.571,39.04,15.71,0.915,79.204,45.974,6.112,1.584,Low
Storage,Air,APAC,Off-Peak,0.446,44.495,77.27,18.944,25.704,0.99,57.02,32.096,4.831,1.405,High
Storage,Liquid,APAC,Peak,0.699,62.421,59.384,17.899,18.177,0.904,106.862,69.362,9.107,1.076,High
Compute,Air,ME,Peak,0.699,54.641,61.57,31.585,20.348,0.728,206.395,103.198,10.32,1.429,Medium
Storage,Air,NA,Off-Peak,0.323,31.509,52.89,6.502,21.535,0.849,60.081,25.504,7.717,1.729,Low
Storage,Air,EU,Night,0.193,26.021,68.088,3.642,20.288,0.891,43.221,7.49,7.342,1.317,High
Storage,Air,EU,Off-Peak,0.823,62.97,48.487,30.014,23.434,0.846,70.148,18.021,13.143,1.526,Medium
GPU,Air,ME,Peak,0.577,51.426,85.092,9.603,22.173,0.871,111.314,56.283,4.751,1.396,Medium
Storage,Liquid,NA,Peak,0.259,28.74,93.293,9.429,25.611,1.0,53.812,18.791,6.103,1.851,Low
Compute,Air,ME,Night,0.336,37.438,59.929,12.096,22.433,0.882,73.741,36.91,3.792,1.437,Medium
Compute,Liquid,NA,Peak,0.79,67.252,53.445,17.696,23.001,0.802,85.01,29.909,9.491,1.347,High
Storage,Air,APAC,Peak,0.688,61.62,43.027,16.216,28.242,0.911,60.684,35.497,5.23,1.597,Low
Compute,Liquid,EU,Night,0.951,74.725,71.897,42.182,17.867,0.948,78.415,21.551,14.539,1.397,High
Compute,Liquid,APAC,Night,0.518,46.029,57.976,6.525,17.942,0.974,92.338,55.655,7.648,1.34,High
Storage,Air,NA,Off-Peak,0.147,24.537,70.216,14.773,22.451,0.887,53.376,16.524,6.08,1.518,Medium
Storage,Hybrid,NA,Peak,0.73,63.856,85.718,15.244,22.543,0.862,57.992,23.091,6.653,1.395,Medium
Compute,Liquid,NA,Peak,0.329,28.482,40.889,10.141,22.834,0.95,69.939,27.81,8.257,1.364,High
GPU,Liquid,EU,Off-Peak,0.391,32.164,59.586,23.831,15.273,0.977,93.855,23.856,16.924,1.383,High
Storage,Air,EU,Night,0.277,21.038,48.399,25.598,17.926,0.856,51.164,9.348,9.029,1.284,High
Compute,Air,ME,Night,0.378,41.919,66.471,7.781,27.306,0.943,99.714,50.254,5.707,1.368,High
GPU,Hybrid,EU,Off-Peak,0.847,68.887,34.876,11.929,20.253,0.818,104.475,26.819,20.25,1.448,Medium
Storage,Hybrid,NA,Night,0.619,56.148,45.389,11.078,28.876,0.708,65.574,23.092,8.14,1.745,Low
Storage,Air,NA,Peak,0.198,23.354,51.235,18.057,27.4,0.965,78.969,30.845,9.041,1.443,Medium
Storage,Air,NA,Peak,0.628,59.219,77.114,14.9,26.649,0.876,91.124,34.649,11.129,1.629,Low
Compute,Liquid,APAC,Peak,0.67,49.16,58.199,8.268,18.581,0.996,80.062,48.146,6.074,1.307,High
Storage,Liquid,APAC,Night,0.896,69.326,87.618,25.034,16.135,0.767,105.663,59.797,7.927,1.288,High
Compute,Hybrid,ME,Peak,0.874,67.346,54.767,13.285,17.312,0.718,73.245,38.878,3.42,1.697,Low
Edge,Air,EU,Peak,0.157,13.5,55.554,13.366,25.283,0.708,38.805,13.36,7.383,1.711,Low
GPU,Air,NA,Night,0.88,67.486,61.27,32.048,18.579,0.917,146.621,58.564,17.518,1.329,High
Storage,Air,NA,Peak,0.146,12.149,74.617,17.677,23.59,0.853,43.825,22.266,5.755,1.547,Medium
Compute,Air,EU,Peak,0.239,25.558,82.304,26.01,23.298,0.889,59.794,14.841,11.248,1.569,Medium
Compute,Air,ME,Off-Peak,0.2,20.307,71.965,4.319,19.67,0.922,60.297,32.112,2.896,1.498,Medium
Compute,Hybrid,NA,Off-Peak,0.264,21.542,80.788,14.139,15.0,0.79,70.898,30.577,9.318,1.523,Low
Storage,Liquid,NA,Off-Peak,0.823,62.988,69.457,19.291,18.613,0.983,78.99,33.225,9.408,1.354,High
Compute,Hybrid,APAC,Night,0.718,55.273,55.808,16.977,18.515,0.864,73.88,46.076,6.381,1.195,High
Storage,Air,EU,Peak,0.718,59.83,62.56,20.442,19.871,0.707,57.263,10.673,10.179,1.656,Low
Compute,Air,NA,Night,0.93,71.917,55.902,20.118,19.269,0.923,83.346,31.015,10.115,1.545,Medium
Edge,Air,APAC,Off-Peak,0.453,38.308,69.565,6.685,21.858,0.805,44.28,25.898,3.088,1.273,High
Compute,Air,NA,Peak,0.103,10.662,50.132,7.421,26.177,0.848,42.949,15.462,4.507,1.432,Medium
Edge,Hybrid,ME,Night,0.676,52.794,53.544,16.403,16.998,0.802,67.894,35.178,2.475,1.537,Low
Edge,Air,NA,Peak,0.881,67.96,73.13,14.68,26.148,0.86,96.085,38.336,12.911,1.853,Low
Storage,Air,NA,Peak,0.979,71.272,43.799,27.667,27.741,0.904,72.328,31.66,8.503,1.798,Low
GPU,Air,NA,Night,0.428,43.239,67.303,27.078,18.349,0.831,118.884,45.523,15.697,1.475,Medium
Storage,Air,NA,Peak,0.84,65.284,46.327,30.439,21.538,0.879,63.977,26.48,8.056,1.687,Low
Storage,Liquid,EU,Peak,0.864,74.384,72.428,15.693,17.276,0.814,72.686,17.95,13.179,1.746,Low
Compute,Air,EU,Peak,0.23,19.969,62.848,9.881,26.471,0.885,62.433,14.452,11.699,1.985,Low
Compute,Liquid,EU,Peak,0.668,51.525,51.987,36.867,19.948,1.0,92.802,22.384,16.908,1.2,High
Storage,Liquid,EU,Night,0.256,23.977,54.618,6.734,15.751,0.876,69.894,22.022,13.567,1.753,Low
Storage,Air,NA,Night,0.502,44.426,66.818,11.871,21.383,0.692,90.648,36.806,11.531,1.336,Medium
Storage,Air,NA,Off-Peak,0.891,73.703,56.655,34.238,17.332,0.924,70.344,23.735,8.481,1.158,High
Compute,Liquid,ME,Off-Peak,0.811,68.353,80.221,26.422,20.541,1.0,79.189,42.118,4.031,1.389,High
Compute,Liquid,APAC,Off-Peak,0.613,0.9,92.05,16.416,17.508,0.936,73.432,43.441,5.596,1.295,High
Compute,Air,NA,Peak,0.828,63.479,70.745,10.97,22.88,0.865,87.092,33.99,10.133,1.54,Medium
Compute,Air,EU,Peak,0.238,25.69,75.101,30.762,24.206,0.82,74.113,18.056,11.889,1.608,Low
Compute,Air,EU,Peak,0.275,25.306,64.515,28.493,26.018,0.966,63.077,17.887,12.116,1.641,Low
Compute,Air,NA,Off-Peak,0.288,30.15,57.007,8.104,21.685,0.81,64.73,24.887,8.096,1.603,Low
Compute,Air,EU,Off-Peak,0.798,62.037,71.229,19.954,20.329,0.781,100.476,27.407,17.333,1.361,Medium
GPU,Air,EU,Night,0.902,66.861,69.706,17.191,24.181,0.8,129.055,31.207,23.641,1.853,Low
Compute,Air,NA,Off-Peak,0.607,44.458,71.144,11.537,20.369,0.808,85.694,35.876,10.393,1.402,Medium
Storage,Air,NA,Off-Peak,0.962,82.414,77.979,21.414,19.245,0.892,74.507,33.243,8.962,1.426,Medium
Compute,Air,APAC,Peak,0.755,65.327,86.474,14.224,23.532,0.76,96.997,58.5,7.394,1.726,Low
GPU,Hybrid,NA,Night,0.607,49.247,58.85,10.863,18.958,0.739,112.383,42.301,13.457,1.503,Low
Storage,Liquid,NA,Night,0.65,1.355,59.832,8.628,15.0,0.921,74.427,30.085,8.764,1.246,High
Compute,Hybrid,APAC,Night,0.865,66.098,86.997,28.46,18.658,0.706,78.468,47.51,6.341,1.313,Medium
Storage,Air,APAC,Peak,0.181,15.733,59.328,11.701,26.795,0.835,38.543,21.898,3.162,1.15,High
Compute,Liquid,NA,Off-Peak,0.251,26.362,58.175,11.913,22.2,0.809,51.98,23.618,5.035,1.404,Medium
Storage,Air,APAC,Off-Peak,0.34,34.368,25.714,5.666,18.401,0.97,76.154,46.604,5.833,1.268,High
Compute,Liquid,EU,Peak,0.905,73.504,96.648,23.059,22.688,0.969,91.804,26.58,16.506,1.509,Medium
Edge,Air,NA,Night,0.95,69.187,66.027,15.469,19.736,0.69,204.292,81.717,24.515,1.656,Low
Storage,Air,EU,Peak,0.421,38.17,67.717,11.425,25.415,0.899,64.167,14.278,12.23,1.272,High
Compute,Hybrid,APAC,Peak,0.931,75.423,65.785,32.271,20.358,0.786,79.173,45.292,5.627,1.307,High
GPU,Liquid,NA,Off-Peak,0.592,51.929,77.309,25.341,16.501,1.0,139.087,54.964,16.013,1.285,High
Compute,Hybrid,EU,Peak,0.526,49.062,79.4,11.557,21.981,0.878,220.317,55.079,39.657,1.133,High
GPU,Air,EU,Night,0.849,60.38,57.207,10.039,19.13,0.851,105.617,28.267,19.723,1.41,Medium
Storage,Air,EU,Off-Peak,0.591,49.475,90.697,16.772,20.531,0.842,51.627,14.749,9.728,1.27,High
GPU,Air,EU,Off-Peak,0.509,39.64,42.979,13.366,19.919,0.891,125.326,35.014,22.626,1.47,Medium
Compute,Liquid,EU,Off-Peak,0.114,12.022,56.022,8.35,19.091,0.806,56.222,13.169,10.299,1.562,Low
GPU,Liquid,NA,Peak,0.112,12.188,42.206,20.431,19.772,0.969,85.338,31.101,9.123,1.467,Medium
GPU,Hybrid,EU,Off-Peak,0.665,55.523,78.224,22.414,16.567,0.739,123.502,34.047,23.113,1.433,Medium
Compute,Air,EU,Off-Peak,0.166,21.913,82.381,6.298,20.212,0.829,59.296,11.314,10.946,1.508,Medium
Compute,Liquid,APAC,Off-Peak,0.763,54.777,75.913,28.349,21.413,1.0,96.517,58.582,7.362,1.561,Medium
Compute,Air,EU,Night,0.66,48.076,59.414,18.632,16.943,0.666,65.658,18.038,11.224,1.521,Low
Edge,Air,EU,Off-Peak,0.512,48.204,53.137,15.186,25.502,0.826,54.363,16.172,10.885,1.772,Low
Compute,Liquid,ME,Off-Peak,0.739,52.106,98.0,22.589,17.372,0.915,73.963,36.696,3.953,1.506,Medium
Storage,Liquid,NA,Night,0.994,72.8,62.598,20.36,19.72,1.0,100.31,40.198,11.446,1.618,Medium
Compute,Air,NA,Off-Peak,0.322,29.545,46.839,17.699,21.396,0.782,76.159,31.562,10.252,1.447,Medium
Compute,Air,NA,Off-Peak,0.601,52.977,59.019,22.147,25.901,0.855,107.761,43.089,12.882,1.548,Medium
Storage,Air,NA,Peak,0.859,68.218,64.979,19.298,29.3,0.865,70.157,27.149,8.313,1.701,Low
Edge,Air,EU,Off-Peak,0.115,16.965,46.863,11.296,23.718,0.786,41.95,11.754,7.191,1.412,Medium
Storage,Air,NA,Night,0.283,27.707,48.308,6.516,21.101,0.88,45.404,18.858,5.879,1.648,Low
GPU,Air,NA,Off-Peak,0.569,53.476,63.482,14.703,25.873,0.922,104.466,43.592,12.567,1.326,High
Storage,Air,NA,Peak,0.597,50.018,68.931,9.433,24.826,0.697,80.122,31.561,9.753,1.576,Low
Compute,Hybrid,EU,Off-Peak,0.178,22.619,60.811,16.149,18.047,0.846,79.759,20.016,14.347,1.574,Low
Compute,Hybrid,APAC,Off-Peak,0.467,41.983,36.351,15.989,35.452,0.891,69.214,40.952,6.363,1.555,Medium
Storage,Air,APAC,Peak,0.568,55.32,54.185,20.774,25.616,0.755,86.134,52.786,7.349,1.629,Low
Edge,Hybrid,NA,Night,0.481,40.411,59.566,7.516,17.688,0.813,97.37,36.28,11.322,1.575,Low
GPU,Liquid,EU,Night,0.731,58.283,68.906,12.134,17.906,0.953,117.093,28.761,21.444,1.27,High
Compute,Air,NA,Off-Peak,0.794,72.373,73.371,34.848,23.504,0.859,75.233,31.214,8.372,1.183,High
Compute,Air,NA,Peak,0.514,40.992,47.065,11.894,22.27,0.764,66.528,25.91,7.224,1.567,Low
Compute,Hybrid,APAC,Off-Peak,0.483,38.262,62.725,11.971,22.151,0.758,81.329,51.799,7.213,1.394,Medium
Edge,Liquid,EU,Peak,0.735,64.254,97.194,16.449,24.349,0.814,60.011,17.005,11.52,1.52,Medium
GPU,Hybrid,NA,Off-Peak,0.6,53.393,58.274,17.107,20.756,0.831,100.915,43.748,12.123,1.463,Medium
GPU,Hybrid,EU,Peak,0.883,73.954,49.093,17.494,21.237,0.955,100.998,25.594,18.994,1.665,Low
Compute,Air,NA,Off-Peak,0.533,49.75,83.279,13.749,20.122,0.851,81.439,34.4,9.634,1.646,Low
Storage,Air,NA,Peak,0.617,52.655,66.566,21.643,27.703,0.773,63.662,25.199,7.978,1.708,Low
Storage,Air,EU,Night,0.216,20.146,50.655,14.093,18.442,0.852,49.094,14.313,8.737,1.509,Medium
Compute,Air,NA,Off-Peak,0.852,64.88,94.277,17.662,27.742,0.945,71.463,30.198,9.206,1.471,Medium
Storage,Air,ME,Night,0.48,38.621,16.803,27.0,20.946,0.753,89.975,43.3,4.998,1.37,Medium
Compute,Air,EU,Peak,0.747,56.626,62.191,15.095,26.584,0.957,85.337,24.044,15.246,1.423,High
Compute,Air,APAC,Peak,0.487,43.343,38.819,16.609,23.757,0.938,77.111,44.432,6.515,1.585,Medium
GPU,Air,APAC,Off-Peak,0.101,20.744,80.396,15.765,25.869,0.797,115.523,68.796,8.732,1.64,Low
GPU,Air,EU,Peak,0.46,47.807,54.819,17.95,22.453,0.78,99.612,24.527,17.323,1.539,Low
Storage,Air,EU,Peak,0.233,23.133,37.684,11.606,28.518,0.904,63.447,18.945,11.278,1.464,Medium
Storage,Air,NA,Off-Peak,0.459,34.397,38.813,13.169,20.501,0.968,58.111,20.233,7.172,1.137,High
Compute,Air,EU,Off-Peak,0.389,38.431,79.719,9.291,21.342,0.833,71.966,17.524,13.244,1.285,High
GPU,Liquid,NA,Peak,0.282,30.402,90.732,29.739,19.995,0.956,80.972,32.865,9.497,1.38,High
GPU,Hybrid,NA,Off-Peak,0.211,20.697,56.085,15.053,27.655,0.833,100.315,44.3,12.196,1.239,High
GPU,Air,EU,Off-Peak,0.756,62.562,70.603,17.388,21.477,0.778,105.692,24.833,19.003,1.461,Medium
GPU,Air,APAC,Peak,0.779,65.27,61.6,18.638,24.523,0.863,117.954,66.879,8.597,1.748,Low
Compute,Hybrid,ME,Night,0.338,33.133,75.741,18.849,22.85,0.874,61.711,28.973,3.077,1.442,Medium
Compute,Liquid,NA,Peak,0.546,52.303,55.253,8.286,24.304,0.959,87.688,33.915,10.562,1.595,Medium
Storage,Liquid,EU,Peak,0.518,52.874,51.152,20.269,24.405,1.0,62.224,15.84,11.254,1.358,High
Compute,Air,APAC,Peak,0.42,37.715,55.778,10.532,21.156,0.743,90.597,53.057,6.929,1.574,Low
GPU,Hybrid,NA,Peak,0.35,40.594,71.91,22.62,22.003,0.859,112.597,46.237,13.46,1.419,Medium
Compute,Hybrid,NA,Night,0.267,32.673,71.022,19.985,21.488,0.98,73.492,30.622,9.938,1.418,High
Compute,Liquid,NA,Peak,0.886,67.283,52.646,12.296,23.263,0.936,81.082,33.263,10.401,1.533,Medium
Compute,Air,APAC,Off-Peak,0.85,67.594,69.707,19.332,24.439,0.888,111.235,64.259,9.005,1.47,Medium
Edge,Hybrid,NA,Off-Peak,0.475,38.357,25.525,7.263,17.496,0.702,40.139,19.364,5.023,1.456,Medium
Compute,Liquid,NA,Off-Peak,0.749,67.388,51.853,9.652,18.369,1.0,88.301,31.256,10.571,1.41,High
Storage,Liquid,EU,Night,0.548,51.75,60.242,11.38,15.0,0.703,61.272,17.175,11.177,1.647,Low
Storage,Air,APAC,Night,0.177,20.095,43.788,11.379,21.276,0.848,52.579,29.465,3.372,1.293,High
Compute,Liquid,ME,Peak,0.84,65.925,72.0,12.68,20.899,1.0,101.486,48.434,4.784,1.384,High
Storage,Air,EU,Night,0.297,24.839,81.365,10.542,20.327,0.677,47.503,9.401,7.82,1.375,Medium
GPU,Air,ME,Off-Peak,0.736,53.639,74.104,9.26,24.263,0.718,104.492,55.117,4.696,1.691,Low
Storage,Liquid,NA,Peak,0.575,44.768,91.243,14.777,20.811,0.712,51.762,16.96,5.408,1.78,Low
GPU,Air,NA,Off-Peak,0.721,60.273,62.483,13.669,22.155,0.867,164.899,65.789,19.022,1.575,Low
Compute,Liquid,ME,Night,0.524,50.556,61.475,10.401,16.029,1.0,66.109,31.992,3.529,1.276,High
Compute,Liquid,EU,Peak,0.732,64.761,80.744,11.21,22.3,0.865,152.669,40.025,27.323,1.566,Low
Edge,Air,NA,Off-Peak,0.13,17.894,78.356,7.953,24.252,0.906,50.655,20.572,6.435,1.622,Low
Compute,Liquid,EU,Peak,0.137,18.657,66.065,4.951,19.175,1.0,68.649,17.774,12.186,1.5,Medium
Storage,Hybrid,APAC,Peak,0.907,66.144,87.214,13.335,19.307,0.788,84.26,50.557,6.293,1.435,Medium
GPU,Air,APAC,Night,0.775,66.552,68.039,13.017,21.713,0.811,103.524,62.604,8.346,1.528,Medium
Compute,Liquid,APAC,Off-Peak,0.846,74.442,54.072,20.772,21.14,0.954,114.751,67.285,8.652,1.362,High
GPU,Air,EU,Peak,0.511,51.023,77.035,8.053,26.066,0.786,107.205,25.982,19.51,1.604,Low
Compute,Air,APAC,Off-Peak,0.514,45.324,59.198,18.483,24.132,0.794,69.155,45.439,5.718,1.558,Low
Compute,Air,EU,Off-Peak,0.581,50.548,66.062,23.192,20.784,0.919,87.631,19.778,16.235,1.387,High
Compute,Air,EU,Off-Peak,0.319,28.397,34.685,16.2,23.081,0.821,152.209,37.328,28.057,1.337,High
GPU,Air,APAC,Peak,0.76,65.884,98.0,12.346,23.616,0.721,114.281,67.041,8.89,1.474,Medium
Compute,Hybrid,EU,Off-Peak,0.847,65.974,84.305,21.649,21.115,0.802,95.478,25.419,16.593,1.873,Low
GPU,Liquid,NA,Night,0.917,75.113,94.444,12.616,15.0,1.0,125.478,49.342,14.601,1.3,High
Edge,Liquid,NA,Off-Peak,0.565,44.097,85.915,16.532,17.878,0.925,70.983,27.157,9.128,1.14,High
Storage,Air,EU,Off-Peak,0.473,0.785,65.791,13.939,20.455,0.887,55.461,13.637,9.607,1.363,High
Storage,Liquid,NA,Off-Peak,0.848,77.251,38.581,13.64,18.503,0.914,84.483,35.945,10.291,1.48,Medium
Storage,Air,NA,Peak,0.777,61.24,71.199,12.674,23.71,0.765,67.076,28.172,8.088,1.295,High
Compute,Air,NA,Off-Peak,0.881,69.23,62.138,18.381,22.728,0.668,87.606,34.462,10.292,1.559,Low
Storage,Air,NA,Peak,0.69,59.374,89.67,14.508,22.262,0.851,54.492,22.515,6.236,1.557,Low
Storage,Air,APAC,Peak,0.895,70.184,83.323,11.183,20.115,0.916,78.726,45.743,6.05,1.288,High
Edge,Air,NA,Peak,0.18,35.496,63.841,11.908,27.414,0.787,62.386,23.291,6.724,1.449,Medium
Edge,Liquid,NA,Off-Peak,0.712,57.586,53.822,32.799,15.0,0.783,79.061,28.643,9.666,1.516,Medium
GPU,Hybrid,EU,Peak,0.18,15.666,44.529,6.673,25.648,0.814,96.99,21.824,16.755,2.586,Medium
GPU,Air,APAC,Peak,0.774,59.119,45.231,14.357,23.022,0.867,128.394,76.817,10.731,1.341,High
Storage,Air,NA,Peak,0.666,50.499,52.029,19.013,28.111,0.927,58.644,25.365,7.188,1.571,Medium
Storage,Air,NA,Peak,0.114,17.994,56.183,9.963,27.007,0.566,64.836,23.758,8.177,1.67,Low
GPU,Hybrid,ME,Off-Peak,0.639,51.158,54.939,7.416,19.659,0.696,93.276,49.64,5.062,1.626,Low
Compute,Hybrid,NA,Off-Peak,0.232,25.344,64.102,10.616,17.965,0.698,69.027,30.282,8.549,1.593,Low
Edge,Liquid,ME,Peak,0.228,18.775,70.381,7.066,22.939,0.832,36.074,18.022,1.204,1.549,Low
Storage,Hybrid,NA,Peak,0.235,21.992,65.39,6.351,20.187,0.778,41.146,16.789,4.977,1.417,Medium
Storage,Air,NA,Off-Peak,0.535,38.97,95.113,14.041,19.65,0.84,63.767,25.436,7.033,1.491,Medium
GPU,Hybrid,NA,Off-Peak,0.204,24.643,55.18,10.535,21.757,0.821,111.4,43.392,13.888,1.37,Medium
Edge,Air,NA,Off-Peak,0.213,21.842,77.933,28.124,26.97,0.809,57.302,22.529,7.243,1.573,Low
Compute,Air,APAC,Peak,0.331,43.824,81.118,12.352,18.541,0.92,103.093,60.397,9.18,1.399,High
GPU,Liquid,ME,Night,0.101,10.875,35.652,9.498,16.239,1.0,88.761,48.174,5.174,1.656,Low
Storage,Air,ME,Off-Peak,0.348,30.955,68.696,6.93,20.648,0.726,50.759,23.396,3.023,1.224,High
Compute,Liquid,APAC,Off-Peak,0.657,49.299,93.461,20.248,15.0,1.0,89.287,51.263,6.98,1.252,High
GPU,Air,APAC,Peak,0.641,63.632,61.061,9.743,24.616,0.775,116.58,70.725,9.88,1.857,Low
Storage,Liquid,EU,Peak,0.973,73.574,59.596,20.14,22.567,0.918,88.735,23.538,15.917,1.395,High
Storage,Air,APAC,Off-Peak,0.208,23.434,65.246,9.144,24.213,0.815,45.501,27.518,3.732,1.575,Low
Compute,Air,NA,Peak,0.879,78.688,75.786,17.32,24.134,0.775,117.624,44.882,14.684,1.514,Low
Storage,Hybrid,NA,Peak,0.452,39.569,98.0,21.376,29.769,0.789,54.918,27.1,7.061,1.734,Low
Storage,Hybrid,EU,Off-Peak,0.448,44.698,81.377,9.362,21.944,0.957,62.9,14.526,11.195,1.138,High
Storage,Hybrid,APAC,Off-Peak,0.414,35.817,72.707,19.591,23.108,0.855,62.825,35.43,5.429,1.228,High
Compute,Liquid,EU,Off-Peak,0.212,24.738,45.512,16.764,18.553,1.0,70.282,18.984,11.567,1.428,High
Edge,Liquid,APAC,Off-Peak,0.531,50.7,39.83,5.768,24.504,0.938,56.785,35.104,4.63,1.645,Low
Storage,Liquid,EU,Off-Peak,0.809,67.591,91.673,23.523,19.736,0.999,129.64,37.342,22.528,1.508,Medium
GPU,Air,APAC,Off-Peak,0.888,64.196,79.615,18.51,21.803,0.957,126.251,75.337,9.394,1.288,High
Storage,Air,ME,Night,0.967,73.5,73.113,19.209,19.821,0.733,80.497,36.618,3.83,1.589,Low
Compute,Air,NA,Off-Peak,0.807,72.741,71.429,18.707,19.554,0.745,122.648,50.226,14.921,1.843,Low
Storage,Hybrid,ME,Off-Peak,0.661,52.367,78.253,36.745,23.768,0.929,112.076,57.794,5.77,1.572,Medium
Storage,Air,EU,Peak,0.548,42.824,55.553,14.35,25.042,0.831,73.298,18.238,13.254,1.464,Medium
Storage,Hybrid,EU,Night,0.887,70.679,34.394,11.99,21.101,0.973,82.005,20.278,15.265,1.272,High
Storage,Liquid,APAC,Peak,0.766,55.57,59.506,23.539,23.091,0.967,70.005,43.754,4.907,1.397,High
Storage,Liquid,EU,Off-Peak,0.245,20.411,57.944,18.879,15.0,0.978,40.264,7.325,6.847,1.229,High
Compute,Air,EU,Peak,0.714,55.908,51.868,11.632,26.218,0.97,78.651,20.197,13.335,1.504,Medium
Storage,Air,EU,Off-Peak,0.488,47.353,64.289,13.521,22.177,0.696,64.136,13.78,12.641,1.367,Medium
Compute,Hybrid,NA,Peak,0.636,51.544,98.0,8.837,22.072,0.906,75.076,28.698,7.755,1.392,High
Compute,Air,EU,Off-Peak,0.909,69.165,72.082,15.795,24.555,0.887,77.398,19.341,13.646,1.194,High
Edge,Air,NA,Peak,0.687,50.086,45.673,10.089,24.81,0.896,60.379,24.066,7.805,1.551,Medium
Storage,Air,ME,Off-Peak,0.945,84.385,76.641,25.894,25.994,0.702,82.647,39.726,4.329,1.507,Low
Storage,Air,NA,Night,0.88,68.97,75.817,22.151,21.876,0.898,63.936,25.182,7.481,1.499,Medium
Storage,Air,EU,Peak,0.216,25.097,58.598,5.445,23.217,0.76,42.378,9.231,7.72,1.456,Medium
Edge,Liquid,ME,Peak,0.11,13.749,36.369,24.198,16.751,0.926,67.514,30.671,2.828,1.268,High
Storage,Air,ME,Off-Peak,0.446,39.821,74.847,11.104,22.238,0.707,52.02,28.833,2.626,1.488,Low
GPU,Liquid,APAC,Night,0.879,62.954,98.0,40.686,17.408,0.953,127.952,79.045,10.262,1.249,High
Compute,Air,EU,Peak,0.307,32.348,80.274,9.382,26.445,0.936,86.39,23.469,15.51,1.421,High
Edge,Hybrid,NA,Peak,0.722,56.213,86.116,12.646,17.968,0.86,93.357,39.053,11.719,1.472,Medium
GPU,Liquid,NA,Off-Peak,0.528,47.576,43.843,8.202,17.288,1.0,99.635,38.861,12.337,1.253,High
GPU,Air,NA,Peak,0.771,70.276,62.361,20.638,30.325,0.877,108.447,44.554,12.639,1.69,Low
Compute,Air,APAC,Off-Peak,0.248,25.409,45.653,15.811,23.718,0.68,47.278,27.076,3.581,2.033,Low
Compute,Air,NA,Night,0.315,29.972,59.194,16.204,24.12,0.864,61.519,19.635,7.584,1.446,Medium
Compute,Liquid,EU,Peak,0.318,34.198,73.598,22.927,17.124,0.901,77.919,23.52,14.754,1.367,High
Compute,Liquid,NA,Off-Peak,0.594,54.74,77.854,6.721,21.555,0.948,109.015,44.204,12.8,1.683,Low
GPU,Hybrid,EU,Off-Peak,0.361,29.211,64.177,11.158,20.23,0.864,113.776,28.047,20.315,1.503,Medium
Compute,Air,EU,Night,0.831,59.798,55.678,14.812,20.712,0.719,80.275,17.577,14.011,1.601,Low
Compute,Air,APAC,Night,0.412,44.037,76.092,22.92,17.909,0.869,73.301,41.721,6.1,1.294,High
Compute,Air,NA,Off-Peak,0.695,54.439,76.94,17.212,23.413,0.878,87.168,36.732,9.961,1.573,Low
Compute,Air,NA,Off-Peak,0.954,75.351,26.216,13.24,26.053,0.954,77.152,29.184,8.751,1.626,Low
Compute,Liquid,NA,Off-Peak,0.646,65.1,73.42,19.953,15.0,1.0,77.828,31.323,8.748,1.307,High
GPU,Air,NA,Peak,0.318,30.956,42.655,20.64,22.753,0.92,106.164,42.317,12.92,1.311,High
Storage,Liquid,EU,Peak,0.847,73.313,67.415,34.79,20.76,0.798,77.984,19.201,14.239,1.408,Medium
Compute,Liquid,NA,Night,0.111,20.596,41.679,5.896,22.282,0.922,64.889,30.041,8.908,1.412,High
Storage,Hybrid,NA,Off-Peak,0.331,29.1,64.024,9.969,20.1,0.825,44.591,18.913,5.349,1.584,Low
Storage,Air,APAC,Peak,0.449,36.344,68.911,9.298,22.762,0.809,60.945,39.785,4.743,1.515,Medium
Compute,Hybrid,EU,Night,0.276,20.919,66.126,22.509,21.714,0.701,55.237,14.001,9.804,1.62,Low
Storage,Hybrid,NA,Off-Peak,0.644,51.643,70.474,14.402,21.947,0.882,58.597,24.248,7.72,1.255,High
GPU,Hybrid,NA,Peak,0.602,47.299,70.331,14.637,20.502,0.978,119.64,47.074,14.446,1.511,Medium
GPU,Liquid,NA,Peak,0.466,37.941,56.571,9.563,23.585,1.0,95.861,40.369,11.231,1.468,Medium
GPU,Hybrid,EU,Peak,0.365,35.081,64.643,10.895,25.235,0.947,94.668,22.806,17.644,1.293,High
Compute,Liquid,EU,Night,0.491,53.385,76.082,10.465,15.0,0.907,76.661,16.776,12.791,1.33,High
Edge,Air,EU,Night,0.362,29.943,62.469,16.963,26.309,0.832,70.324,17.632,12.881,1.574,Low
GPU,Liquid,NA,Peak,0.299,33.276,61.355,7.597,21.555,1.0,141.371,54.006,16.511,1.313,High
Edge,Liquid,EU,Night,0.416,37.048,48.63,6.344,15.0,0.882,55.94,10.672,10.292,2.442,High
Compute,Hybrid,EU,Off-Peak,0.642,52.203,76.462,16.837,26.283,0.922,118.843,27.345,21.077,1.393,High
Edge,Liquid,EU,Off-Peak,0.684,54.351,84.9,13.275,22.091,0.943,48.96,11.568,8.316,1.601,Low
GPU,Air,APAC,Peak,0.368,32.048,75.575,13.35,24.676,0.948,90.328,51.267,7.574,1.683,Low
GPU,Liquid,NA,Off-Peak,0.953,69.73,70.493,27.224,21.274,0.949,111.859,45.198,12.461,1.342,High
Compute,Hybrid,NA,Peak,0.336,27.737,78.143,29.688,21.323,0.806,84.146,35.206,10.035,1.453,Medium
GPU,Air,APAC,Peak,0.741,55.736,71.024,9.303,23.899,0.678,122.357,74.565,9.374,1.478,Low
Edge,Air,NA,Peak,0.173,24.66,34.985,10.616,24.798,0.851,59.822,25.949,6.817,1.44,Medium
Storage,Liquid,NA,Peak,0.698,59.71,82.979,19.897,18.614,0.753,59.026,22.006,6.65,1.451,Medium
Storage,Air,APAC,Night,0.514,42.265,50.074,17.218,17.138,0.943,48.583,28.526,3.924,1.445,Medium
Edge,Air,EU,Night,0.612,50.877,56.883,9.203,25.848,0.836,58.294,12.777,10.176,1.488,Medium
Storage,Air,APAC,Night,0.266,28.674,59.975,7.102,15.0,0.717,197.519,118.512,15.802,1.612,Low
Storage,Hybrid,NA,Peak,0.49,41.577,70.93,11.367,26.43,0.842,76.633,32.118,9.193,1.694,Low
Storage,Air,NA,Off-Peak,0.79,70.695,82.419,11.47,25.379,0.845,71.643,27.101,8.139,1.59,Low
Edge,Air,NA,Off-Peak,0.79,66.554,45.067,11.092,18.908,0.949,88.987,34.712,11.065,1.709,Low
Compute,Liquid,EU,Peak,0.314,26.549,68.231,9.137,20.294,0.85,61.811,18.769,11.343,1.37,High
Storage,Hybrid,NA,Peak,0.417,33.089,40.284,31.385,23.81,0.883,56.671,20.985,7.245,1.359,High
Storage,Hybrid,EU,Off-Peak,0.103,17.998,59.165,6.945,23.23,0.808,39.279,10.8,7.085,1.601,Low
GPU,Air,NA,Peak,0.181,18.054,57.943,10.08,22.162,0.854,76.02,34.092,9.689,1.419,Medium
Storage,Hybrid,NA,Night,0.214,22.277,27.273,4.431,18.621,0.831,75.134,28.938,9.813,1.324,High
Edge,Air,EU,Off-Peak,0.364,45.618,95.127,14.277,24.177,0.992,55.498,16.082,10.31,1.345,High
Edge,Liquid,ME,Peak,0.783,65.12,40.6,45.937,17.744,0.895,70.592,33.451,3.991,1.365,High
Compute,Liquid,APAC,Off-Peak,0.559,46.753,68.45,8.644,15.0,1.0,78.456,47.993,7.009,1.115,High
Storage,Air,ME,Peak,0.813,69.18,66.798,19.104,24.909,0.885,75.09,39.594,4.005,1.45,Medium
Compute,Liquid,EU,Peak,0.779,69.206,66.743,13.305,36.523,0.873,73.168,20.738,13.298,1.24,High
Compute,Air,NA,Peak,0.628,62.581,40.565,10.753,21.381,0.856,78.002,32.628,8.968,1.336,High
Storage,Hybrid,NA,Off-Peak,0.55,48.33,73.967,26.668,21.459,0.983,86.465,35.005,10.235,1.189,High
Edge,Air,EU,Peak,0.938,78.203,98.0,35.858,22.994,0.903,71.235,17.601,13.496,1.495,Medium
GPU,Liquid,NA,Off-Peak,0.612,44.517,65.756,15.592,17.141,0.938,102.123,41.92,11.445,1.38,High
Compute,Air,NA,Peak,0.535,42.803,69.724,20.399,29.643,0.877,67.55,27.696,8.386,1.577,Low
Compute,Air,NA,Peak,0.882,66.791,71.501,22.702,27.322,0.783,73.073,28.273,8.93,1.458,Medium
Storage,Hybrid,EU,Peak,0.164,14.105,72.101,9.368,26.132,0.865,63.763,14.399,11.052,1.955,Low
Storage,Liquid,NA,Off-Peak,0.69,62.961,83.327,21.575,16.706,0.894,108.43,41.023,14.394,1.247,High
Compute,Hybrid,NA,Off-Peak,0.202,0.404,38.757,11.753,21.12,0.815,61.546,23.337,7.671,1.547,Low
GPU,Air,EU,Off-Peak,0.838,69.058,56.808,15.061,25.677,0.686,150.011,36.581,27.705,1.573,Low
Edge,Air,NA,Peak,0.813,72.949,59.079,19.74,25.693,0.648,74.121,32.656,9.014,1.372,Medium
Storage,Liquid,EU,Peak,0.553,49.565,67.735,28.022,23.249,1.0,68.102,17.096,13.148,1.366,High
GPU,Air,APAC,Off-Peak,0.695,59.105,83.455,11.718,21.13,0.781,97.918,59.753,7.409,1.546,Low
Compute,Air,NA,Peak,0.795,73.434,34.023,29.383,22.659,0.692,98.808,38.39,11.632,1.547,Low
GPU,Liquid,APAC,Peak,0.535,40.623,72.374,18.737,16.783,1.0,120.696,76.228,9.557,1.367,High
Storage,Air,NA,Peak,0.915,75.61,96.612,14.881,26.384,0.99,63.848,26.63,6.957,1.498,Medium
Compute,Air,EU,Off-Peak,0.493,50.03,59.716,13.976,24.831,0.742,76.997,17.503,13.615,1.627,Low
Edge,Air,EU,Off-Peak,0.903,65.579,71.856,17.468,24.9,0.673,66.121,14.984,11.509,1.84,Low
Storage,Liquid,ME,Peak,0.624,45.365,82.228,12.309,18.968,1.0,52.317,27.795,2.75,1.057,High
GPU,Liquid,EU,Off-Peak,0.484,40.971,76.141,19.131,20.381,0.877,117.193,27.357,20.069,1.21,High
Compute,Air,NA,Off-Peak,0.104,20.944,51.863,14.412,27.143,0.838,61.094,24.98,7.637,1.475,Medium
Compute,Liquid,EU,Peak,0.366,29.59,68.435,17.691,24.288,0.685,64.948,18.834,12.209,1.32,Medium
Compute,Air,NA,Peak,0.881,70.114,25.274,21.772,28.558,0.869,81.499,36.597,8.928,1.599,Low
Storage,Hybrid,EU,Off-Peak,0.486,39.059,70.515,15.624,15.149,0.716,97.638,29.01,17.526,1.384,Medium
Storage,Hybrid,NA,Off-Peak,0.479,44.275,64.863,31.023,24.876,0.891,76.696,28.578,9.091,1.623,Low
Compute,Liquid,EU,Peak,0.54,53.846,90.009,14.54,18.193,1.0,78.424,18.685,14.897,1.205,High
Storage,Air,NA,Off-Peak,0.358,36.9,86.818,7.688,24.148,0.766,48.016,18.788,6.16,1.286,High
Storage,Liquid,APAC,Off-Peak,0.542,45.808,63.326,9.137,18.582,1.0,53.392,35.921,4.358,1.619,Medium
GPU,Liquid,EU,Off-Peak,0.438,33.142,83.954,17.744,16.396,0.933,105.97,27.726,19.07,1.174,High
Storage,Hybrid,NA,Peak,0.918,74.443,62.108,17.106,20.32,0.88,62.124,20.243,7.963,1.351,High
Edge,Hybrid,APAC,Peak,0.608,50.528,67.3,14.913,36.278,0.873,85.239,50.891,7.18,1.201,High
Storage,Hybrid,EU,Off-Peak,0.851,76.147,91.253,29.934,21.625,0.76,119.007,30.408,21.611,1.077,High
Storage,Air,NA,Off-Peak,0.718,62.961,72.658,13.111,21.105,0.98,85.784,38.373,11.066,1.53,Medium
Compute,Hybrid,NA,Peak,0.291,26.358,70.757,4.713,17.848,0.718,41.233,20.34,4.992,1.667,Low
Compute,Liquid,EU,Off-Peak,0.881,71.648,72.818,23.475,15.0,0.827,76.462,15.14,14.408,1.296,High
Compute,Hybrid,NA,Off-Peak,0.179,22.698,48.952,14.685,16.696,0.795,54.394,25.169,6.827,1.367,Medium
Storage,Air,ME,Off-Peak,0.504,38.89,62.027,13.63,28.412,0.762,59.388,30.601,2.649,1.327,High
Compute,Air,NA,Peak,0.315,25.962,53.509,8.216,27.383,0.808,60.491,22.6,6.835,1.784,Low
Compute,Air,NA,Off-Peak,0.584,46.365,59.298,19.234,26.762,0.894,69.019,23.49,8.126,1.354,High
GPU,Air,ME,Off-Peak,0.37,35.609,82.451,14.452,21.747,0.877,95.313,47.391,4.813,1.312,High
Compute,Air,ME,Peak,0.751,58.869,57.642,14.595,20.266,0.665,104.93,54.5,4.862,1.43,Medium
Compute,Hybrid,NA,Peak,0.943,82.511,55.207,16.456,24.825,0.784,106.152,41.532,12.781,1.637,Low
Compute,Air,APAC,Peak,0.738,53.953,98.0,23.314,26.133,0.87,95.365,58.269,6.73,1.521,Medium
GPU,Air,NA,Off-Peak,0.42,34.938,61.649,13.822,22.686,0.783,115.074,49.909,13.055,1.538,Low
Compute,Air,APAC,Peak,0.64,49.78,85.95,17.912,25.054,0.65,94.619,58.231,8.224,1.482,Low
Storage,Air,APAC,Night,0.9,68.682,95.026,27.924,28.551,0.899,98.626,57.734,7.764,1.384,High
Storage,Hybrid,NA,Night,0.343,33.67,64.801,18.167,19.638,0.976,50.135,17.941,5.749,1.543,Medium
Storage,Air,NA,Night,0.206,32.248,73.282,26.684,16.119,0.916,81.857,31.91,10.428,1.389,High
Storage,Air,NA,Off-Peak,0.218,25.027,52.365,11.521,22.46,0.849,38.633,17.473,4.584,1.607,Low
GPU,Hybrid,NA,Night,0.545,51.579,49.617,16.162,16.737,0.886,118.114,50.422,14.977,1.27,High
Compute,Hybrid,NA,Peak,0.759,58.685,74.642,16.867,22.406,0.928,83.45,34.944,9.237,1.326,High
Compute,Air,APAC,Off-Peak,0.692,60.117,98.0,18.582,26.197,0.973,103.161,59.781,8.901,1.18,High
Compute,Liquid,NA,Peak,0.509,0.876,39.612,8.767,22.261,1.0,86.865,33.802,10.924,1.412,High
Compute,Liquid,EU,Peak,0.756,59.693,80.119,17.715,19.048,0.909,67.494,15.042,12.77,1.391,High
Compute,Liquid,APAC,Peak,0.671,51.772,62.166,14.986,23.309,1.0,70.589,45.373,5.355,1.6,Medium
Compute,Air,EU,Off-Peak,0.665,49.55,41.663,14.979,26.866,0.891,75.469,21.408,13.768,1.536,Medium
Storage,Hybrid,EU,Peak,0.282,23.191,59.594,19.33,23.163,0.956,80.764,22.82,14.362,1.314,High
Storage,Air,NA,Off-Peak,0.381,40.85,55.361,11.304,25.461,0.871,74.346,29.019,9.607,1.53,Medium
Compute,Air,EU,Night,0.41,35.651,52.463,17.203,18.173,0.926,58.808,16.266,10.107,1.441,Medium
GPU,Air,NA,Peak,0.827,61.473,71.327,18.306,27.806,0.989,111.725,39.708,13.276,1.642,Low
Compute,Air,APAC,Off-Peak,0.798,61.999,70.527,14.325,27.004,0.935,110.514,64.89,9.2,1.63,Low
Compute,Hybrid,NA,Off-Peak,0.327,41.349,27.535,4.126,22.672,0.858,54.888,20.771,6.538,1.481,Medium
Storage,Liquid,EU,Peak,0.15,19.317,84.605,2.165,23.815,1.0,50.066,11.493,9.727,1.368,High
Compute,Air,EU,Night,0.791,68.697,93.539,23.586,22.801,0.77,85.412,21.086,15.117,1.578,Low
Compute,Air,EU,Night,0.469,43.027,88.451,12.15,37.297,0.935,69.307,18.327,12.509,1.138,High
Storage,Air,NA,Peak,0.298,23.327,61.389,17.444,22.894,0.614,48.618,18.23,5.352,1.638,Low
Edge,Hybrid,NA,Peak,0.205,28.479,61.34,14.389,25.554,0.986,39.421,17.397,4.933,1.185,High
GPU,Liquid,APAC,Night,0.112,13.911,75.644,7.105,15.114,0.827,83.605,45.705,6.692,1.541,Low
Compute,Liquid,NA,Night,0.485,53.462,91.02,12.279,15.881,0.967,102.529,42.011,12.376,1.29,High
GPU,Liquid,NA,Off-Peak,0.406,34.662,83.631,8.032,20.358,0.97,102.396,43.49,12.223,1.346,High
GPU,Liquid,EU,Peak,0.727,64.048,70.509,24.446,23.06,0.821,111.775,28.371,19.271,1.46,Medium
Storage,Liquid,APAC,Off-Peak,0.979,82.154,78.288,10.614,18.372,1.0,92.551,54.085,6.456,1.167,High
GPU,Air,NA,Peak,0.286,31.226,76.276,12.798,21.878,0.663,103.49,38.857,11.922,1.764,Low
Storage,Hybrid,EU,Night,0.319,28.338,55.982,23.424,20.007,0.868,36.954,11.356,6.32,1.415,Medium
Compute,Liquid,EU,Off-Peak,0.404,33.404,68.716,13.728,15.574,0.978,81.765,21.579,14.569,1.293,High
Storage,Liquid,NA,Off-Peak,0.519,40.93,47.691,13.424,22.06,0.925,84.701,33.08,10.136,1.411,High
Storage,Hybrid,EU,Peak,0.728,61.984,45.386,16.158,23.832,0.886,103.98,25.356,18.702,1.771,Low
Storage,Hybrid,APAC,Off-Peak,0.417,35.288,56.407,10.491,24.026,0.856,60.169,36.257,4.802,1.507,Medium
Storage,Hybrid,ME,Peak,0.194,23.369,52.621,4.467,22.694,0.752,51.505,24.003,2.021,1.445,Medium
Edge,Hybrid,NA,Peak,0.757,68.907,63.765,33.709,23.075,0.861,60.402,24.919,8.452,1.49,Medium
Edge,Air,EU,Off-Peak,0.815,73.023,71.522,10.906,20.448,0.931,86.525,25.459,15.84,1.326,High
GPU,Air,EU,Off-Peak,0.323,36.028,69.885,6.98,15.0,0.769,107.444,26.74,18.925,1.507,Medium
GPU,Liquid,NA,Off-Peak,0.223,27.647,58.366,6.639,16.027,1.0,86.4,34.765,10.276,1.05,High
Edge,Air,EU,Night,0.575,44.002,73.977,16.553,17.355,0.841,59.293,16.449,9.824,1.369,High
Compute,Hybrid,NA,Peak,0.287,26.601,62.439,34.941,20.536,0.761,85.728,35.703,10.069,1.566,Low
Compute,Liquid,NA,Off-Peak,0.437,43.345,73.451,6.368,18.867,0.817,86.993,35.961,9.848,1.738,Low
Storage,Liquid,NA,Off-Peak,0.8,61.441,56.531,24.599,19.585,0.829,81.15,30.349,10.629,1.337,High
GPU,Hybrid,NA,Peak,0.298,34.521,75.494,7.986,22.851,0.854,99.428,36.213,11.545,1.45,Medium
Storage,Air,EU,Off-Peak,0.826,62.004,79.424,25.726,18.995,0.722,91.703,23.027,16.98,1.516,Low
GPU,Liquid,NA,Off-Peak,0.707,61.528,57.001,12.254,22.132,1.0,116.174,44.931,14.756,1.587,Medium
Compute,Liquid,EU,Night,0.298,26.262,62.974,19.317,18.023,1.0,65.597,19.66,11.286,1.237,High
Compute,Air,NA,Off-Peak,0.574,44.835,55.1,22.527,16.733,0.793,71.763,28.844,8.55,1.313,High
GPU,Air,EU,Peak,0.653,53.552,88.93,22.163,23.402,0.764,93.096,21.451,17.874,1.241,High
Compute,Hybrid,APAC,Peak,0.28,27.305,34.246,15.618,21.215,0.852,52.555,33.18,4.164,1.142,High
Compute,Liquid,NA,Peak,0.23,24.849,49.904,17.284,23.332,1.0,211.987,84.795,25.438,1.446,High
Compute,Hybrid,EU,Peak,0.578,47.637,78.526,16.187,19.994,0.751,63.458,17.021,11.056,1.384,Medium
Compute,Liquid,EU,Off-Peak,0.724,0.946,77.107,14.951,15.0,0.796,100.564,23.299,17.798,1.52,Medium
GPU,Air,EU,Peak,0.519,60.775,81.658,12.561,27.118,0.848,107.413,23.407,19.803,1.43,Medium
Compute,Air,NA,Night,0.163,22.313,38.55,10.065,21.205,0.75,93.558,37.68,10.113,1.734,Low
Storage,Air,EU,Peak,0.933,77.571,58.585,11.311,23.639,0.801,80.655,20.725,14.472,1.476,Medium
Compute,Hybrid,NA,Off-Peak,0.725,68.06,85.346,13.902,24.489,0.879,89.585,35.087,10.862,1.631,Low
GPU,Air,NA,Peak,0.659,59.0,82.459,21.67,20.992,0.774,101.085,40.306,11.655,1.454,Medium
Compute,Hybrid,EU,Off-Peak,0.679,59.922,56.09,12.593,24.284,0.822,70.646,16.663,12.596,1.36,High
Storage,Hybrid,NA,Peak,0.459,44.465,94.826,7.883,26.619,0.848,47.532,15.607,5.907,1.532,Medium
GPU,Hybrid,EU,Peak,0.986,73.587,75.556,23.715,27.68,0.852,106.934,25.201,19.959,1.357,High
Compute,Air,EU,Off-Peak,0.219,20.065,53.983,21.764,24.919,0.713,61.884,16.048,11.474,1.627,Low
GPU,Hybrid,APAC,Off-Peak,0.765,68.27,49.524,28.037,18.273,0.734,109.373,65.45,8.276,1.534,Low
Storage,Air,NA,Off-Peak,0.479,40.75,73.55,9.74,22.09,0.965,75.956,28.478,8.747,1.499,Medium
Storage,Air,ME,Off-Peak,0.893,69.314,78.657,24.657,24.147,0.651,73.28,39.473,3.26,1.979,Low
Compute,Air,EU,Night,0.746,74.511,65.187,9.665,24.86,0.649,127.809,31.602,23.429,1.587,Low
Edge,Hybrid,NA,Night,0.606,51.519,59.424,24.302,17.676,0.882,57.347,23.529,6.093,1.562,Medium
GPU,Air,NA,Off-Peak,0.944,74.421,65.388,17.166,20.432,0.734,98.089,37.83,11.85,1.392,Medium
Compute,Liquid,EU,Peak,0.921,72.298,50.853,37.614,22.7,0.851,84.691,23.09,15.157,1.389,Medium
Compute,Air,APAC,Night,0.147,13.387,73.271,7.826,21.652,0.699,56.008,35.398,5.511,1.495,Low
GPU,Air,EU,Night,0.273,38.353,79.895,17.441,22.074,0.925,106.963,26.713,19.328,1.375,High
Storage,Air,EU,Off-Peak,0.708,58.578,31.175,12.02,25.915,0.895,74.981,19.34,14.102,1.723,Low
GPU,Hybrid,NA,Off-Peak,0.93,67.988,71.871,22.014,22.295,0.71,121.781,49.857,14.302,1.716,Low
Storage,Liquid,NA,Peak,0.487,46.589,67.845,19.394,20.013,0.906,64.37,25.6,8.238,1.378,High
GPU,Hybrid,NA,Off-Peak,0.134,16.785,68.805,8.969,24.137,0.759,86.706,32.171,10.791,1.443,Medium
Compute,Liquid,APAC,Night,0.679,66.72,61.81,10.759,17.559,0.941,78.285,48.344,6.468,1.369,High
Compute,Hybrid,NA,Off-Peak,0.275,25.119,57.829,18.445,22.526,0.894,62.219,24.617,8.658,1.582,Low
Storage,Liquid,NA,Off-Peak,0.597,50.902,70.691,7.943,22.761,0.907,62.689,26.428,7.856,1.306,High
Edge,Liquid,NA,Peak,0.446,34.051,66.117,6.258,20.156,0.966,71.115,29.35,8.873,1.375,High
Compute,Liquid,APAC,Peak,0.602,46.546,78.839,13.196,36.864,0.991,99.387,60.503,7.14,1.103,High
Storage,Air,APAC,Off-Peak,0.939,72.111,56.11,20.149,26.725,0.729,69.287,43.736,5.705,1.578,Low
Storage,Hybrid,NA,Peak,0.537,40.999,46.741,19.833,22.451,0.991,85.785,33.987,10.09,1.391,High
Storage,Liquid,ME,Off-Peak,0.131,19.123,51.613,4.915,21.314,1.0,86.633,45.335,4.779,1.483,Medium
GPU,Hybrid,NA,Off-Peak,0.623,46.713,44.657,26.792,18.564,0.957,106.976,41.41,12.531,1.481,Medium
GPU,Liquid,NA,Peak,0.393,34.705,98.0,9.397,23.003,1.0,210.277,84.111,25.233,1.195,High
Compute,Air,NA,Peak,0.8,68.803,56.477,23.503,28.887,0.592,125.597,50.16,14.636,1.856,Low
Edge,Liquid,NA,Night,0.523,49.483,79.781,9.562,16.631,1.0,81.031,30.829,9.334,1.355,High
GPU,Air,NA,Peak,0.767,66.412,93.252,13.147,27.862,0.788,131.167,53.483,15.994,1.724,Low
GPU,Liquid,EU,Peak,0.918,85.768,77.217,18.284,22.797,1.0,127.448,33.561,22.112,1.531,Medium
Storage,Liquid,EU,Off-Peak,0.426,32.486,51.81,7.95,15.548,0.971,65.952,15.95,11.541,1.194,High
GPU,Hybrid,EU,Night,0.99,78.471,77.145,16.818,19.436,0.742,118.756,30.146,21.047,1.359,Medium
Compute,Air,EU,Night,0.235,32.141,39.034,9.211,22.502,0.702,61.886,17.02,11.501,1.469,Medium
Compute,Air,APAC,Off-Peak,0.68,62.56,46.752,11.216,26.411,0.808,84.224,48.957,6.259,1.43,Medium
GPU,Air,NA,Off-Peak,0.131,12.88,87.624,15.078,23.501,0.669,108.585,45.529,13.236,1.591,Low
Compute,Air,EU,Night,0.292,34.542,36.102,7.013,23.624,0.856,98.747,24.919,18.167,1.691,Low
Compute,Hybrid,EU,Off-Peak,0.67,56.872,41.17,26.136,20.215,0.939,75.657,21.099,12.958,1.629,Low
GPU,Hybrid,ME,Off-Peak,0.142,12.992,68.337,9.372,17.94,0.822,95.455,51.41,5.232,1.52,Medium
GPU,Liquid,NA,Off-Peak,0.192,26.868,49.647,4.417,15.0,0.955,108.161,45.029,12.498,1.109,High
Compute,Hybrid,NA,Peak,0.362,26.881,81.323,8.189,21.128,0.849,64.015,27.01,7.744,1.444,Medium
GPU,Air,EU,Off-Peak,0.618,52.905,14.631,15.359,17.33,0.702,110.768,28.069,20.412,1.551,Low
Storage,Air,APAC,Peak,0.114,14.35,55.717,4.828,21.067,0.727,40.131,24.332,2.944,1.234,High
Storage,Air,NA,Peak,0.534,47.314,45.444,12.973,16.585,0.701,58.799,23.071,6.923,1.229,High
GPU,Hybrid,EU,Night,0.663,54.276,38.124,19.424,16.593,0.926,116.224,27.794,19.798,1.401,High
Storage,Liquid,NA,Peak,0.462,46.58,42.247,14.275,16.51,0.814,59.132,21.4,8.484,1.276,High
Compute,Liquid,ME,Peak,0.161,17.154,34.457,15.6,19.924,0.897,81.171,38.213,4.646,1.492,Medium
Compute,Air,NA,Peak,0.65,49.326,62.956,13.12,25.106,0.823,91.716,39.315,10.812,1.633,Low
Storage,Air,NA,Off-Peak,0.645,56.155,59.157,8.798,18.227,0.974,67.107,28.654,8.189,1.292,High
Storage,Hybrid,NA,Night,0.555,41.274,74.575,9.906,23.215,0.899,53.753,19.471,5.828,1.353,High
GPU,Air,EU,Off-Peak,0.724,61.208,40.019,12.894,27.085,0.912,103.818,25.84,19.904,1.63,Low
GPU,Liquid,NA,Night,0.287,22.478,67.261,19.362,16.518,0.914,218.464,87.386,26.216,1.247,High
Storage,Air,APAC,Night,0.711,63.695,83.743,18.417,22.535,0.584,79.553,49.368,6.057,1.574,Low
GPU,Air,APAC,Night,0.245,24.887,76.548,9.684,21.614,0.721,97.346,58.957,7.844,1.464,Medium
Compute,Liquid,NA,Peak,0.453,39.645,74.156,15.523,19.255,1.0,95.939,37.83,12.301,1.5,Medium
Compute,Air,EU,Off-Peak,0.161,13.109,63.408,5.779,18.682,0.775,84.408,18.613,16.276,1.465,Medium
GPU,Liquid,NA,Peak,0.837,59.864,61.655,9.696,19.154,0.952,230.381,92.152,27.646,1.352,High
Compute,Liquid,NA,Peak,0.584,45.027,83.317,9.578,19.395,1.0,82.702,33.765,10.487,1.388,High
Compute,Liquid,NA,Off-Peak,0.974,75.467,89.395,15.139,22.628,0.986,84.054,35.724,10.124,1.415,High
Storage,Liquid,NA,Off-Peak,0.948,83.556,69.642,11.787,22.857,0.964,91.57,36.839,11.119,1.684,Low
Storage,Liquid,EU,Off-Peak,0.999,75.265,56.642,14.413,15.469,0.659,97.959,23.615,18.791,1.262,High
GPU,Air,NA,Peak,0.191,21.178,43.822,34.596,24.919,0.691,73.015,31.709,8.329,1.673,Low
Compute,Liquid,APAC,Peak,0.646,53.089,45.734,15.722,22.148,0.687,77.097,46.574,6.186,1.757,Low
Compute,Liquid,EU,Peak,0.467,37.051,51.408,17.77,29.402,0.888,65.764,20.905,12.597,1.485,Medium
Compute,Air,APAC,Night,0.579,47.382,76.973,6.509,16.237,0.719,56.55,34.529,4.651,1.537,Low
Storage,Hybrid,ME,Off-Peak,0.378,33.857,77.289,5.338,27.388,0.985,47.453,21.069,2.326,1.34,High
Compute,Liquid,ME,Night,0.143,24.589,50.022,14.431,16.505,0.856,56.618,30.823,2.825,1.384,Medium
Storage,Hybrid,EU,Night,0.737,66.26,62.362,16.993,16.678,0.785,69.115,17.645,12.06,1.587,Low
GPU,Hybrid,EU,Off-Peak,0.969,69.784,64.043,12.448,17.602,0.853,118.115,30.51,21.031,1.263,High
Edge,Air,NA,Peak,0.579,41.747,50.898,33.876,22.277,0.83,71.112,25.282,9.319,1.439,Medium
Compute,Liquid,APAC,Off-Peak,0.397,36.67,47.295,13.284,22.766,0.997,59.994,35.514,4.829,1.195,High
Storage,Air,EU,Off-Peak,0.944,71.56,95.678,18.491,26.59,0.806,103.402,28.68,18.849,1.65,Low
Storage,Air,ME,Off-Peak,0.428,35.634,55.494,22.479,23.203,0.711,70.514,32.846,2.766,1.604,Low
Edge,Hybrid,NA,Peak,0.923,83.357,72.126,36.758,23.714,0.826,232.33,92.932,27.88,1.609,Low
Edge,Liquid,NA,Off-Peak,0.87,73.79,31.322,23.287,19.932,1.0,91.946,37.448,11.445,1.282,High
Compute,Air,NA,Peak,0.576,49.229,52.536,16.725,19.414,0.879,96.556,39.573,12.478,1.435,Medium
GPU,Liquid,APAC,Night,0.709,57.946,53.945,10.861,15.0,1.0,110.143,66.735,8.983,1.199,High
Compute,Hybrid,NA,Off-Peak,0.73,60.453,78.983,29.167,26.307,0.864,110.887,46.282,12.824,1.531,Medium
Compute,Liquid,EU,Peak,0.677,55.972,82.975,16.144,24.324,0.794,223.856,55.964,40.294,1.751,Low
Compute,Liquid,EU,Peak,0.245,34.999,74.648,11.198,22.44,1.0,76.374,22.136,12.774,2.58,High
Storage,Liquid,NA,Off-Peak,0.723,67.154,46.966,12.37,15.731,1.0,74.666,30.113,8.52,1.347,High
Storage,Air,EU,Off-Peak,0.103,9.278,76.466,9.234,24.297,0.79,40.953,12.486,7.435,1.66,Low
Compute,Air,EU,Off-Peak,0.739,65.57,60.733,21.328,23.524,0.906,109.016,30.394,20.261,1.611,Low
Storage,Liquid,NA,Off-Peak,0.599,50.213,51.657,8.795,18.8,1.0,99.231,38.352,12.547,1.236,High
Compute,Air,EU,Off-Peak,0.334,33.111,66.473,29.928,26.2,0.762,70.666,17.994,12.911,1.752,Low
Storage,Liquid,ME,Peak,0.823,61.745,91.726,11.752,19.661,0.859,104.162,51.055,5.156,1.402,Medium
Compute,Liquid,ME,Night,0.465,32.643,68.639,11.302,17.303,0.86,74.152,41.028,3.899,1.367,High
Compute,Liquid,EU,Off-Peak,0.537,42.258,43.611,6.554,17.222,0.942,61.602,14.447,11.028,1.487,Medium
Storage,Air,EU,Peak,0.125,23.567,67.249,3.729,26.461,0.701,77.483,20.29,14.04,1.417,Medium
Compute,Air,NA,Peak,0.461,46.714,84.674,15.666,21.771,0.889,88.924,32.496,9.699,1.439,Medium
Storage,Air,ME,Peak,0.251,22.2,41.012,15.943,24.097,0.842,48.233,26.562,3.354,1.512,Medium
Compute,Liquid,NA,Peak,0.349,32.021,62.894,11.948,22.786,0.82,74.598,28.424,9.783,1.615,Low
Storage,Air,EU,Off-Peak,0.327,30.942,57.524,9.036,21.392,0.84,56.981,15.488,10.952,1.213,High
Compute,Liquid,NA,Peak,0.141,15.135,59.888,10.359,20.654,0.883,73.915,28.581,8.921,1.39,High
Storage,Air,NA,Night,0.514,38.234,46.041,10.305,26.649,0.701,204.791,81.916,24.575,1.545,Low
GPU,Liquid,NA,Off-Peak,0.57,46.837,49.962,9.833,23.137,0.992,103.153,41.386,12.269,1.232,High
Compute,Air,APAC,Peak,0.614,58.522,75.553,12.591,27.235,0.744,98.071,60.944,7.953,1.712,Low
Storage,Liquid,EU,Peak,0.516,38.59,76.183,6.843,21.637,0.975,48.174,9.632,8.076,1.435,High
Compute,Air,EU,Off-Peak,0.883,65.056,80.709,11.819,22.81,0.923,73.36,19.966,13.078,1.236,High
Storage,Air,NA,Peak,0.134,12.628,72.542,8.406,22.308,0.833,42.791,11.329,5.531,1.463,Medium
Compute,Hybrid,APAC,Peak,0.652,52.785,58.624,6.768,19.942,0.817,80.185,48.88,6.177,1.466,Medium
Storage,Air,NA,Peak,0.88,76.432,98.0,20.403,22.574,0.865,96.635,39.375,10.992,1.432,Medium
Storage,Liquid,NA,Peak,0.137,17.961,39.402,4.133,22.44,0.819,35.389,12.975,4.159,1.525,Medium
Edge,Hybrid,EU,Peak,0.547,53.818,76.564,10.828,22.462,0.735,72.919,17.303,12.808,1.446,Medium
Storage,Liquid,ME,Peak,0.63,47.042,74.834,9.669,20.063,0.98,52.956,25.803,1.967,1.543,Medium
Storage,Hybrid,NA,Night,0.272,25.782,60.901,13.297,18.44,0.936,62.097,19.421,6.996,1.05,High
Storage,Air,EU,Peak,0.327,29.282,78.508,21.769,20.326,0.797,70.552,17.246,12.429,1.613,Low
Edge,Air,EU,Off-Peak,0.807,0.87,89.002,13.826,21.218,0.787,70.538,18.183,12.655,1.623,Low
GPU,Air,APAC,Peak,0.611,47.871,76.307,10.088,23.788,0.94,98.565,56.841,8.069,1.384,High
Compute,Air,NA,Peak,0.384,36.414,55.622,9.499,19.616,0.861,74.135,29.712,9.308,1.247,High
GPU,Air,EU,Off-Peak,0.788,68.638,98.0,10.57,24.258,0.847,113.83,25.368,20.296,1.621,Low
Storage,Air,NA,Peak,0.772,62.838,61.91,11.456,26.184,0.905,72.404,32.349,8.294,1.42,Medium
GPU,Liquid,NA,Peak,0.411,32.275,64.684,11.123,24.744,0.774,97.069,40.183,12.242,1.576,Low
GPU,Hybrid,NA,Off-Peak,0.54,39.002,81.041,21.533,20.816,0.869,95.034,42.59,12.021,1.651,Low
Compute,Air,ME,Peak,0.698,56.61,61.315,13.03,23.447,0.735,89.124,45.946,4.142,1.612,Low
GPU,Air,NA,Off-Peak,0.409,35.951,61.852,7.482,20.776,0.84,113.153,43.963,13.498,1.549,Low
Compute,Air,ME,Peak,0.666,54.634,39.15,9.834,27.365,0.849,85.029,40.936,3.466,1.84,Low
Compute,Air,NA,Peak,0.326,27.591,70.306,38.763,27.265,0.957,62.761,22.481,7.148,1.449,Medium
Compute,Liquid,ME,Peak,0.363,44.665,83.614,3.816,22.152,0.895,82.636,44.272,4.514,1.592,Low
GPU,Air,EU,Night,0.38,34.169,69.812,19.323,20.108,0.913,80.343,21.389,14.831,1.133,High
Compute,Air,NA,Off-Peak,0.942,84.428,71.425,29.212,28.076,0.761,93.766,34.926,11.438,1.611,Low
Compute,Liquid,EU,Off-Peak,0.85,60.06,79.797,13.57,18.615,0.9,113.521,27.658,20.343,1.428,Medium
GPU,Hybrid,NA,Off-Peak,0.609,55.208,89.985,17.032,19.444,0.912,122.655,45.647,14.224,1.05,High
Compute,Liquid,NA,Off-Peak,0.607,54.767,71.163,16.715,20.912,1.0,81.966,32.786,10.305,1.279,High
Compute,Liquid,EU,Off-Peak,0.151,14.8,81.39,4.696,17.542,0.888,68.07,17.335,12.495,1.337,High
Compute,Air,EU,Off-Peak,0.685,69.759,73.295,26.846,18.924,0.731,107.986,25.852,19.664,1.517,Low
Compute,Air,EU,Off-Peak,0.395,48.073,61.073,7.711,29.446,0.915,69.715,17.353,12.566,1.549,Medium
Storage,Air,APAC,Peak,0.651,51.173,80.003,22.741,27.341,0.904,65.716,40.899,4.806,1.446,Medium
Compute,Air,NA,Night,0.856,64.118,79.918,47.784,21.262,0.879,82.584,35.378,9.867,1.359,High
Edge,Hybrid,ME,Night,0.141,20.753,54.078,7.231,19.433,0.734,39.809,20.737,2.12,2.048,Low
GPU,Liquid,ME,Peak,0.646,50.358,80.174,18.446,17.526,1.0,127.433,63.705,6.69,1.461,Medium
Compute,Air,NA,Off-Peak,0.608,53.016,68.914,14.292,23.26,0.691,103.447,40.734,12.319,1.599,Low
Compute,Air,NA,Off-Peak,0.286,26.454,67.62,13.687,22.238,0.685,57.706,22.876,7.192,1.68,Low
Storage,Air,EU,Peak,0.682,50.412,51.948,13.223,23.39,0.775,90.359,23.866,15.987,1.588,Low
Storage,Liquid,EU,Night,0.599,59.246,76.255,24.954,15.0,1.0,69.891,16.416,12.784,1.403,High
Compute,Air,NA,Off-Peak,0.791,60.323,82.666,16.577,19.594,0.719,77.504,29.231,9.061,1.267,High
Compute,Air,NA,Off-Peak,0.2,23.38,70.386,7.563,22.977,0.866,66.412,28.279,6.663,1.419,Medium
GPU,Liquid,EU,Peak,0.499,38.32,74.264,10.76,20.829,1.0,91.577,23.547,16.511,1.223,High
Compute,Air,EU,Peak,0.998,78.805,79.113,15.411,25.551,0.806,94.693,22.353,17.724,1.619,Low
Compute,Air,NA,Peak,0.72,52.238,47.867,18.959,23.377,0.686,81.097,28.683,9.45,1.384,Medium
GPU,Air,APAC,Peak,0.716,60.754,76.471,12.741,22.791,0.713,137.062,80.631,10.286,1.88,Low
Storage,Air,EU,Off-Peak,0.386,37.494,70.009,13.865,25.349,0.949,51.409,9.529,9.817,1.567,Medium
Compute,Air,NA,Night,0.184,23.057,62.68,21.59,21.828,0.922,52.533,22.619,6.956,1.425,Medium
Storage,Air,EU,Off-Peak,0.955,78.635,54.76,18.984,24.852,0.837,83.941,23.878,15.044,1.295,High
Compute,Liquid,NA,Peak,0.195,19.064,57.212,14.272,25.271,0.805,62.177,27.361,7.217,1.671,Low
GPU,Liquid,EU,Peak,0.993,82.822,68.853,12.432,20.67,0.998,133.091,31.394,23.651,1.4,High
Storage,Liquid,NA,Off-Peak,0.213,33.21,53.795,23.048,15.481,0.872,60.77,21.427,6.942,1.128,High
GPU,Hybrid,NA,Off-Peak,0.254,26.87,44.953,12.963,18.308,0.771,108.44,46.348,12.659,1.31,High
Edge,Air,NA,Night,0.378,31.829,82.275,11.886,18.683,0.762,198.317,79.327,23.798,1.237,High
Edge,Hybrid,NA,Off-Peak,0.561,45.209,71.399,9.519,19.255,0.908,97.452,38.151,12.085,1.394,High
Edge,Air,EU,Night,0.811,65.536,82.72,22.534,20.193,0.702,80.225,21.972,13.601,1.572,Low
Storage,Air,EU,Peak,0.974,73.232,74.831,18.222,27.826,0.798,78.791,20.911,14.633,2.372,Medium
Compute,Air,NA,Off-Peak,0.423,40.255,64.827,24.997,20.124,0.907,71.383,28.235,8.073,1.128,High
Storage,Air,NA,Peak,0.118,13.014,43.325,13.396,24.084,0.796,49.804,18.824,5.827,1.694,Low
Storage,Hybrid,APAC,Off-Peak,0.655,53.596,65.35,16.137,22.056,0.955,85.803,49.666,7.054,1.255,High
GPU,Air,NA,Off-Peak,0.74,56.279,74.009,8.492,23.899,0.882,109.165,42.335,12.989,1.427,Medium
Compute,Air,NA,Off-Peak,0.458,35.375,52.876,11.797,22.776,0.941,69.821,27.165,9.315,1.512,Medium
Edge,Air,EU,Peak,0.265,24.398,72.781,10.251,27.4,0.934,53.348,11.439,10.764,1.298,High
GPU,Air,APAC,Off-Peak,0.375,27.835,75.37,25.607,24.141,0.872,117.034,68.449,9.048,1.419,Medium
Edge,Air,APAC,Peak,0.69,54.606,74.089,21.52,33.565,0.937,62.42,39.491,5.288,1.46,Medium
GPU,Air,APAC,Peak,0.545,47.093,41.231,32.129,20.216,0.907,104.436,65.098,8.24,1.331,High
Compute,Air,NA,Off-Peak,0.769,64.564,80.791,22.834,23.714,0.858,90.162,39.843,10.307,1.535,Medium
Compute,Hybrid,APAC,Night,0.296,27.33,73.436,20.925,15.0,0.799,64.601,40.168,4.726,1.361,Medium
Compute,Air,NA,Off-Peak,0.858,68.847,46.521,11.557,24.522,0.848,84.78,34.825,10.876,1.29,High
Compute,Air,NA,Off-Peak,0.24,22.82,73.223,26.807,26.678,0.828,73.981,32.198,8.526,1.775,Low
Storage,Liquid,EU,Peak,0.397,40.561,63.861,18.065,21.958,0.953,78.264,16.746,14.175,1.264,High
GPU,Hybrid,EU,Peak,0.632,56.149,79.304,17.267,29.37,0.863,131.199,35.804,23.717,1.628,Low
GPU,Air,NA,Peak,0.763,63.623,98.0,10.349,21.853,0.854,114.091,43.339,13.275,1.227,High
Storage,Air,NA,Night,0.34,24.413,45.845,12.722,21.957,0.747,49.625,17.395,5.917,1.491,Medium
Compute,Hybrid,APAC,Peak,0.953,76.35,71.849,18.994,23.233,0.887,103.176,61.805,8.411,1.571,Low
Compute,Air,APAC,Night,0.736,55.206,74.954,14.245,22.32,0.937,85.236,51.451,6.85,1.425,Medium
Compute,Liquid,EU,Off-Peak,0.296,27.994,49.069,6.897,19.957,0.88,82.293,21.042,14.98,1.229,High
Compute,Air,EU,Off-Peak,0.753,56.494,98.0,10.33,25.334,0.788,66.27,15.422,11.958,1.594,Low
Storage,Hybrid,APAC,Night,0.727,54.956,40.682,36.732,15.093,0.824,82.372,51.278,6.596,1.482,Medium
Compute,Hybrid,APAC,Peak,0.777,63.866,90.034,9.464,26.262,0.924,112.091,63.112,8.891,1.566,Medium
Compute,Hybrid,EU,Off-Peak,0.924,79.855,65.04,13.539,19.5,0.943,106.843,24.299,19.61,1.507,Medium
Compute,Air,NA,Night,0.741,56.686,65.573,37.845,23.677,0.865,91.79,36.857,11.258,1.568,Low
Storage,Air,NA,Off-Peak,0.417,30.678,74.873,18.165,25.583,0.606,67.968,28.376,7.74,1.523,Low
Storage,Air,EU,Peak,0.811,68.431,84.369,12.281,22.201,0.981,59.35,13.808,10.785,1.734,Low
Storage,Hybrid,NA,Peak,0.726,61.21,86.792,15.459,21.824,0.867,93.235,35.715,11.551,1.758,Low
Storage,Hybrid,NA,Off-Peak,0.617,49.839,76.541,11.848,18.218,0.695,61.026,21.27,6.996,1.592,Low
Edge,Air,EU,Peak,0.418,45.843,68.233,6.638,23.485,0.862,50.349,9.937,9.291,1.533,Medium
Compute,Liquid,NA,Night,0.929,71.62,56.132,16.307,19.296,0.907,99.152,41.221,11.713,2.248,Medium
Storage,Air,APAC,Peak,0.561,49.849,73.59,19.013,27.355,0.846,66.471,38.705,5.562,1.831,Low
GPU,Air,NA,Off-Peak,0.665,53.029,50.227,19.841,25.447,0.749,94.501,37.601,11.644,1.362,Medium
Storage,Liquid,EU,Off-Peak,0.474,46.62,83.39,22.051,18.397,0.982,62.083,13.625,11.811,1.053,High
Edge,Air,APAC,Off-Peak,0.803,1.276,69.538,12.559,17.507,0.96,62.399,39.994,4.411,1.339,High
Compute,Air,EU,Off-Peak,0.407,33.404,66.83,28.647,22.98,0.873,66.77,17.374,12.154,1.467,Medium
Storage,Air,NA,Night,0.83,66.571,69.527,18.914,25.039,0.842,58.47,18.851,7.53,1.648,Low
Compute,Hybrid,EU,Off-Peak,0.197,19.798,48.487,4.561,24.293,0.858,73.401,17.866,12.428,1.486,Medium
Storage,Hybrid,APAC,Off-Peak,0.738,65.33,89.705,34.502,18.504,0.822,70.304,41.1,5.858,1.842,Low
Compute,Hybrid,ME,Peak,0.529,39.789,60.177,7.465,27.577,0.851,66.288,32.357,3.533,1.464,Medium
Compute,Liquid,EU,Peak,0.729,60.455,50.405,15.394,17.992,1.0,72.676,17.669,13.605,1.594,Medium
Storage,Liquid,APAC,Peak,0.578,50.362,47.43,10.217,21.121,0.826,85.066,53.285,6.6,1.822,Low
Storage,Air,NA,Peak,0.221,19.726,47.741,3.437,22.499,0.825,48.011,22.274,5.8,1.727,Low
Compute,Hybrid,APAC,Off-Peak,0.529,43.734,37.829,23.872,28.035,0.927,57.074,36.152,5.251,1.608,Low
Storage,Liquid,ME,Off-Peak,0.968,78.978,78.483,13.418,18.903,0.917,62.833,27.008,3.487,1.199,High
Storage,Liquid,EU,Off-Peak,0.779,56.553,71.842,16.0,15.0,0.892,58.453,12.958,10.092,1.241,High
Compute,Liquid,APAC,Peak,0.37,37.728,27.063,6.503,36.935,1.0,90.711,54.582,7.271,1.283,High
Storage,Hybrid,EU,Peak,0.95,67.191,83.006,15.044,19.155,0.765,94.452,23.585,17.058,1.479,Medium
GPU,Air,NA,Night,0.801,67.121,63.313,14.316,19.87,0.849,114.831,47.581,13.645,1.428,Medium
Storage,Air,APAC,Night,0.428,32.649,56.546,12.102,24.839,0.939,49.065,29.063,3.221,1.475,Medium
Compute,Liquid,EU,Night,0.643,51.079,41.717,19.362,15.897,0.76,99.618,23.117,18.541,1.401,Medium
Compute,Hybrid,EU,Night,0.484,38.133,86.608,9.084,20.129,0.832,74.405,18.434,13.706,1.437,Medium
Storage,Liquid,EU,Off-Peak,0.187,23.356,64.494,27.162,15.986,1.0,45.689,11.775,8.305,1.382,High
Edge,Air,APAC,Night,0.825,67.283,72.527,32.478,26.791,0.841,77.247,47.055,5.629,1.569,Low
Storage,Air,APAC,Off-Peak,0.272,29.373,42.519,7.38,19.08,0.757,68.271,40.685,5.162,1.451,Medium
Compute,Liquid,NA,Night,0.512,52.25,69.17,40.641,15.215,0.924,105.65,40.75,12.706,1.527,Medium
Storage,Liquid,EU,Peak,0.732,55.32,85.279,9.04,20.227,0.987,76.997,16.93,14.526,1.404,High
GPU,Liquid,ME,Night,0.939,70.167,81.909,13.896,15.0,1.0,111.469,53.411,6.433,1.628,Low
Compute,Air,EU,Off-Peak,0.156,19.751,44.362,46.779,23.555,0.71,57.469,12.927,10.398,1.604,Low
Edge,Hybrid,ME,Peak,0.454,45.911,81.247,15.657,26.651,0.833,78.007,41.955,3.782,1.399,Medium
Edge,Liquid,APAC,Peak,0.653,50.811,68.635,12.212,26.084,1.0,58.55,31.145,4.376,1.667,Low
Compute,Liquid,EU,Night,0.801,69.904,89.768,24.018,18.73,0.948,73.574,16.786,13.865,1.218,High
Edge,Air,NA,Off-Peak,0.929,70.846,41.232,25.089,20.451,0.916,75.278,32.3,8.767,1.213,High
Compute,Air,NA,Night,0.1,13.77,24.783,18.856,16.548,0.795,66.246,24.422,7.665,1.383,Medium
GPU,Hybrid,EU,Peak,0.665,52.923,60.437,32.347,32.008,0.84,140.36,36.394,25.023,1.731,Low
Storage,Air,EU,Off-Peak,0.106,19.17,51.895,3.737,26.442,0.898,50.04,12.726,8.454,1.343,High
Storage,Liquid,APAC,Peak,0.809,62.272,84.602,19.303,25.667,0.805,71.398,42.152,5.181,1.559,Low
Storage,Air,APAC,Off-Peak,0.235,25.796,72.414,16.98,23.929,0.81,40.038,24.665,2.745,1.517,Medium
GPU,Liquid,NA,Off-Peak,0.905,73.391,97.582,20.791,22.588,0.87,116.978,47.718,14.072,1.268,High
Compute,Air,APAC,Off-Peak,0.24,29.282,59.249,16.81,22.492,0.932,76.033,44.427,6.149,1.342,High
Storage,Air,EU,Peak,0.788,66.516,71.667,18.452,21.238,0.833,84.696,21.013,15.997,1.855,Low
Compute,Hybrid,NA,Peak,0.36,28.785,54.929,7.476,19.227,0.922,80.895,33.764,9.704,1.262,High
Compute,Liquid,EU,Peak,0.602,48.815,76.987,13.578,20.811,1.0,73.954,17.719,12.133,1.325,High
Compute,Air,APAC,Night,0.648,54.435,73.617,17.664,21.5,0.942,106.989,62.344,8.504,1.485,Medium
Storage,Air,NA,Peak,0.286,24.619,54.74,8.54,25.683,0.855,56.876,23.591,6.919,1.632,Low
Compute,Hybrid,NA,Peak,0.369,28.22,64.953,6.024,18.94,0.978,103.538,41.638,11.949,1.546,Medium
Compute,Air,NA,Off-Peak,0.197,15.351,42.484,12.768,23.783,0.917,83.835,33.391,9.983,1.417,Medium
Compute,Liquid,NA,Night,0.105,15.667,36.395,23.075,15.0,0.94,65.042,24.437,8.448,1.05,High
Compute,Air,EU,Peak,0.316,26.655,68.697,25.42,25.692,0.764,47.981,13.179,8.801,1.688,Low
Storage,Hybrid,NA,Peak,0.564,50.778,67.572,14.184,20.483,0.888,68.501,23.596,7.794,1.584,Low
Edge,Liquid,APAC,Off-Peak,0.742,64.599,58.532,8.041,17.671,0.923,84.138,49.416,6.698,1.214,High
Compute,Liquid,NA,Night,0.814,62.769,83.602,17.93,21.275,1.0,97.245,39.011,11.494,1.313,High
Edge,Air,EU,Off-Peak,0.163,22.839,41.71,21.91,23.537,0.608,47.516,11.024,8.927,1.85,Low
GPU,Hybrid,NA,Peak,0.345,29.282,65.576,15.945,22.434,0.833,91.053,32.938,11.044,1.388,Medium
Storage,Air,ME,Off-Peak,0.793,68.353,77.123,18.199,23.412,0.867,61.211,33.939,2.496,1.391,Medium
Storage,Hybrid,EU,Night,0.533,41.658,81.549,14.209,22.806,0.767,54.619,13.565,9.72,1.445,Medium
GPU,Air,APAC,Off-Peak,0.264,32.427,64.497,12.638,26.082,0.915,84.131,53.129,7.11,1.543,Medium
Compute,Liquid,APAC,Peak,0.453,40.851,70.347,9.705,27.041,0.887,72.646,42.867,4.971,1.548,Medium
Storage,Air,APAC,Peak,0.343,31.435,98.0,13.026,21.992,0.872,54.304,30.658,4.585,1.499,Medium
Storage,Liquid,APAC,Night,0.146,26.674,71.263,14.041,16.094,0.938,43.336,26.325,3.034,1.662,Low
Storage,Air,NA,Off-Peak,0.787,61.585,60.611,27.72,25.886,0.857,68.619,27.249,8.55,1.571,Low
GPU,Air,EU,Off-Peak,0.363,37.521,62.781,8.989,26.434,0.876,163.673,42.765,28.949,1.45,Medium
Compute,Air,NA,Peak,0.951,81.298,87.763,18.286,25.969,0.799,80.355,36.616,8.968,1.491,Medium
Storage,Air,APAC,Off-Peak,0.899,73.4,64.566,16.997,26.036,0.949,71.665,42.149,5.975,1.731,Low
Storage,Air,ME,Peak,0.745,61.438,80.676,23.252,24.69,0.643,69.9,30.811,3.494,1.648,Low
Compute,Air,ME,Peak,0.394,40.873,35.493,7.684,23.393,0.853,74.101,37.514,4.638,1.367,High
Compute,Hybrid,NA,Night,0.352,28.403,68.013,20.867,19.646,0.912,77.219,30.825,9.467,1.363,High
Storage,Air,NA,Peak,0.528,44.274,64.206,9.053,22.358,0.795,61.431,24.703,7.422,1.577,Low
GPU,Liquid,NA,Peak,0.419,43.296,56.955,9.605,21.86,1.0,113.651,44.67,13.607,1.535,Medium
Storage,Air,NA,Night,0.911,87.406,54.702,17.912,20.11,0.689,79.762,29.536,10.192,1.657,Low
GPU,Liquid,NA,Peak,0.211,20.297,71.737,11.744,16.276,0.962,105.08,38.893,13.171,1.165,High
Storage,Air,NA,Off-Peak,0.752,72.663,79.859,14.768,25.682,0.918,65.405,30.224,7.711,1.128,High
Compute,Hybrid,ME,Off-Peak,0.65,0.434,65.204,12.888,21.538,0.729,109.026,52.115,5.894,1.284,High
Compute,Hybrid,EU,Night,0.826,61.568,67.523,15.189,18.436,0.833,73.143,21.987,11.979,1.529,Medium
Compute,Air,EU,Night,0.588,49.045,66.766,8.714,22.755,0.782,89.677,23.839,15.996,1.316,High
Compute,Liquid,EU,Off-Peak,0.667,55.818,51.715,23.853,21.102,1.0,69.119,16.303,13.455,1.094,High
Compute,Air,EU,Peak,0.966,73.241,98.0,16.426,27.681,0.899,80.881,22.759,14.196,1.52,Medium
GPU,Liquid,ME,Off-Peak,0.183,24.627,62.152,15.573,16.727,0.996,89.937,41.362,4.72,1.294,High
GPU,Air,EU,Night,0.194,24.088,32.523,6.68,17.756,0.926,79.477,16.694,13.718,1.471,Medium
Compute,Air,NA,Peak,0.454,38.301,98.0,34.788,22.42,0.736,86.588,33.574,9.783,1.574,Low
Compute,Air,EU,Off-Peak,0.525,36.957,66.529,14.785,30.894,0.833,62.465,13.213,10.385,1.713,Low
Compute,Liquid,ME,Peak,0.28,30.017,75.01,15.723,18.085,1.0,87.722,39.879,3.89,1.31,High
Storage,Air,NA,Peak,0.174,17.488,61.71,13.376,28.208,0.701,60.049,25.66,7.09,1.404,Medium
Compute,Liquid,EU,Peak,0.12,18.391,60.773,23.775,17.734,0.959,65.767,16.707,11.381,1.272,High
Compute,Liquid,NA,Peak,0.788,64.841,59.489,20.853,17.459,0.967,64.771,23.268,7.151,1.651,Low
Edge,Air,NA,Night,0.537,38.944,98.0,23.048,16.101,0.678,59.198,22.077,6.394,1.331,Medium
GPU,Liquid,APAC,Night,0.859,67.936,64.187,11.062,15.0,0.869,115.944,68.024,9.338,1.39,Medium
Compute,Hybrid,NA,Off-Peak,0.425,42.705,54.802,7.823,20.116,0.915,76.443,31.819,9.279,1.26,High
Storage,Hybrid,NA,Off-Peak,0.733,55.519,64.616,14.459,21.655,0.905,77.608,34.273,8.945,1.491,Medium
Compute,Liquid,NA,Off-Peak,0.54,52.817,62.941,21.762,20.188,0.846,91.011,37.546,10.927,1.475,Medium
GPU,Liquid,ME,Night,0.651,62.892,66.166,29.517,18.232,1.0,124.585,61.562,5.897,1.206,High
Storage,Liquid,NA,Night,0.433,39.262,64.535,12.73,18.883,0.961,67.633,28.022,7.546,1.162,High
Compute,Air,APAC,Peak,0.173,21.783,47.844,3.996,23.939,0.865,68.196,40.665,6.066,1.373,High
GPU,Air,NA,Off-Peak,0.953,78.479,79.276,19.288,36.14,0.947,111.599,45.916,13.491,1.136,High
Compute,Air,APAC,Off-Peak,0.852,74.642,86.821,17.552,22.645,0.784,80.918,52.437,6.32,1.274,High
Compute,Air,ME,Night,0.381,33.601,46.162,10.823,19.014,0.933,62.067,31.125,3.062,1.199,High
Compute,Air,NA,Off-Peak,0.963,71.621,98.0,20.953,24.897,0.872,118.803,48.223,14.368,1.503,Medium
Storage,Hybrid,NA,Night,0.37,30.366,30.823,6.257,21.307,0.895,67.035,22.287,7.641,1.257,High
Compute,Air,NA,Night,0.499,43.287,63.243,19.772,18.893,0.803,75.186,30.987,8.82,1.231,High
Compute,Liquid,APAC,Off-Peak,0.78,58.85,63.95,19.264,21.615,0.97,68.309,39.052,5.936,1.466,Medium
Compute,Liquid,NA,Night,0.378,41.768,69.716,5.749,16.725,0.812,85.913,34.895,10.555,1.384,Medium
Compute,Air,NA,Peak,0.392,42.388,61.782,11.874,22.231,0.965,63.733,26.801,7.717,1.091,High
GPU,Air,NA,Peak,0.469,42.364,49.897,16.011,31.961,0.695,95.447,37.079,11.244,1.819,Low
Compute,Liquid,NA,Off-Peak,0.522,40.017,72.064,6.93,17.91,0.973,73.642,29.93,9.067,1.307,High
Compute,Liquid,NA,Peak,0.211,25.683,69.458,13.811,23.23,0.979,60.715,28.762,8.118,1.609,Medium
Storage,Hybrid,APAC,Peak,0.116,21.823,58.553,7.542,26.915,0.85,41.208,23.64,2.823,1.428,Medium
GPU,Air,APAC,Off-Peak,0.927,72.576,67.045,19.274,24.655,0.904,126.665,75.361,9.782,1.569,Medium
GPU,Hybrid,EU,Off-Peak,0.418,40.628,90.659,20.749,19.634,0.93,112.553,27.864,20.294,1.365,High
Storage,Air,EU,Night,0.192,20.915,96.376,22.969,20.145,0.839,61.509,16.364,11.251,1.366,High
Compute,Liquid,EU,Night,0.783,58.5,54.838,10.912,15.0,1.0,68.544,16.528,12.574,2.581,High
GPU,Liquid,APAC,Off-Peak,0.366,31.9,85.459,12.907,16.227,0.961,101.582,64.382,7.652,1.4,High
Storage,Air,EU,Off-Peak,0.263,25.503,77.986,17.932,25.404,0.811,44.507,12.886,7.634,1.338,High
Compute,Air,EU,Off-Peak,0.966,79.614,89.805,27.671,22.587,0.824,103.104,26.115,19.318,1.39,Medium
Edge,Air,EU,Off-Peak,0.928,72.828,47.818,19.189,24.573,0.885,81.617,18.963,13.57,1.616,Low
Compute,Air,APAC,Peak,0.195,24.842,61.008,5.268,21.408,0.886,55.068,33.847,4.766,1.47,Medium
Edge,Liquid,NA,Off-Peak,0.909,80.978,98.0,15.717,18.2,0.992,80.823,33.789,9.354,1.187,High
GPU,Air,NA,Off-Peak,0.902,72.938,54.204,19.385,24.23,0.822,116.535,46.545,13.269,1.3,High
Storage,Liquid,NA,Peak,0.671,50.96,75.972,20.904,20.809,0.783,68.014,26.071,8.227,1.542,Low
Edge,Air,EU,Night,0.577,54.063,55.888,12.884,26.286,0.831,46.797,13.556,8.962,1.471,Medium
GPU,Liquid,NA,Off-Peak,0.296,32.45,84.555,15.692,17.234,0.696,103.481,42.523,12.946,1.574,Low
Compute,Liquid,EU,Peak,0.209,20.38,86.682,4.389,21.163,1.0,80.403,21.15,13.612,1.387,High
Storage,Liquid,EU,Off-Peak,0.646,59.687,81.279,17.303,19.636,1.0,61.462,14.593,10.681,1.52,Medium
Compute,Liquid,APAC,Peak,0.84,65.477,72.045,14.694,18.201,0.96,111.848,67.128,8.433,1.146,High
Compute,Air,NA,Peak,0.72,60.236,67.783,17.702,21.143,0.863,84.196,34.499,10.286,1.44,Medium
GPU,Hybrid,EU,Night,0.263,27.582,58.165,31.477,19.842,0.807,82.449,17.337,14.71,1.558,Low
Compute,Air,EU,Night,0.361,32.098,59.5,12.984,23.431,0.847,69.486,20.434,12.887,1.647,Low
Compute,Air,NA,Peak,0.592,58.624,65.773,13.313,26.712,0.943,80.612,28.958,9.988,1.607,Low
Storage,Air,EU,Night,0.662,54.51,83.769,25.327,23.17,0.887,69.029,16.013,12.279,1.165,High
GPU,Liquid,APAC,Peak,0.165,17.311,48.332,15.826,19.38,1.0,84.346,52.239,6.647,1.5,Medium
Compute,Liquid,NA,Peak,0.653,50.525,82.823,12.259,18.558,0.811,81.063,33.666,9.707,1.832,Low
Compute,Liquid,APAC,Peak,0.763,59.227,98.0,21.776,20.282,0.977,89.583,51.572,7.432,1.187,High
Compute,Air,APAC,Peak,0.263,26.783,65.219,22.14,28.978,0.674,89.043,54.698,6.817,1.577,Low
Storage,Air,EU,Peak,0.322,28.953,72.837,15.878,27.108,0.723,104.881,29.149,19.028,1.509,Low
Compute,Hybrid,APAC,Night,0.333,37.958,36.358,8.566,15.175,0.802,67.913,39.303,4.905,1.665,Low
Storage,Liquid,EU,Peak,0.946,76.084,80.957,22.651,22.567,0.997,71.492,16.572,13.331,1.384,High
Compute,Air,EU,Peak,0.466,37.266,61.092,10.199,32.558,0.986,86.155,21.802,16.031,1.404,High
Compute,Liquid,ME,Off-Peak,0.578,61.149,86.265,9.496,22.535,0.894,78.461,39.862,4.114,1.745,Low
Edge,Air,NA,Peak,0.752,62.68,95.047,15.441,22.992,0.873,54.439,22.477,6.12,1.468,Medium
Compute,Air,NA,Off-Peak,0.434,44.626,69.281,15.719,26.206,0.715,78.232,31.987,9.557,1.371,Medium
Storage,Air,NA,Off-Peak,0.195,35.134,48.875,7.533,23.606,0.826,53.027,24.073,6.712,1.577,Low
Compute,Air,EU,Peak,0.689,59.909,58.729,16.244,23.127,0.876,69.427,17.226,12.241,1.406,Medium
Storage,Air,NA,Off-Peak,0.701,50.933,42.653,22.164,24.247,0.937,82.458,30.481,9.498,1.311,High
Storage,Hybrid,ME,Peak,0.334,28.462,55.744,6.76,26.954,0.746,42.65,25.959,2.171,1.649,Low
Compute,Liquid,EU,Peak,0.132,28.094,49.724,21.672,18.894,0.911,100.631,27.482,18.829,1.351,High
Compute,Air,APAC,Peak,0.699,61.848,90.451,17.419,26.196,0.876,115.664,65.669,9.478,1.655,Low
Compute,Liquid,NA,Off-Peak,0.733,56.857,92.591,23.428,16.531,0.856,71.507,30.364,8.553,1.556,Low
Storage,Hybrid,NA,Off-Peak,0.123,15.166,89.987,15.65,17.579,0.953,52.514,23.306,7.736,1.417,High
GPU,Air,NA,Off-Peak,0.724,58.41,59.121,11.399,20.777,0.956,118.344,47.489,14.485,1.585,Medium
Storage,Hybrid,NA,Off-Peak,0.945,74.341,64.025,23.445,18.383,0.937,87.176,33.25,9.64,1.325,High
Storage,Liquid,EU,Off-Peak,0.261,22.887,45.962,7.012,19.287,0.942,56.157,13.541,10.093,1.658,Low
Compute,Air,ME,Peak,0.569,46.912,93.656,21.327,22.62,0.65,66.104,33.452,3.447,1.609,Low
Compute,Air,NA,Night,0.727,60.967,82.228,10.398,25.972,0.833,107.124,42.498,13.633,1.566,Low
Compute,Air,EU,Night,0.307,31.773,88.507,17.91,18.631,0.881,66.661,18.182,11.485,1.43,Medium
Compute,Liquid,EU,Off-Peak,0.776,58.546,77.911,11.975,19.559,1.0,86.931,21.478,15.577,1.468,Medium
Compute,Air,NA,Peak,0.881,81.098,93.612,16.185,29.311,0.706,94.433,36.691,11.298,1.79,Low
Storage,Liquid,EU,Off-Peak,0.833,69.261,67.876,16.785,18.069,0.829,82.226,23.178,14.931,1.537,Medium
Storage,Liquid,NA,Peak,0.333,25.884,64.446,9.743,21.995,0.993,88.198,31.42,10.651,1.05,High
Edge,Air,APAC,Off-Peak,0.824,64.396,61.536,18.001,28.449,0.778,66.12,39.372,4.246,1.651,Low
Compute,Hybrid,APAC,Peak,0.472,46.067,66.524,19.261,24.119,0.652,75.901,47.544,5.508,1.714,Low
Storage,Hybrid,NA,Off-Peak,0.34,26.057,52.102,11.344,17.159,0.679,66.754,26.801,8.233,1.431,Medium
GPU,Air,EU,Peak,0.251,20.8,72.27,18.426,26.899,0.814,90.849,21.884,16.517,1.46,Medium
Storage,Hybrid,NA,Night,0.918,73.231,74.795,22.449,24.647,0.788,98.717,42.41,12.055,1.328,High
Compute,Air,APAC,Peak,0.484,53.524,71.811,13.083,23.028,0.731,103.371,62.671,8.774,1.422,Medium
Compute,Air,APAC,Off-Peak,0.879,79.329,92.351,18.772,27.055,0.799,90.82,55.356,7.967,1.436,Medium
Compute,Air,APAC,Night,0.244,32.421,62.173,5.118,22.81,0.945,70.913,42.62,5.632,1.597,Medium
Compute,Liquid,NA,Peak,0.79,68.613,67.658,25.328,20.569,1.0,101.721,42.867,13.282,1.423,High
GPU,Liquid,NA,Night,0.199,21.714,45.037,12.818,18.231,0.669,103.986,42.749,12.743,1.643,Low
Compute,Air,EU,Peak,0.116,27.179,50.692,11.654,20.356,0.733,82.177,20.86,14.414,1.649,Low
Compute,Air,ME,Night,0.996,75.824,61.484,21.585,18.611,0.753,78.09,38.941,4.216,2.328,Low
GPU,Air,ME,Night,0.166,15.779,78.257,12.286,21.329,0.846,92.113,44.238,4.508,1.719,Low
GPU,Hybrid,NA,Peak,0.515,47.677,67.819,21.002,23.28,0.766,110.204,42.653,13.258,1.537,Low
Storage,Hybrid,APAC,Night,0.891,66.045,90.94,25.153,19.423,0.94,81.174,50.202,6.027,1.408,High
Storage,Liquid,ME,Peak,0.837,64.93,73.766,16.646,22.917,0.885,65.661,32.638,3.027,1.673,Low
Compute,Liquid,NA,Peak,0.524,48.721,79.965,13.997,23.97,0.869,63.771,25.739,7.58,1.565,Low
Compute,Liquid,APAC,Peak,0.65,52.043,71.284,14.953,19.702,1.0,65.682,40.263,6.699,1.489,Medium
Compute,Air,NA,Peak,0.667,48.173,67.075,23.19,21.817,0.72,85.417,30.132,10.289,1.275,High
Storage,Air,NA,Off-Peak,0.199,17.825,76.537,8.744,23.419,0.765,37.059,13.07,3.987,1.759,Low
Edge,Liquid,NA,Off-Peak,0.356,38.668,59.92,12.571,16.049,1.0,60.443,19.096,7.221,1.524,Medium
Compute,Liquid,EU,Off-Peak,0.371,32.104,65.717,24.53,17.555,0.995,99.943,25.592,17.872,1.534,Medium
Storage,Air,APAC,Peak,0.44,39.438,81.729,12.216,29.224,0.942,62.506,36.685,4.721,1.381,High
Compute,Hybrid,EU,Night,0.347,39.759,33.579,9.427,15.217,0.718,64.154,16.246,11.679,1.489,Low
Storage,Hybrid,NA,Peak,0.326,28.66,61.655,34.42,23.304,0.922,47.478,22.918,6.026,1.553,Medium
Compute,Air,NA,Peak,0.419,37.643,93.222,18.825,26.981,0.894,77.782,30.318,8.666,1.34,High
Compute,Liquid,EU,Off-Peak,0.441,38.751,88.16,15.427,16.038,0.836,56.25,12.586,10.293,1.511,Medium
GPU,Hybrid,EU,Night,0.539,44.77,76.531,14.465,20.323,0.838,86.831,20.307,16.253,1.464,Medium
Storage,Air,EU,Off-Peak,0.256,23.251,50.952,7.849,28.097,0.937,57.643,15.093,9.842,1.209,High
Storage,Liquid,NA,Off-Peak,0.81,67.227,89.159,15.353,18.274,0.975,65.426,28.295,7.881,1.281,High
Compute,Air,APAC,Peak,0.875,86.229,60.998,23.588,27.308,0.929,110.977,66.637,8.255,1.76,Low
Compute,Air,ME,Peak,0.323,34.987,70.624,9.647,27.841,0.878,80.116,36.801,4.243,1.604,Low
Compute,Hybrid,EU,Off-Peak,0.211,30.11,73.423,16.306,23.849,0.771,66.615,17.038,12.135,1.892,Low
GPU,Air,APAC,Off-Peak,0.75,60.066,97.266,41.22,26.836,0.665,123.833,76.035,9.804,1.524,Low
Edge,Air,ME,Peak,0.932,71.101,84.768,21.338,24.568,0.702,92.084,46.947,4.367,1.83,Low
Storage,Air,EU,Off-Peak,0.132,17.792,66.133,11.216,29.851,0.843,42.462,9.883,6.916,1.453,Medium
Compute,Air,EU,Off-Peak,0.113,10.978,55.376,2.496,24.394,0.816,53.037,11.26,8.857,1.749,Low
GPU,Air,APAC,Off-Peak,0.265,27.062,47.729,5.563,23.249,0.993,99.705,59.231,7.182,1.65,Low
Storage,Liquid,NA,Peak,0.716,67.183,56.727,30.616,20.403,0.775,73.051,28.885,9.19,1.42,Medium
Storage,Air,EU,Off-Peak,0.968,80.587,74.765,27.91,25.117,0.648,87.422,22.04,15.466,1.658,Low
Compute,Liquid,APAC,Peak,0.775,58.091,87.04,12.992,21.786,0.972,88.66,52.947,6.914,1.447,Medium
GPU,Liquid,NA,Peak,0.616,50.737,39.358,10.888,20.101,0.907,93.928,37.703,11.647,1.419,Medium
Storage,Air,APAC,Off-Peak,0.73,65.434,80.065,9.741,21.958,0.878,91.292,50.296,8.113,1.568,Low
GPU,Liquid,EU,Off-Peak,0.308,25.578,82.989,10.756,15.0,0.858,107.354,25.793,20.532,1.149,High
GPU,Liquid,EU,Off-Peak,0.72,54.904,68.606,20.891,18.2,0.965,110.823,33.479,19.545,1.521,Medium
Compute,Air,EU,Peak,0.389,32.567,14.401,8.404,27.939,0.901,50.045,16.103,9.501,1.545,Medium
GPU,Air,EU,Night,0.3,34.441,54.107,11.908,23.542,0.829,86.341,25.067,14.828,1.477,Medium
GPU,Liquid,APAC,Peak,0.313,33.395,56.75,14.76,20.026,0.915,95.225,57.439,8.044,1.525,Medium
Compute,Hybrid,EU,Night,0.701,64.058,64.891,9.923,21.012,0.769,96.928,25.495,17.391,1.572,Low
Compute,Air,ME,Peak,0.791,58.85,49.825,21.471,21.65,0.696,68.18,34.486,4.046,1.654,Low
Compute,Air,EU,Peak,0.624,49.709,62.534,12.674,24.569,0.854,84.406,17.64,14.886,1.521,Medium
Storage,Air,EU,Peak,0.157,19.147,77.902,11.441,23.405,0.831,74.456,20.732,13.022,1.31,High
Compute,Air,ME,Peak,0.134,19.456,27.681,16.477,22.604,0.785,93.698,47.709,4.884,1.531,Low
Storage,Liquid,NA,Off-Peak,0.295,32.407,58.591,6.396,24.998,1.0,57.159,24.341,6.687,1.611,Medium
Compute,Air,APAC,Night,0.358,31.973,59.198,4.773,24.229,0.757,71.142,39.789,5.337,1.397,Medium
GPU,Air,NA,Peak,0.464,37.516,69.755,10.035,23.516,0.728,91.857,35.232,11.7,1.401,Medium
Compute,Air,APAC,Off-Peak,0.168,17.953,73.001,10.285,23.151,0.826,47.417,29.106,3.667,1.246,High
Compute,Air,EU,Night,0.753,61.797,68.878,12.992,15.0,0.912,82.723,20.568,14.245,1.381,High
Storage,Air,ME,Off-Peak,0.74,65.115,95.112,12.338,26.516,0.824,92.498,44.314,4.149,1.698,Low
Storage,Air,APAC,Peak,0.412,30.112,53.687,8.177,25.707,0.977,47.621,28.001,3.487,1.837,Low
Compute,Air,NA,Night,0.607,60.086,94.189,16.622,21.47,0.856,104.156,39.178,12.908,1.682,Low
Compute,Hybrid,NA,Peak,0.191,22.321,56.14,13.926,26.754,0.811,64.504,27.38,8.115,1.794,Low
Compute,Hybrid,EU,Off-Peak,0.474,47.01,48.661,11.738,23.905,0.958,75.609,16.886,14.054,1.656,Low
GPU,Air,EU,Off-Peak,0.872,68.854,51.926,25.391,27.237,0.931,114.325,30.064,21.293,1.582,Medium
GPU,Liquid,NA,Peak,0.695,57.723,79.358,16.647,15.833,0.955,100.78,40.864,12.762,1.274,High
Storage,Air,NA,Off-Peak,0.194,23.222,47.875,15.438,24.348,0.735,45.314,14.692,6.117,1.633,Low
GPU,Air,EU,Peak,0.863,64.72,78.373,10.458,25.132,0.955,195.293,48.823,35.153,1.484,Medium
GPU,Air,NA,Peak,0.713,51.022,80.759,18.573,22.245,0.997,155.762,61.97,18.993,1.492,Medium
Compute,Air,APAC,Peak,0.508,48.36,51.458,11.916,27.867,0.943,62.922,37.337,4.885,1.504,Medium
Edge,Liquid,APAC,Night,0.723,60.289,78.995,12.211,17.28,0.976,68.745,42.607,5.644,1.247,High
GPU,Air,APAC,Night,0.256,27.41,40.511,3.853,23.994,0.842,110.418,67.119,8.774,1.453,Medium
Compute,Air,NA,Peak,0.595,49.576,52.558,23.414,25.904,0.884,68.704,30.52,7.88,1.646,Low
Compute,Liquid,NA,Peak,0.656,63.028,78.394,8.304,20.075,0.883,87.624,36.874,10.259,1.443,Medium
Compute,Liquid,EU,Peak,0.935,72.769,84.221,22.605,18.528,0.994,130.261,29.795,23.038,1.238,High
Compute,Air,ME,Off-Peak,0.16,24.128,58.327,15.214,23.16,0.908,60.53,31.862,3.499,1.551,Medium
GPU,Air,NA,Night,0.437,40.666,56.67,11.374,20.168,0.714,107.332,45.088,12.883,1.561,Low
Storage,Air,NA,Night,0.943,83.085,75.266,17.279,15.0,0.767,76.844,33.592,8.308,1.356,Medium
GPU,Air,NA,Off-Peak,0.295,29.313,68.541,10.193,20.125,0.869,126.772,50.381,14.494,1.503,Medium
GPU,Air,EU,Off-Peak,0.832,70.141,64.378,14.678,19.895,0.848,152.27,37.573,27.236,1.54,Medium
Storage,Air,EU,Peak,0.101,20.127,45.453,8.397,26.193,0.669,37.939,9.684,7.175,1.823,Low
Storage,Liquid,NA,Peak,0.123,12.975,56.869,42.412,18.906,1.0,49.635,19.229,5.697,1.488,Medium
Compute,Liquid,EU,Off-Peak,0.395,40.989,83.362,17.361,18.787,0.8,65.18,16.931,11.7,1.584,Low
Compute,Liquid,EU,Off-Peak,0.792,57.419,57.357,11.378,18.563,1.0,106.149,28.86,19.031,1.355,High
Storage,Air,EU,Night,0.194,30.509,67.098,6.077,20.231,0.854,87.962,21.193,16.102,1.07,High
Compute,Air,EU,Peak,0.445,34.743,86.763,10.259,20.682,0.951,68.266,16.574,13.456,1.46,Medium
Compute,Air,APAC,Peak,0.218,24.335,52.424,16.548,22.934,0.949,68.794,40.29,5.986,1.506,Medium
GPU,Liquid,EU,Off-Peak,0.301,34.451,84.063,20.004,21.936,1.0,108.809,26.374,18.42,1.388,High
Storage,Air,EU,Night,0.553,53.849,26.723,20.255,24.562,0.856,58.96,17.295,11.152,1.443,Medium
Compute,Hybrid,APAC,Off-Peak,0.387,43.892,49.499,20.252,20.001,0.821,104.451,63.868,8.597,1.314,High
Storage,Liquid,ME,Peak,0.291,21.653,75.209,6.195,17.849,1.0,51.143,28.303,2.045,1.348,High
GPU,Hybrid,NA,Night,0.454,40.277,44.205,16.175,16.383,0.928,153.183,61.633,18.414,1.473,Medium
Compute,Liquid,NA,Off-Peak,0.731,62.332,82.631,7.559,20.151,1.0,72.069,31.42,8.968,1.426,High
Compute,Hybrid,APAC,Peak,0.207,18.023,64.965,14.68,25.442,0.927,70.152,42.292,5.271,1.517,Medium
Edge,Liquid,NA,Peak,0.532,53.257,81.937,11.731,18.523,1.0,58.47,22.835,6.52,1.384,High
Compute,Hybrid,ME,Off-Peak,0.347,27.393,41.14,9.209,24.281,0.822,61.372,31.357,3.315,1.47,Medium
Compute,Air,NA,Off-Peak,0.441,41.678,74.291,10.242,22.139,0.66,64.317,26.505,7.717,1.376,Medium
Storage,Air,ME,Off-Peak,0.839,68.686,67.719,17.063,21.363,0.871,94.341,45.285,4.226,1.473,Medium
GPU,Liquid,EU,Off-Peak,0.937,79.846,89.795,14.956,15.0,0.987,178.973,44.461,33.028,1.252,High
Compute,Hybrid,APAC,Peak,0.319,37.741,51.584,4.986,21.98,0.877,63.0,36.951,5.159,1.302,High
Compute,Air,NA,Peak,0.667,49.932,61.705,15.58,24.475,0.821,80.484,32.38,9.791,1.475,Medium
Compute,Air,ME,Night,0.709,58.244,84.907,12.677,19.614,0.961,86.021,43.114,4.195,1.342,High
Edge,Liquid,NA,Off-Peak,0.858,80.409,75.978,10.491,23.357,1.0,75.62,32.075,8.511,1.319,High
Compute,Liquid,NA,Off-Peak,0.909,68.873,83.353,22.719,19.022,0.864,86.725,38.768,10.695,1.627,Low
Storage,Air,NA,Peak,0.521,50.018,71.866,15.275,23.374,0.733,61.012,26.621,6.529,1.366,Medium
Edge,Liquid,ME,Peak,0.984,78.986,92.086,15.529,22.353,0.829,71.327,35.21,3.965,1.506,Medium
Compute,Hybrid,EU,Peak,0.974,82.2,67.114,20.307,26.316,0.831,90.482,22.821,17.019,1.874,Low
Edge,Hybrid,EU,Peak,0.556,52.784,53.363,10.75,22.721,0.695,67.579,14.278,11.695,1.617,Low
Edge,Air,EU,Off-Peak,0.588,47.047,54.727,26.192,22.935,0.818,119.468,29.958,21.776,1.474,Medium
GPU,Air,APAC,Night,0.701,65.909,40.889,17.875,19.043,0.76,104.789,64.691,7.885,1.487,Medium
Compute,Air,EU,Peak,0.436,44.168,65.94,9.448,28.875,0.812,59.109,16.069,11.072,1.467,Medium
Storage,Air,EU,Night,0.696,50.575,63.097,14.223,21.026,0.892,70.676,21.251,12.784,1.252,High
GPU,Air,APAC,Off-Peak,0.563,41.168,63.973,12.605,20.146,0.929,115.171,71.215,9.147,1.609,Low
Edge,Liquid,APAC,Peak,0.132,11.93,31.321,18.308,20.98,0.945,36.855,19.833,3.169,1.428,Medium
Compute,Air,NA,Off-Peak,0.867,65.868,74.668,20.428,24.933,0.761,106.838,45.293,12.74,1.566,Low
GPU,Hybrid,NA,Peak,0.946,73.877,68.748,16.559,28.379,0.746,143.73,58.895,16.719,1.512,Low
Compute,Hybrid,NA,Off-Peak,0.124,21.93,70.912,5.72,15.556,0.894,56.003,21.749,7.125,1.189,High
Compute,Air,NA,Peak,0.81,68.904,72.794,37.234,24.156,0.949,83.251,33.073,10.072,1.567,Medium
Storage,Hybrid,EU,Peak,0.447,50.659,59.771,13.328,22.245,0.694,67.404,20.215,12.19,1.604,Low
GPU,Liquid,EU,Off-Peak,0.627,52.076,75.833,8.923,15.0,0.839,103.016,26.672,18.309,1.291,High
Storage,Liquid,ME,Peak,0.55,54.984,61.446,7.067,22.377,0.962,93.07,49.672,4.819,1.551,Medium
Storage,Air,NA,Peak,0.596,46.618,75.636,38.921,24.722,0.916,120.199,47.44,14.199,1.428,Medium
Edge,Liquid,APAC,Peak,0.546,50.265,75.81,10.48,18.966,1.0,208.347,125.008,16.668,1.488,Medium
Compute,Air,EU,Off-Peak,0.868,73.985,68.393,15.359,21.898,0.866,90.791,23.562,16.119,1.731,Low
Storage,Liquid,NA,Night,0.715,60.842,64.916,8.609,19.325,0.987,66.587,28.968,7.978,1.321,High
Compute,Air,EU,Peak,0.471,41.872,85.876,8.312,15.577,0.786,66.303,16.16,11.89,1.078,High
Compute,Liquid,ME,Peak,0.72,54.063,67.964,18.068,25.061,1.0,80.187,37.859,4.212,1.457,Medium
Storage,Air,NA,Off-Peak,0.969,75.318,59.335,12.201,21.713,0.925,111.466,45.462,13.69,1.612,Low
Edge,Air,EU,Peak,0.172,18.842,62.951,16.544,19.171,0.845,40.459,6.591,7.698,1.472,Medium
Storage,Liquid,NA,Off-Peak,0.449,45.469,80.857,13.861,18.82,1.0,73.15,27.437,8.864,1.588,Medium
GPU,Liquid,NA,Peak,0.883,70.028,70.963,16.329,23.835,0.927,116.698,49.452,13.682,1.575,Medium
Compute,Air,EU,Off-Peak,0.765,69.115,61.891,22.651,22.903,0.741,83.327,18.422,14.11,1.418,Medium
Compute,Air,APAC,Off-Peak,0.941,73.798,84.103,21.527,24.158,0.678,72.62,43.091,5.587,1.729,Low
Storage,Hybrid,APAC,Peak,0.136,15.241,63.102,8.489,25.698,0.835,59.742,36.494,4.871,1.708,Low
Compute,Liquid,EU,Off-Peak,0.876,71.408,67.859,22.679,22.385,1.0,82.746,21.78,14.205,1.572,Medium
Compute,Air,ME,Off-Peak,0.813,58.508,77.344,27.585,27.985,0.74,83.739,41.176,3.935,1.846,Low
Storage,Liquid,NA,Peak,0.834,66.112,68.475,9.99,22.714,0.979,62.879,24.614,7.964,1.442,High
Compute,Air,APAC,Peak,0.638,49.174,98.0,10.074,20.985,0.82,64.144,43.065,5.2,1.338,High
Compute,Air,EU,Peak,0.147,16.02,64.676,12.669,29.035,0.839,43.871,14.226,7.793,1.79,Low
Storage,Liquid,APAC,Off-Peak,0.585,50.971,84.629,18.714,24.882,0.807,80.259,47.862,6.178,1.758,Low
Storage,Hybrid,APAC,Peak,0.467,40.882,61.516,16.989,21.03,0.897,81.618,49.125,6.612,1.458,Medium
Edge,Liquid,ME,Off-Peak,0.574,44.757,85.53,16.442,18.811,0.978,74.874,40.372,3.771,1.4,High
Storage,Air,NA,Off-Peak,0.766,56.849,70.198,23.409,21.085,0.916,57.46,21.577,7.027,1.356,High
Storage,Hybrid,EU,Night,0.636,53.252,76.867,13.608,21.122,0.737,68.121,11.492,12.086,1.392,Medium
Edge,Air,APAC,Off-Peak,0.363,38.795,75.542,7.581,18.696,0.878,56.846,37.545,4.561,1.398,Medium
GPU,Hybrid,APAC,Off-Peak,0.64,51.837,72.287,16.17,17.637,0.822,109.565,65.337,8.922,1.463,Medium
Compute,Air,EU,Off-Peak,0.175,17.019,51.399,5.635,22.448,0.866,71.484,20.632,12.572,1.54,Medium
Compute,Air,NA,Night,0.105,8.744,48.588,6.371,22.499,0.837,68.257,25.594,7.353,1.386,Medium
Storage,Liquid,NA,Peak,0.461,43.891,50.516,28.073,20.769,1.0,80.509,32.707,9.655,1.102,High
Storage,Air,NA,Peak,0.781,1.062,35.3,17.386,24.84,0.857,62.582,24.313,7.789,1.369,High
GPU,Liquid,APAC,Peak,0.84,62.726,85.867,12.439,22.889,0.952,131.342,77.327,9.796,1.457,Medium
GPU,Liquid,APAC,Off-Peak,0.595,47.023,62.853,13.427,22.182,0.951,100.897,59.161,8.015,1.371,High
Storage,Air,NA,Peak,0.881,66.976,85.722,22.44,25.538,0.954,77.393,28.837,8.653,1.465,Medium
Edge,Liquid,ME,Peak,0.213,17.398,46.004,13.611,25.571,0.861,61.281,29.547,1.914,1.65,Low
Storage,Air,NA,Off-Peak,0.968,1.268,74.427,17.298,16.361,0.876,62.829,24.162,9.299,1.388,High
Compute,Air,EU,Night,0.93,75.226,73.815,17.414,19.728,0.689,88.805,25.089,16.104,1.533,Low
GPU,Hybrid,NA,Night,0.639,50.644,61.425,25.245,15.0,0.931,108.452,41.941,13.096,1.29,High
Compute,Hybrid,APAC,Off-Peak,0.153,17.702,73.538,27.528,21.856,0.912,66.396,38.405,5.944,1.31,High
GPU,Air,APAC,Peak,0.509,39.702,79.181,9.89,26.433,0.712,97.906,59.264,8.163,1.436,Medium
Edge,Liquid,NA,Night,0.261,33.926,56.736,9.779,15.0,1.0,47.051,16.301,6.319,1.197,High
Storage,Air,EU,Night,0.666,0.862,83.942,10.853,19.309,0.763,63.721,11.759,12.545,1.622,Low
Storage,Liquid,NA,Night,0.271,21.282,75.583,4.627,15.0,1.0,91.248,36.161,10.32,1.46,Medium
Storage,Hybrid,NA,Off-Peak,0.534,39.262,82.342,27.566,23.396,0.863,80.103,32.746,10.109,1.564,Low
Compute,Air,NA,Peak,0.285,30.434,82.362,8.026,20.403,0.872,79.888,33.116,8.789,1.362,High
Compute,Hybrid,NA,Peak,0.264,20.821,72.464,3.232,27.884,0.861,62.456,27.605,7.082,1.306,High
Storage,Air,APAC,Night,0.323,30.154,76.961,6.396,19.02,0.922,51.032,32.854,4.447,1.182,High
GPU,Air,EU,Peak,0.126,26.251,55.348,6.268,25.157,0.826,114.074,28.912,20.627,1.563,Low
Storage,Hybrid,NA,Peak,0.745,60.534,66.737,17.172,26.734,0.818,85.851,34.451,9.903,1.575,Low
Compute,Liquid,NA,Off-Peak,0.376,34.951,63.73,13.778,18.744,0.881,62.939,26.314,7.3,1.532,Medium
Storage,Air,NA,Peak,0.728,60.069,68.03,23.02,24.693,0.841,184.748,73.899,22.17,1.564,Low
GPU,Liquid,NA,Night,0.688,53.399,75.465,7.229,19.717,0.837,107.816,45.184,12.536,2.354,Medium
Storage,Air,EU,Peak,0.16,23.831,59.564,4.445,21.887,0.899,49.252,12.414,8.495,1.629,Low
Storage,Air,NA,Peak,0.381,31.937,62.032,41.449,23.501,0.942,79.043,30.673,9.384,1.44,Medium
GPU,Hybrid,APAC,Night,0.61,53.503,94.517,10.471,20.252,0.886,172.618,103.571,13.809,1.378,High
Storage,Liquid,EU,Peak,0.927,79.324,94.91,21.05,20.62,1.0,118.384,29.559,21.141,1.531,Medium
Storage,Hybrid,NA,Night,0.461,39.922,85.821,35.335,15.0,0.718,76.827,32.6,9.47,2.332,Low
GPU,Air,ME,Off-Peak,0.554,45.252,54.036,15.905,19.769,0.925,95.266,51.537,4.437,1.349,High
Compute,Liquid,NA,Off-Peak,0.775,62.652,72.825,9.818,24.572,0.997,126.619,49.827,15.21,1.269,High
Edge,Hybrid,NA,Peak,0.823,68.676,78.496,9.191,23.077,0.847,72.484,29.102,9.227,1.379,Medium
Compute,Air,NA,Off-Peak,0.931,69.123,78.577,14.376,23.574,0.922,96.919,37.645,11.363,1.513,Medium
Compute,Air,NA,Peak,0.547,43.953,45.691,12.567,26.637,0.87,69.184,27.698,8.767,1.636,Low
GPU,Liquid,NA,Night,0.274,32.69,64.296,4.256,21.289,1.0,108.536,44.096,13.303,1.183,High
Compute,Air,NA,Peak,0.788,77.735,62.204,22.127,21.357,0.963,98.647,41.97,11.226,1.533,Medium
GPU,Air,APAC,Peak,0.213,19.474,68.347,14.758,24.725,0.783,89.38,56.349,7.255,1.493,Medium
GPU,Hybrid,APAC,Night,0.477,37.477,61.258,29.805,17.791,0.88,136.487,82.923,10.821,1.183,High
GPU,Hybrid,EU,Off-Peak,0.665,58.399,46.14,11.789,22.397,0.872,117.638,29.269,21.671,1.334,High
Edge,Liquid,EU,Off-Peak,0.723,63.965,76.615,14.599,15.609,0.876,80.53,20.717,14.201,1.444,Medium
Compute,Liquid,EU,Off-Peak,0.76,61.14,57.11,15.426,21.365,0.993,77.171,21.279,14.234,1.665,Low
GPU,Hybrid,NA,Peak,0.274,35.292,82.089,13.107,22.471,0.84,97.835,40.754,13.377,1.68,Low
Compute,Liquid,NA,Peak,0.983,80.267,63.052,11.223,21.231,0.964,90.619,32.18,11.829,1.503,Medium
Storage,Air,NA,Night,0.261,28.825,41.417,5.68,22.658,0.65,47.826,15.042,4.983,1.785,Low
GPU,Air,EU,Peak,0.186,22.449,58.545,9.91,22.547,0.657,82.518,19.47,14.705,1.522,Low
Compute,Air,NA,Peak,0.698,60.552,78.56,18.2,28.913,0.86,77.975,29.216,9.433,1.748,Low
Storage,Air,NA,Off-Peak,0.919,73.098,33.801,11.14,29.345,0.973,88.923,36.942,10.559,1.492,Medium
Storage,Air,NA,Peak,0.603,44.964,84.203,31.356,28.252,0.921,94.169,36.639,10.915,1.345,High
Storage,Air,NA,Off-Peak,0.636,49.798,52.27,7.195,28.613,0.748,54.409,21.45,6.12,1.829,Low
Edge,Air,NA,Off-Peak,0.585,51.982,88.954,23.051,23.184,0.746,101.586,42.159,12.526,1.429,Medium
Compute,Air,NA,Night,0.138,19.388,40.291,15.093,22.65,0.87,62.678,23.678,7.374,1.409,Medium
Storage,Liquid,NA,Peak,0.713,55.082,55.139,11.421,19.29,1.0,75.025,30.275,9.292,1.423,High
GPU,Air,NA,Peak,0.422,37.235,57.155,10.777,26.843,0.874,99.319,40.483,11.337,1.498,Medium
Storage,Liquid,NA,Night,0.942,73.987,98.0,14.045,20.581,0.844,75.708,32.136,8.894,1.551,Low
Compute,Air,NA,Peak,0.268,24.215,91.209,8.336,21.191,0.73,120.304,47.629,14.88,1.269,High
Storage,Hybrid,NA,Off-Peak,0.372,35.769,50.675,15.078,18.838,0.92,60.959,24.675,7.814,1.467,Medium
Compute,Hybrid,APAC,Off-Peak,0.554,46.096,46.033,25.607,21.679,0.877,97.311,60.018,7.55,1.543,Medium
Compute,Liquid,NA,Off-Peak,0.53,45.71,92.849,10.46,23.6,1.0,145.761,54.308,17.92,1.27,High
GPU,Liquid,NA,Off-Peak,0.46,37.202,35.919,5.362,19.57,1.0,100.558,43.756,12.252,1.409,High
Storage,Hybrid,NA,Peak,0.383,35.085,49.545,8.482,18.726,0.696,95.823,38.191,11.083,1.454,Medium
Edge,Air,NA,Off-Peak,0.232,22.145,64.618,15.866,21.087,0.607,37.297,16.493,4.785,1.55,Low
GPU,Hybrid,NA,Peak,0.839,61.814,66.214,24.928,20.414,0.816,103.123,41.162,12.546,1.331,High
Storage,Liquid,ME,Night,0.504,43.356,50.3,9.728,17.587,0.951,57.566,27.384,3.037,1.647,Low
Compute,Liquid,APAC,Peak,0.616,54.333,40.776,8.531,20.454,1.0,90.279,58.539,7.305,1.279,High
Storage,Air,NA,Night,0.592,48.562,53.563,6.634,17.197,0.933,52.026,20.923,6.272,1.392,High
Compute,Liquid,EU,Off-Peak,0.618,53.437,72.128,19.181,18.865,1.0,67.801,18.491,11.727,1.298,High
Edge,Liquid,NA,Peak,0.734,57.612,71.195,13.865,21.362,0.84,67.109,27.413,8.279,1.38,Medium
Compute,Liquid,NA,Off-Peak,0.666,50.275,50.781,9.833,18.308,0.929,76.86,33.652,8.725,1.358,High
Compute,Liquid,APAC,Peak,0.347,34.031,67.588,10.076,24.838,0.828,80.672,52.363,6.468,1.312,High
Storage,Air,NA,Peak,0.598,58.213,74.712,16.939,24.903,0.803,53.614,24.637,5.94,1.499,Medium
Compute,Air,EU,Peak,0.32,32.584,31.875,7.084,28.375,0.908,58.123,15.749,10.756,1.465,Medium
Compute,Air,EU,Night,0.63,52.533,61.738,18.951,26.056,0.77,82.581,21.079,15.435,1.724,Low
Storage,Air,EU,Peak,0.489,47.006,35.892,14.807,23.918,0.997,77.518,20.193,13.729,1.576,Medium
Compute,Air,ME,Night,0.135,23.455,83.071,11.42,20.74,0.928,88.986,45.899,5.417,1.369,High
Compute,Air,APAC,Peak,0.761,72.739,79.886,15.261,25.457,0.807,82.401,49.178,7.235,1.347,High
Compute,Air,APAC,Off-Peak,0.347,37.508,59.282,7.649,28.575,0.856,89.325,54.054,7.302,1.438,Medium
GPU,Air,NA,Night,0.928,72.637,49.926,21.127,18.175,0.747,109.28,43.649,13.127,1.759,Low
Storage,Air,NA,Night,0.353,27.345,49.375,14.927,16.836,0.863,52.999,20.186,6.42,1.461,Medium
Storage,Hybrid,APAC,Peak,0.997,86.117,72.049,29.476,24.672,0.862,84.061,55.015,7.181,1.473,Medium
Storage,Liquid,ME,Off-Peak,0.517,46.693,85.649,9.315,21.474,0.99,56.239,28.623,3.009,1.604,Medium
Compute,Liquid,EU,Peak,0.124,17.581,64.893,3.812,18.191,1.0,67.049,16.391,12.371,1.458,Medium
Edge,Air,ME,Peak,0.169,28.085,62.275,6.64,22.501,0.903,47.688,25.61,2.604,1.427,Medium
Compute,Liquid,NA,Off-Peak,0.174,26.882,58.995,2.501,16.789,1.0,66.618,23.386,8.318,1.464,Medium
Storage,Liquid,NA,Peak,0.151,27.06,65.814,2.374,23.759,1.0,85.642,36.012,10.603,1.262,High
GPU,Hybrid,NA,Peak,0.341,36.485,83.999,10.632,28.966,0.868,103.396,43.407,11.84,1.624,Low
GPU,Liquid,EU,Peak,0.392,36.516,34.717,9.402,27.643,0.9,94.761,20.076,17.222,1.673,Low
Compute,Liquid,APAC,Peak,0.2,1.104,65.3,6.067,21.377,0.727,58.348,40.215,4.346,1.851,Low
Compute,Hybrid,NA,Peak,0.494,38.676,67.886,19.492,17.179,0.783,77.466,32.548,9.206,1.536,Low
GPU,Air,ME,Night,0.429,42.652,67.19,11.605,17.942,0.955,118.781,60.276,5.449,1.665,Low
Compute,Air,EU,Peak,0.673,0.197,78.927,18.631,24.353,0.672,72.804,17.51,12.811,1.581,Low
GPU,Liquid,EU,Off-Peak,0.276,23.941,71.165,12.718,19.429,0.869,93.381,20.691,16.583,1.192,High
GPU,Air,APAC,Off-Peak,0.923,68.115,77.335,12.875,25.138,0.937,128.592,77.616,9.684,1.494,Medium
GPU,Air,NA,Off-Peak,0.564,53.131,63.097,18.755,25.849,0.765,114.447,44.636,13.105,1.703,Low
Compute,Liquid,APAC,Off-Peak,0.661,58.459,73.643,21.209,22.414,1.0,81.005,48.226,6.243,1.138,High
GPU,Air,NA,Off-Peak,0.136,18.308,53.191,5.922,18.559,0.98,107.71,44.863,13.269,1.422,High
Storage,Liquid,NA,Off-Peak,0.603,49.894,71.924,31.161,15.0,1.0,105.12,41.544,12.419,1.144,High
GPU,Hybrid,EU,Peak,0.431,33.139,72.588,10.2,23.411,0.788,119.71,28.787,21.574,1.442,Medium
Compute,Air,ME,Night,0.932,68.382,58.414,20.901,20.215,0.83,100.385,52.113,5.223,1.421,Medium
Compute,Air,EU,Night,0.897,73.232,86.23,12.701,17.848,0.885,86.386,20.461,15.387,1.665,Low
Compute,Air,EU,Off-Peak,0.674,57.195,78.862,21.448,20.515,0.902,98.06,22.6,18.178,1.094,High
Compute,Air,APAC,Peak,0.791,70.292,44.086,19.811,27.167,0.94,70.87,43.627,5.26,1.372,High
Storage,Air,NA,Off-Peak,0.68,60.199,40.66,9.002,23.668,0.925,60.439,22.86,6.881,1.783,Low
Edge,Air,APAC,Off-Peak,0.115,18.576,69.914,4.766,26.151,0.846,36.655,19.927,2.574,1.609,Low
Compute,Air,EU,Off-Peak,0.733,61.102,47.954,29.369,23.561,0.864,109.724,26.894,20.231,1.596,Low
GPU,Air,NA,Off-Peak,0.259,32.197,50.262,15.817,18.929,0.829,113.609,46.967,12.772,1.487,Medium
Compute,Liquid,NA,Off-Peak,0.714,51.365,60.509,17.491,16.893,0.983,107.223,45.713,12.94,1.285,High
Compute,Hybrid,NA,Off-Peak,0.109,16.151,56.629,20.099,19.108,0.861,58.654,22.158,6.711,1.425,Medium
Compute,Liquid,NA,Peak,0.38,35.476,72.575,14.888,21.858,0.657,60.59,25.057,7.3,1.48,Low
Compute,Liquid,NA,Off-Peak,0.565,50.464,83.542,14.742,15.635,0.865,60.434,20.778,7.583,1.354,High
Edge,Air,NA,Peak,0.4,37.618,55.686,17.183,27.319,0.698,69.813,28.717,9.395,1.562,Low
Compute,Liquid,EU,Off-Peak,0.725,51.789,81.588,33.04,15.0,1.0,66.443,16.564,11.428,1.22,High
Storage,Air,EU,Peak,0.57,44.48,74.85,15.058,19.135,0.853,69.178,17.914,11.913,1.54,Medium
Storage,Air,EU,Peak,0.964,68.043,75.249,18.063,25.005,0.661,73.412,16.715,13.513,1.831,Low
Edge,Hybrid,NA,Peak,0.422,32.049,69.412,42.392,20.634,0.938,74.953,30.492,8.821,1.107,High
Compute,Air,APAC,Night,0.75,56.034,66.338,10.037,19.78,0.813,80.268,43.15,6.237,1.504,Medium
Compute,Air,NA,Off-Peak,0.852,64.134,69.885,21.443,26.543,0.631,102.791,40.811,13.153,1.689,Low
Compute,Hybrid,EU,Peak,0.328,29.909,69.492,9.996,18.694,0.828,65.164,13.257,11.686,1.473,Medium
Storage,Hybrid,NA,Off-Peak,0.779,64.026,52.224,9.141,24.241,0.767,68.279,28.965,7.437,1.782,Low
Compute,Air,EU,Off-Peak,0.454,34.943,49.828,14.35,23.839,0.845,55.497,15.484,9.569,1.624,Low
GPU,Air,NA,Off-Peak,0.216,20.788,66.423,37.026,21.292,0.919,83.151,35.882,10.86,1.375,High
Storage,Liquid,APAC,Off-Peak,0.103,12.358,70.321,13.254,17.606,0.859,71.256,41.494,5.606,1.317,High
Storage,Liquid,APAC,Peak,0.769,71.201,77.19,18.072,22.625,0.8,89.352,54.094,7.373,1.479,Medium
Storage,Air,APAC,Peak,0.268,41.236,54.785,8.776,26.612,0.784,59.203,34.629,5.029,1.452,Medium
Compute,Liquid,NA,Peak,0.146,14.646,57.232,22.296,18.976,0.915,56.746,23.452,6.296,1.32,High
Storage,Hybrid,NA,Off-Peak,0.547,42.542,45.126,17.19,22.285,0.961,67.472,25.558,7.86,1.158,High
Edge,Air,ME,Peak,0.412,40.117,67.944,8.459,24.344,0.92,44.05,21.654,2.14,1.817,Low
GPU,Hybrid,EU,Off-Peak,0.723,58.092,57.225,18.544,23.572,0.88,122.563,30.978,22.2,1.628,Low
GPU,Hybrid,ME,Peak,0.197,18.931,40.736,3.784,20.101,0.773,93.495,46.235,4.612,1.609,Low
GPU,Air,NA,Peak,0.219,22.491,80.501,5.082,23.819,0.672,120.443,51.39,14.664,1.521,Low
Compute,Liquid,ME,Night,0.464,41.961,65.917,16.151,15.0,0.996,68.53,36.611,2.791,1.25,High
Compute,Air,ME,Night,0.568,44.603,52.18,31.866,22.913,0.785,149.775,73.863,8.097,1.443,Medium
Compute,Liquid,EU,Peak,0.842,70.77,60.464,15.058,22.348,0.818,91.774,24.584,15.826,1.546,Low
Compute,Liquid,NA,Night,0.627,51.491,69.528,9.201,15.0,0.985,85.713,35.329,10.149,1.201,High
Compute,Air,EU,Off-Peak,0.912,72.868,54.04,19.013,26.581,0.771,84.233,22.916,15.785,2.059,Low
Storage,Liquid,ME,Off-Peak,0.296,28.946,80.11,9.542,15.461,1.0,53.564,25.039,3.75,1.329,High
Storage,Hybrid,APAC,Peak,0.637,54.407,34.593,21.086,24.535,0.639,73.676,45.206,4.866,1.713,Low
GPU,Air,NA,Peak,0.69,50.909,64.645,19.694,28.617,0.753,103.66,43.32,11.409,1.544,Low
GPU,Air,NA,Night,0.753,65.305,69.76,9.19,20.835,0.759,121.649,48.592,15.081,1.101,High
Edge,Air,APAC,Night,0.99,72.888,69.831,13.602,20.45,0.973,91.029,54.637,7.771,1.314,High
Compute,Liquid,EU,Off-Peak,0.521,43.854,76.682,14.515,20.18,1.0,62.683,17.153,11.371,1.563,Medium
Compute,Hybrid,APAC,Night,0.432,45.207,68.874,12.876,20.296,0.798,93.275,58.314,6.721,1.444,Medium
Storage,Hybrid,APAC,Off-Peak,0.867,67.654,66.582,16.664,22.449,0.79,69.375,44.772,5.487,1.694,Low
Compute,Air,ME,Peak,0.259,27.505,49.623,32.346,22.22,0.869,53.697,27.7,2.799,1.595,Low
Compute,Liquid,NA,Peak,0.133,20.026,47.955,20.833,19.154,0.998,63.251,25.851,8.178,1.586,Medium
Compute,Air,NA,Peak,0.499,41.679,73.1,15.896,27.173,0.662,88.204,34.2,9.049,1.676,Low
Compute,Air,NA,Off-Peak,0.322,25.721,50.716,19.767,24.527,0.773,50.651,20.626,5.932,1.502,Medium
Storage,Air,ME,Night,0.457,52.91,98.0,23.419,21.711,0.801,103.463,52.654,5.611,1.245,High
Storage,Air,EU,Off-Peak,0.987,72.261,81.065,16.595,21.054,0.641,59.801,12.096,10.176,1.587,Low
Storage,Liquid,NA,Off-Peak,0.414,34.954,64.667,15.94,15.0,1.0,51.699,22.99,6.146,1.271,High
Storage,Hybrid,NA,Off-Peak,0.737,54.909,68.23,16.003,18.036,0.936,54.288,19.517,5.563,1.498,Medium
Compute,Liquid,NA,Peak,0.325,38.811,45.83,6.398,20.502,0.803,55.661,20.637,6.359,1.549,Low
Compute,Liquid,APAC,Peak,0.373,32.379,74.102,9.903,24.038,1.0,67.622,43.45,5.13,1.261,High
Compute,Air,APAC,Off-Peak,0.319,28.536,43.613,12.529,19.849,0.654,67.489,42.962,5.511,1.483,Low
Compute,Hybrid,EU,Off-Peak,0.615,50.296,92.122,18.662,20.863,0.975,62.119,12.689,11.851,1.56,Medium
GPU,Liquid,NA,Night,0.303,31.79,75.754,7.108,15.325,1.0,89.682,32.664,10.477,1.289,High
GPU,Hybrid,ME,Peak,0.747,57.002,79.838,11.674,25.856,0.701,95.791,48.932,5.25,1.411,Medium
Storage,Air,NA,Off-Peak,0.712,67.92,81.108,17.426,25.712,0.691,177.289,70.916,21.275,1.643,Low
Compute,Liquid,EU,Off-Peak,0.479,36.977,69.37,7.988,19.361,1.0,57.461,13.829,11.34,1.574,Medium
Storage,Liquid,NA,Peak,0.123,16.596,59.463,7.018,23.481,0.903,47.076,16.072,5.489,1.423,Medium
Storage,Air,NA,Off-Peak,0.12,17.808,52.676,10.152,24.939,0.99,43.723,16.713,5.208,1.524,Medium
Storage,Liquid,NA,Peak,0.58,47.298,63.523,21.571,18.906,0.884,64.142,23.873,8.044,1.557,Medium
Storage,Hybrid,EU,Off-Peak,0.855,66.688,63.283,12.075,25.09,0.876,83.979,22.449,15.33,1.466,Medium
Storage,Air,EU,Off-Peak,0.639,57.268,70.441,8.899,23.075,0.919,80.93,18.595,14.748,1.651,Low
Storage,Air,NA,Peak,0.492,48.67,92.06,12.914,22.484,0.705,80.485,31.504,9.09,1.611,Low
GPU,Liquid,NA,Night,0.894,64.132,80.278,16.934,15.26,0.668,104.978,42.153,12.373,1.369,Medium
Compute,Air,APAC,Peak,0.277,32.339,42.911,17.22,25.049,0.694,61.164,35.471,4.72,1.878,Low
GPU,Liquid,NA,Peak,0.423,43.813,82.368,7.584,26.475,1.0,115.831,47.999,13.249,1.482,Medium
Compute,Liquid,NA,Off-Peak,0.609,49.714,49.854,25.261,16.97,0.903,76.245,28.504,9.371,1.179,High
Compute,Air,EU,Night,0.363,37.541,80.95,9.215,20.394,0.7,66.153,16.728,12.344,1.367,Medium
Edge,Hybrid,APAC,Peak,0.998,74.869,79.462,22.007,24.108,0.92,66.396,41.97,4.028,2.484,Low
Edge,Liquid,NA,Peak,0.507,39.466,68.843,27.634,16.923,1.0,60.22,20.676,7.319,1.515,Medium
Compute,Hybrid,ME,Off-Peak,0.147,14.749,74.996,16.247,19.31,0.933,53.269,25.62,2.231,1.311,High
Storage,Liquid,NA,Peak,0.258,22.28,82.378,25.069,23.596,0.836,50.064,17.316,6.828,1.606,Low
Compute,Hybrid,NA,Peak,0.579,43.48,62.138,18.454,21.189,0.977,64.995,23.88,8.005,1.432,High
Storage,Air,NA,Peak,0.595,47.094,39.719,15.235,28.102,0.749,92.488,38.762,11.315,1.948,Low
GPU,Air,EU,Night,0.986,72.916,86.028,10.25,16.015,0.763,137.231,33.576,23.296,1.336,Medium
Edge,Air,NA,Night,0.64,48.992,52.858,24.329,22.721,0.765,51.952,23.27,5.643,1.417,Medium
Storage,Air,EU,Peak,0.7,57.34,57.205,11.339,20.838,0.778,73.331,18.672,12.702,1.746,Low
Compute,Hybrid,NA,Off-Peak,0.292,29.179,65.385,12.58,22.095,0.801,58.4,24.89,7.184,1.361,Medium
Storage,Air,NA,Peak,0.196,17.278,52.404,13.918,24.739,0.905,61.22,28.131,6.935,1.514,Medium
Compute,Hybrid,APAC,Off-Peak,0.642,52.095,57.428,11.279,25.15,0.861,96.217,58.562,7.765,1.521,Medium
Edge,Air,APAC,Peak,0.878,68.192,66.741,14.286,25.655,0.698,80.442,49.281,6.18,1.652,Low
GPU,Air,NA,Peak,0.629,46.939,85.402,10.652,27.102,0.896,94.513,40.471,10.359,1.376,High
Storage,Hybrid,EU,Off-Peak,0.499,43.92,57.484,42.803,21.89,0.922,51.11,15.95,9.239,1.529,Medium
Compute,Air,EU,Peak,0.62,49.604,67.812,12.07,25.833,0.74,86.008,16.554,14.971,1.635,Low
Compute,Liquid,NA,Peak,0.522,48.341,83.671,12.724,26.428,0.913,92.596,37.713,10.624,1.719,Low
Compute,Air,EU,Night,0.228,18.758,55.993,7.008,21.66,0.863,45.873,9.538,7.459,1.27,High
GPU,Hybrid,NA,Night,0.767,56.248,55.558,16.95,17.813,0.954,121.689,50.233,14.543,1.296,High
Storage,Liquid,EU,Peak,0.58,42.135,62.371,9.522,21.139,1.0,93.919,20.559,16.293,1.251,High
Compute,Liquid,APAC,Off-Peak,0.459,35.393,33.904,9.12,15.0,0.718,76.047,45.829,6.689,1.422,Medium
Storage,Air,NA,Off-Peak,0.604,56.634,68.811,20.261,21.002,0.864,71.436,28.912,8.407,1.468,Medium
GPU,Air,NA,Off-Peak,0.317,28.399,55.819,8.014,19.286,0.86,88.15,35.525,10.533,1.554,Medium
Compute,Hybrid,NA,Night,0.485,40.349,47.971,29.86,17.046,0.972,59.117,18.618,6.155,1.418,High
GPU,Hybrid,ME,Off-Peak,0.66,50.828,98.0,52.198,17.015,0.796,105.662,53.331,5.752,1.684,Low
GPU,Air,APAC,Off-Peak,0.304,25.825,45.7,4.047,27.464,0.925,89.234,53.355,7.807,1.652,Low
Edge,Air,NA,Peak,0.774,57.517,85.923,11.054,29.612,0.875,64.491,25.339,8.207,1.329,High
Compute,Air,EU,Off-Peak,0.569,44.167,76.121,25.319,22.134,0.739,106.477,24.309,19.225,1.586,Low
Compute,Air,NA,Off-Peak,0.876,63.226,66.319,18.249,19.96,0.716,89.359,33.321,10.902,1.363,Medium
